Reference,Associated Study Title,Enrollment Years,Study Factors,Stressor Source Category,Exposure Stressor,Stressor Source Details,Number of Stressor Samples,Stressor Notes,Number of Receptors,Receptors,Receptor Notes,Smoking Status,Age,Sex,Race,Methods,LOD/LOQ,Detection Frequency (%),Medium,Exposure Marker,Marker Level,Measurement Statistic,Assay Notes,Country,State or Province,"City, Town, Region or Area",Exposure Event Notes,Outcome Relationship,Disease,Phenotype,Anatomy,Exposure Outcome Notes
31026035,Prospective Investigation of the Vasculature in Uppsala Seniors (PIVUS),2001-2004,,Dietary|Environmental,"2,2',3,3',4,4',5-heptachlorobiphenyl","environment and high-fat foods including dairy, eggs, and animal fats",,,814,Study subjects,,6% Current smoker,80 years (mean),49% Males (Only)|51% Females (Only),,Cox proportional hazard analysis,,,,,,,,Sweden,,Uppsala,,positive correlation,Cardiovascular Diseases,,,significant association between PCB 170 plasma levels and cardiovascular disease mortality
31026035,Prospective Investigation of the Vasculature in Uppsala Seniors (PIVUS),2001-2004,,Dietary|Environmental,"2,3,3',4,4',5-hexachlorobiphenyl","environment and high-fat foods including dairy, eggs, and animal fats",,,814,Study subjects,,6% Current smoker,80 years (mean),49% Males (Only)|51% Females (Only),,Cox proportional hazard analysis,,,,,,,,Sweden,,Uppsala,,prediction/hypothesis,Cardiovascular Diseases,,,significant association between PCB 156 plasma levels and cardiovascular disease mortality
31026035,Prospective Investigation of the Vasculature in Uppsala Seniors (PIVUS),2001-2004,,Dietary|Environmental,"2,3,4,5,3',4',5'-heptachlorobiphenyl","environment and high-fat foods including dairy, eggs, and animal fats",,,814,Study subjects,,6% Current smoker,80 years (mean),49% Males (Only)|51% Females (Only),,Cox proportional hazard analysis,,,,,,,,Sweden,,Uppsala,,positive correlation,Cardiovascular Diseases,,,significant association between PCB 189 plasma levels and cardiovascular disease mortality
23984298,Northway Health Study (NHS),2000-2000,,Environmental,"2,4,5-Trichlorophenoxyacetic Acid",use of Agent Orange-sprayed HFP corridor,,,,Study subjects,,,,,,survey method,,,,,,,,United States,Alaska,Northway,,prediction/hypothesis,Cardiovascular Diseases,,,
20187939,National Health and Nutrition Examination Survey (NHANES),1988-1994,,Commercial product|Environmental,"2,4-Dichlorophenoxyacetic Acid",Herbicides,,,727,Study subjects,,,20-59 years (range),Both Males and Females,35% Black|25% Mexican-American|2% Other|37% White,,,,urine,"2,4-Dichlorophenoxyacetic Acid",,,,United States,,,,prediction/hypothesis,Heart Diseases,,,
27023119,,2012-2013,,Environmental,acenaphthene,,,,170,Subjects with disease:Hypertension,housewives,67% Non-smoker|33% Passive smoker,>=30 years (range),100% Females (Only),,gas chromatography-mass spectrometry,,90.0,hair,acenaphthene,22.8 nanograms per gram,median,,China,Shanxi Province,,,,,,,
27023119,,2012-2013,,Environmental,acenaphthene,,,,170,Subjects with disease:Hypertension,housewives,67% Non-smoker|33% Passive smoker,>=30 years (range),100% Females (Only),,gas chromatography-mass spectrometry,,90.0,hair,acenaphthene,12.2-38.6 nanograms per gram,interquartile range,,China,Shanxi Province,,,,,,,
27023119,,2012-2013,,Environmental,acenaphthene,,,,235,Controls for disease:Hypertension,housewives,61% Non-smoker|39% Passive smoker,>=30 years (range),100% Females (Only),,gas chromatography-mass spectrometry,,90.0,hair,acenaphthene,33.5 nanograms per gram,median,,China,Shanxi Province,,,,,,,
27023119,,2012-2013,,Environmental,acenaphthene,,,,235,Controls for disease:Hypertension,housewives,61% Non-smoker|39% Passive smoker,>=30 years (range),100% Females (Only),,gas chromatography-mass spectrometry,,90.0,hair,acenaphthene,18.5-54.3 nanograms per gram,interquartile range,,China,Shanxi Province,,,,,,,
27023119,,2012-2013,,Environmental,acenaphthylene,,,,170,Subjects with disease:Hypertension,housewives,67% Non-smoker|33% Passive smoker,>=30 years (range),100% Females (Only),,gas chromatography-mass spectrometry,,88.0,hair,acenaphthylene,10.9 nanograms per gram,median,,China,Shanxi Province,,,,,,,
27023119,,2012-2013,,Environmental,acenaphthylene,,,,170,Subjects with disease:Hypertension,housewives,67% Non-smoker|33% Passive smoker,>=30 years (range),100% Females (Only),,gas chromatography-mass spectrometry,,88.0,hair,acenaphthylene,4.86-24.4 nanograms per gram,interquartile range,,China,Shanxi Province,,,,,,,
27023119,,2012-2013,,Environmental,acenaphthylene,,,,235,Controls for disease:Hypertension,housewives,61% Non-smoker|39% Passive smoker,>=30 years (range),100% Females (Only),,gas chromatography-mass spectrometry,,73.0,hair,acenaphthylene,4.47 nanograms per gram,median,,China,Shanxi Province,,,,,,,
27023119,,2012-2013,,Environmental,acenaphthylene,,,,235,Controls for disease:Hypertension,housewives,61% Non-smoker|39% Passive smoker,>=30 years (range),100% Females (Only),,gas chromatography-mass spectrometry,,73.0,hair,acenaphthylene,1.33-10.2 nanograms per gram,interquartile range,,China,Shanxi Province,,,,,,,
27023119,,2012-2013,,Environmental,acenaphthylene,,,,405,Study subjects,housewives,68% Non-smoker|32% Passive smoker,>=30 years (range),100% Females (Only),,unconditional logistic regression analysis,,,,,,,,China,Shanxi Province,,,positive correlation,Hypertension,,,"concentrations of acenaphthylene above median were associated with increased risk of Hypertension, adjusted odds ratio = 2.76 (95% CI: 1.65-4.63)"
25099132,Louisville Healthy Heart Study,2009-2011,,Environmental,Acrolein,,,,211,Study subjects,,,,53% Males (Only)|47% Females (Only),41% Black|2% Hispanic|57% White,gas chromatography-mass spectrometry | generalized linear models,,,urine,S-(3-hydroxypropyl)cysteine N-acetate,,,,United States,Kentucky,,,positive correlation,Cardiovascular Diseases,,,increased cardiovascular disease risk
12916744,,1995-1996,,Occupational,Agent Orange,chemical exposure in Vietnam,,,"1,224",Veterans,Korean Vietnam veterans,75% Current smoker|25% Non-smoker,45-64 years (range),100% Males (Only),100% Korean,Cochran-Mantel-Haenszel chi-square tests | estimation based on service and survey method | multiple logistic regression,,,,,,,,Vietnam,,,,positive correlation,Hypertension,,,odds ratio (OR) = 2.29 (95% CI: 1.33-3.95)
12916744,,1995-1996,,Occupational,Agent Orange,chemical exposure in Vietnam,,,"1,224",Veterans,Korean Vietnam veterans,75% Current smoker|25% Non-smoker,45-64 years (range),100% Males (Only),100% Korean,Cochran-Mantel-Haenszel chi-square tests | estimation based on service and survey method | multiple logistic regression,,,,,,,,Vietnam,,,,positive correlation,Myocardial Ischemia,,,significantly increased risk of ischemic heart disease (p<0.01)
12916744,,1995-1996,,Occupational,Agent Orange,chemical exposure in Vietnam,,,"1,224",Veterans,Korean Vietnam veterans,75% Current smoker|25% Non-smoker,45-64 years (range),100% Males (Only),100% Korean,Cochran-Mantel-Haenszel chi-square tests | estimation based on service and survey method | multiple logistic regression,,,,,,,,Vietnam,,,,positive correlation,Heart Valve Diseases,,,significantly increased risk of valvular heart disease (p<0.01)
27072425,,2007-2012,,Commercial product|Environmental,Air Pollutants,traffic,,,362,Subjects with disease:ST Elevation Myocardial Infarction,,44% Current smoker,62.3 years (mean),68% Males (Only)|32% Females (Only),15% Black|2% Hispanic|10% Other|74% White,aethalometer (for soot) | Cardiac Catheterization Laboratory Database | New York State Department of Environmental Conservation,,,"air, ambient",Soot,0.58 micrograms per cubic meter,mean,"black carbon, whole year hourly pollutant concentration",United States,New York,Monroe County,,,,,,
27072425,,2007-2012,,Commercial product|Environmental,Air Pollutants,traffic,,,362,Subjects with disease:ST Elevation Myocardial Infarction,,44% Current smoker,62.3 years (mean),68% Males (Only)|32% Females (Only),15% Black|2% Hispanic|10% Other|74% White,aethalometer (for soot) | Cardiac Catheterization Laboratory Database | New York State Department of Environmental Conservation,,,"air, ambient",Soot,0.24 micrograms per cubic meter,25th percentile,"black carbon, whole year hourly pollutant concentration",United States,New York,Monroe County,,,,,,
27072425,,2007-2012,,Commercial product|Environmental,Air Pollutants,traffic,,,362,Subjects with disease:ST Elevation Myocardial Infarction,,44% Current smoker,62.3 years (mean),68% Males (Only)|32% Females (Only),15% Black|2% Hispanic|10% Other|74% White,aethalometer (for soot) | Cardiac Catheterization Laboratory Database | New York State Department of Environmental Conservation,,,"air, ambient",Soot,0.44 micrograms per cubic meter,median,"black carbon, whole year hourly pollutant concentration",United States,New York,Monroe County,,,,,,
27072425,,2007-2012,,Commercial product|Environmental,Air Pollutants,traffic,,,362,Subjects with disease:ST Elevation Myocardial Infarction,,44% Current smoker,62.3 years (mean),68% Males (Only)|32% Females (Only),15% Black|2% Hispanic|10% Other|74% White,aethalometer (for soot) | Cardiac Catheterization Laboratory Database | New York State Department of Environmental Conservation,,,"air, ambient",Soot,0.77 micrograms per cubic meter,75th percentile,"black carbon, whole year hourly pollutant concentration",United States,New York,Monroe County,,,,,,
27072425,,2007-2012,,Commercial product|Environmental,Air Pollutants,traffic,,,362,Subjects with disease:ST Elevation Myocardial Infarction,,44% Current smoker,62.3 years (mean),68% Males (Only)|32% Females (Only),15% Black|2% Hispanic|10% Other|74% White,aethalometer (for soot) | Cardiac Catheterization Laboratory Database | New York State Department of Environmental Conservation,,,"air, ambient",Soot,11.74 micrograms per cubic meter,maximum,"black carbon, whole year hourly pollutant concentration",United States,New York,Monroe County,,,,,,
27072425,,2007-2012,,Commercial product|Environmental,Air Pollutants,traffic,,,362,Subjects with disease:ST Elevation Myocardial Infarction,,44% Current smoker,62.3 years (mean),68% Males (Only)|32% Females (Only),15% Black|2% Hispanic|10% Other|74% White,aethalometer (for soot) | Cardiac Catheterization Laboratory Database | New York State Department of Environmental Conservation,,,"air, ambient",Soot,0.51 micrograms per cubic meter,mean,"black carbon, November-April hourly pollutant concentration",United States,New York,Monroe County,,,,,,
27072425,,2007-2012,,Commercial product|Environmental,Air Pollutants,traffic,,,362,Subjects with disease:ST Elevation Myocardial Infarction,,44% Current smoker,62.3 years (mean),68% Males (Only)|32% Females (Only),15% Black|2% Hispanic|10% Other|74% White,aethalometer (for soot) | Cardiac Catheterization Laboratory Database | New York State Department of Environmental Conservation,,,"air, ambient",Soot,0.22 micrograms per cubic meter,25th percentile,"black carbon, November-April hourly pollutant concentration",United States,New York,Monroe County,,,,,,
27072425,,2007-2012,,Commercial product|Environmental,Air Pollutants,traffic,,,362,Subjects with disease:ST Elevation Myocardial Infarction,,44% Current smoker,62.3 years (mean),68% Males (Only)|32% Females (Only),15% Black|2% Hispanic|10% Other|74% White,aethalometer (for soot) | Cardiac Catheterization Laboratory Database | New York State Department of Environmental Conservation,,,"air, ambient",Soot,0.38 micrograms per cubic meter,median,"black carbon, November-April hourly pollutant concentration",United States,New York,Monroe County,,,,,,
27072425,,2007-2012,,Commercial product|Environmental,Air Pollutants,traffic,,,362,Subjects with disease:ST Elevation Myocardial Infarction,,44% Current smoker,62.3 years (mean),68% Males (Only)|32% Females (Only),15% Black|2% Hispanic|10% Other|74% White,aethalometer (for soot) | Cardiac Catheterization Laboratory Database | New York State Department of Environmental Conservation,,,"air, ambient",Soot,0.64 micrograms per cubic meter,75th percentile,"black carbon, November-April hourly pollutant concentration",United States,New York,Monroe County,,,,,,
27072425,,2007-2012,,Commercial product|Environmental,Air Pollutants,traffic,,,362,Subjects with disease:ST Elevation Myocardial Infarction,,44% Current smoker,62.3 years (mean),68% Males (Only)|32% Females (Only),15% Black|2% Hispanic|10% Other|74% White,aethalometer (for soot) | Cardiac Catheterization Laboratory Database | New York State Department of Environmental Conservation,,,"air, ambient",Soot,5.8 micrograms per cubic meter,maximum,"black carbon, November-April hourly pollutant concentration",United States,New York,Monroe County,,,,,,
27072425,,2007-2012,,Commercial product|Environmental,Air Pollutants,traffic,,,362,Subjects with disease:ST Elevation Myocardial Infarction,,44% Current smoker,62.3 years (mean),68% Males (Only)|32% Females (Only),15% Black|2% Hispanic|10% Other|74% White,aethalometer (for soot) | Cardiac Catheterization Laboratory Database | New York State Department of Environmental Conservation,,,"air, ambient",Soot,0.65 micrograms per cubic meter,mean,"black carbon, May-October hourly pollutant concentration",United States,New York,Monroe County,,,,,,
27072425,,2007-2012,,Commercial product|Environmental,Air Pollutants,traffic,,,362,Subjects with disease:ST Elevation Myocardial Infarction,,44% Current smoker,62.3 years (mean),68% Males (Only)|32% Females (Only),15% Black|2% Hispanic|10% Other|74% White,aethalometer (for soot) | Cardiac Catheterization Laboratory Database | New York State Department of Environmental Conservation,,,"air, ambient",Soot,0.27 micrograms per cubic meter,25th percentile,"black carbon, May-October hourly pollutant concentration",United States,New York,Monroe County,,,,,,
27072425,,2007-2012,,Commercial product|Environmental,Air Pollutants,traffic,,,362,Subjects with disease:ST Elevation Myocardial Infarction,,44% Current smoker,62.3 years (mean),68% Males (Only)|32% Females (Only),15% Black|2% Hispanic|10% Other|74% White,aethalometer (for soot) | Cardiac Catheterization Laboratory Database | New York State Department of Environmental Conservation,,,"air, ambient",Soot,0.52 micrograms per cubic meter,median,"black carbon, May-October hourly pollutant concentration",United States,New York,Monroe County,,,,,,
27072425,,2007-2012,,Commercial product|Environmental,Air Pollutants,traffic,,,362,Subjects with disease:ST Elevation Myocardial Infarction,,44% Current smoker,62.3 years (mean),68% Males (Only)|32% Females (Only),15% Black|2% Hispanic|10% Other|74% White,aethalometer (for soot) | Cardiac Catheterization Laboratory Database | New York State Department of Environmental Conservation,,,"air, ambient",Soot,0.89 micrograms per cubic meter,75th percentile,"black carbon, May-October hourly pollutant concentration",United States,New York,Monroe County,,,,,,
27072425,,2007-2012,,Commercial product|Environmental,Air Pollutants,traffic,,,362,Subjects with disease:ST Elevation Myocardial Infarction,,44% Current smoker,62.3 years (mean),68% Males (Only)|32% Females (Only),15% Black|2% Hispanic|10% Other|74% White,aethalometer (for soot) | Cardiac Catheterization Laboratory Database | New York State Department of Environmental Conservation,,,"air, ambient",Soot,11.74 micrograms per cubic meter,maximum,"black carbon, May-October hourly pollutant concentration",United States,New York,Monroe County,,,,,,
27072425,,2007-2012,,Commercial product|Environmental,Air Pollutants,traffic,,,362,Subjects with disease:ST Elevation Myocardial Infarction,,44% Current smoker,62.3 years (mean),68% Males (Only)|32% Females (Only),15% Black|2% Hispanic|10% Other|74% White,aethalometer (for soot) | Cardiac Catheterization Laboratory Database | New York State Department of Environmental Conservation,,,"air, ambient",Soot,,,,United States,New York,Monroe County,,no correlation,ST Elevation Myocardial Infarction,,,
27082954,CATHeterization GENetics (CATHGEN),2001-2011,genetics,Commercial product|Environmental,Air Pollutants,traffic exposure,,,554,Subjects with gene influence:BMP2,African-Americans,,56.3 years (mean),Both Males and Females,100% Black,,,,,,,,,United States,North Carolina,,,positive correlation,Peripheral Arterial Disease,,,
27082954,CATHeterization GENetics (CATHGEN),2001-2011,genetics,Commercial product|Environmental,Air Pollutants,traffic exposure,,,"1,623",Subjects with gene influence:BMP2,European-Americans,,61.2 years (mean),Both Males and Females,100% White,,,,,,,,,United States,North Carolina,,,positive correlation,Peripheral Arterial Disease,,,
27082954,CATHeterization GENetics (CATHGEN),2001-2011,genetics,Commercial product|Environmental,Air Pollutants,traffic exposure,,,"1,623",Subjects with gene influence:BMP8A,"rs755249, European-Americans",,61.2 years (mean),Both Males and Females,100% White,,,,,,,,,United States,North Carolina,,,positive correlation,Peripheral Arterial Disease,,,
28953453,"Danish Diet, Cancer, and Health Study (DCH)",1993-1997,genetics,Environmental,Air Pollutants,air pollution,,,"2,550",Subjects with disease:Heart Failure,,49% Current smoker|28% Former smoker|23% Never smoker,59.3 years (mean),64% Males (Only)|36% Females (Only),,AirGIS dispersion modeling,,,air,Nitrogen Dioxide,16.9 micrograms per cubic meter,median,,Denmark,,,,,,,,
28953453,"Danish Diet, Cancer, and Health Study (DCH)",1993-1997,genetics,Environmental,Air Pollutants,air pollution,,,"2,550",Subjects with disease:Heart Failure,,49% Current smoker|28% Former smoker|23% Never smoker,59.3 years (mean),64% Males (Only)|36% Females (Only),,AirGIS dispersion modeling,,,air,Nitrogen Dioxide,12.3 micrograms per cubic meter,5th percentile,,Denmark,,,,,,,,
28953453,"Danish Diet, Cancer, and Health Study (DCH)",1993-1997,genetics,Environmental,Air Pollutants,air pollution,,,"2,550",Subjects with disease:Heart Failure,,49% Current smoker|28% Former smoker|23% Never smoker,59.3 years (mean),64% Males (Only)|36% Females (Only),,AirGIS dispersion modeling,,,air,Nitrogen Dioxide,34.6 micrograms per cubic meter,95th percentile,,Denmark,,,,,,,,
29114965,EPICOR Study | European Prospective Investigation into Cancer and Nutrition (EPIC),1993-1998,,Environmental,Air Pollutants,air pollution,,,"14,712",Study subjects,mixed population of 661 cases of Cardiovascular and Cerebrovascular Disorders and 14051 controls,100% Non-smoker,35-65 years (range),Both Males and Females,,,,,,,,,,Italy,,,,positive correlation,Cardiovascular Diseases,,,"hazard ratio = 1.04 (95% CI 1.00-1.07), p=0.04 for each increase of 10 micrograms per cubic meter"
29114965,EPICOR Study | European Prospective Investigation into Cancer and Nutrition (EPIC),1993-1998,,Environmental,Air Pollutants,air pollution,,,"14,712",Study subjects,mixed population of 661 cases of Cardiovascular and Cerebrovascular Disorders and 14051 controls,100% Non-smoker,35-65 years (range),Both Males and Females,,,,,,,,,,Italy,,,,positive correlation,Cardiovascular Diseases,,,"hazard ratio = 1.29 (95% CI 1.05-1.60), p=0.02 for each increase of 5 micrograms per cubic meter"
29114965,EPICOR Study | European Prospective Investigation into Cancer and Nutrition (EPIC),1993-1998,,Environmental,Air Pollutants,air pollution,,,"14,712",Study subjects,mixed population of 661 cases of Cardiovascular and Cerebrovascular Disorders and 14051 controls,100% Non-smoker,35-65 years (range),Both Males and Females,,,,,,,,,,Italy,,,,positive correlation,Cerebrovascular Disorders,,,"hazard ratio = 1.04 (95% CI 1.00-1.07), p=0.04 for each increase of 10 micrograms per cubic meter"
29114965,EPICOR Study | European Prospective Investigation into Cancer and Nutrition (EPIC),1993-1998,,Environmental,Air Pollutants,air pollution,,,"14,712",Study subjects,mixed population of 661 cases of Cardiovascular and Cerebrovascular Disorders and 14051 controls,100% Non-smoker,35-65 years (range),Both Males and Females,,,,,,,,,,Italy,,,,positive correlation,Cerebrovascular Disorders,,,"hazard ratio = 1.29 (95% CI 1.05-1.60), p=0.02 for each increase of 5 micrograms per cubic meter"
29114965,EPICOR Study | European Prospective Investigation into Cancer and Nutrition (EPIC),1993-1998,,Environmental,Air Pollutants,air pollution,,,"18,982",Study subjects,mixed population of 948 cases of Cardiovascular and Cerebrovascular Disorders and 18034 controls,Current smoker|Non-smoker,35-65 years (range),Both Males and Females,,,,,,,,,,Italy,,,,positive correlation,Cardiovascular Diseases,,,"hazard ratio = 1.04 (95% CI 1.01-1.08), p=0.003 for each increase of 10 micrograms per cubic meter"
29114965,EPICOR Study | European Prospective Investigation into Cancer and Nutrition (EPIC),1993-1998,,Environmental,Air Pollutants,air pollution,,,"18,982",Study subjects,mixed population of 948 cases of Cardiovascular and Cerebrovascular Disorders and 18034 controls,Current smoker|Non-smoker,35-65 years (range),Both Males and Females,,,,,,,,,,Italy,,,,positive correlation,Cardiovascular Diseases,,,"hazard ratio = 1.01 (95% CI 1.00-1.03), p=0.02 for each increase of 10 micrograms per cubic meter"
29114965,EPICOR Study | European Prospective Investigation into Cancer and Nutrition (EPIC),1993-1998,,Environmental,Air Pollutants,air pollution,,,"18,982",Study subjects,mixed population of 948 cases of Cardiovascular and Cerebrovascular Disorders and 18034 controls,Current smoker|Non-smoker,35-65 years (range),Both Males and Females,,,,,,,,,,Italy,,,,positive correlation,Cardiovascular Diseases,,,"hazard ratio = 1.29 (95% CI 1.08-1.55), p=0.006 for each increase of 5 micrograms per cubic meter"
29114965,EPICOR Study | European Prospective Investigation into Cancer and Nutrition (EPIC),1993-1998,,Environmental,Air Pollutants,air pollution,,,"18,982",Study subjects,mixed population of 948 cases of Cardiovascular and Cerebrovascular Disorders and 18034 controls,Current smoker|Non-smoker,35-65 years (range),Both Males and Females,,,,,,,,,,Italy,,,,positive correlation,Cerebrovascular Disorders,,,"hazard ratio = 1.04 (95% CI 1.01-1.08), p=0.003 for each increase of 10 micrograms per cubic meter"
29114965,EPICOR Study | European Prospective Investigation into Cancer and Nutrition (EPIC),1993-1998,,Environmental,Air Pollutants,air pollution,,,"18,982",Study subjects,mixed population of 948 cases of Cardiovascular and Cerebrovascular Disorders and 18034 controls,Current smoker|Non-smoker,35-65 years (range),Both Males and Females,,,,,,,,,,Italy,,,,positive correlation,Cerebrovascular Disorders,,,"hazard ratio = 1.01 (95% CI 1.00-1.03), p=0.02 for each increase of 10 micrograms per cubic meter"
29114965,EPICOR Study | European Prospective Investigation into Cancer and Nutrition (EPIC),1993-1998,,Environmental,Air Pollutants,air pollution,,,"18,982",Study subjects,mixed population of 948 cases of Cardiovascular and Cerebrovascular Disorders and 18034 controls,Current smoker|Non-smoker,35-65 years (range),Both Males and Females,,,,,,,,,,Italy,,,,positive correlation,Cerebrovascular Disorders,,,"hazard ratio = 1.29 (95% CI 1.08-1.55), p=0.006 for each increase of 5 micrograms per cubic meter"
28953453,"Danish Diet, Cancer, and Health Study (DCH)",1993-1997,genetics,Environmental,Air Pollutants,air pollution,,,"50,594",Study subjects,total cohort of subjects who did and did not develop heart failure,36% Current smoker|28% Former smoker|36% Never smoker,56.2 years (mean),47% Males (Only)|53% Females (Only),,Cox proportional hazard model,,,,,,,,Denmark,,,,positive correlation,Heart Failure,,,
26765444,,2003-2013,,Environmental,Air Pollutants,air pollution,,,"1,200,000",Study subjects,resident population of Panama City,,,,,Poisson regression model,,,"air, ambient",Particulate Matter,,,,Panama,,Panama City,,positive correlation,Cardiovascular Diseases,,,"for PM10 levels greater than 40 micrograms per cubic meter, found an increase in cardiovascular mortality of 9.7%"
30721825,,2018-2018,,Environmental,Air Pollutants,"air pollution, residential with illegal electronic waste recycling",,particulate matter with aerodynamic diameter <=10 microns,132,Study subjects,"50 subjects from site I, 54 from site II, 28 from site III",,,,,one-way ANOVA,,,,,,,,India,,Moradabad City,,positive correlation,Hypertension,,,"statistically significant correlation between e-waste recycling at site III and control site I with hypertension, p=0.0006"
30721825,,2018-2018,,Environmental,Air Pollutants,"air pollution, residential with illegal electronic waste recycling",,particulate matter with aerodynamic diameter <=10 microns,132,Study subjects,"50 subjects from site I, 54 from site II, 28 from site III",,,,,one-way ANOVA,,,,,,,,India,,Moradabad City,,prediction/hypothesis,Cardiovascular Diseases,,,
21776219,,2003-2008,,Environmental,Air Pollutants,ambient air,,,,Study subjects,,,,,,,,,"air, ambient",Particulate Matter,,,,China,,Beijing,,positive correlation,Cardiovascular Diseases,,,
21776219,,2003-2008,,Environmental,Air Pollutants,ambient air,,,,Study subjects,,,,,,,,,"air, ambient",Sulfur Dioxide,,,,China,,Beijing,,positive correlation,Cardiovascular Diseases,,,
21776219,,2003-2008,,Environmental,Air Pollutants,ambient air,,,,Study subjects,,,,,,,,,"air, ambient",Nitrogen Dioxide,,,,China,,Beijing,,positive correlation,Cardiovascular Diseases,,,
32620124,,2014-2017,,Environmental,Air Pollutants,biomass burning,,,,,,,,,,daily outpatient hospital visits | generalised linear models using Poisson regression | ground-based monitors,,,"air, ambient",Particulate Matter,,,,Thailand,,,,positive correlation,Cerebrovascular Disorders,,,"daily PM10 and outpatient visits elevated most on same day as exposure for cerebrovascular disease, IRR = 1.020 (95% CI: 1.004, 1.035)"
26884048,,2011-2012,age,Environmental,Air Pollutants,diesel vehicle exhaust,,,,Study subjects,in both adults and elderly,,>15 years (range),,,ClearfLo project | emergency hospital admissions,,,"air, ambient",Carbon,,,,United Kingdom,,London,England,positive correlation,Cardiovascular Diseases,,,
26884048,,2011-2012,age,Environmental,Air Pollutants,diesel vehicle exhaust,,,,Study subjects,in both adults and elderly,,>15 years (range),,,ClearfLo project | emergency hospital admissions,,,"air, ambient",Soot,,,,United Kingdom,,London,England,positive correlation,Cardiovascular Diseases,,,
20161713,B-Vitamin Atherosclerosis Intervention Trial (BVAIT) | Estrogen in the Prevention of Atherosclerosis Trial (EPAT) | Troglitazone Atherosclerosis Regression Trial (TART) | Vitamin E Atherosclerosis Prevention Study (VEAPS) | Women's Estrogen-Progestin Lipid-Lowering Hormone Atherosclerosis Regression Trial (WELL-HART),1994-2006,,Environmental,Air Pollutants,home outdoor air,,,"1,483",Study subjects,,,30-89 years (range),Both Males and Females,32% Hispanic|18% Other|50% White,,,,air,Particulate Matter,,,Particulate Matter <= 2.5 microns in diameter,United States,,Los Angeles,,positive correlation,Atherosclerosis,,,
24056475,Stockholm Heart Epidemiology Program (SHEEP),,genetics,Environmental,Air Pollutants,long-term source specific heating-SO2,,,"1,192",Subjects with disease:Myocardial Infarction,,49% Current smoker|26% Former smoker|25% Never smoker,59.3 years (mean),71% Males (Only)|29% Females (Only),,geographical information system,,,"air, ambient",Sulfur Dioxide,2.8 micrograms per cubic meter,mean,"heating-SO2, 1 year average long-term exposure for cases",Sweden,,,,,,,,
24056475,Stockholm Heart Epidemiology Program (SHEEP),,genetics,Environmental,Air Pollutants,long-term source specific heating-SO2,,,"1,192",Subjects with disease:Myocardial Infarction,,49% Current smoker|26% Former smoker|25% Never smoker,59.3 years (mean),71% Males (Only)|29% Females (Only),,geographical information system,,,"air, ambient",Sulfur Dioxide,4.8 micrograms per cubic meter,mean,"heating-SO2, 5 years average long-term exposure for cases",Sweden,,,,,,,,
24056475,Stockholm Heart Epidemiology Program (SHEEP),,genetics,Environmental,Air Pollutants,long-term source specific heating-SO2,,,"1,192",Subjects with disease:Myocardial Infarction,,49% Current smoker|26% Former smoker|25% Never smoker,59.3 years (mean),71% Males (Only)|29% Females (Only),,geographical information system,,,"air, ambient",Sulfur Dioxide,26.3 micrograms per cubic meter,mean,"heating-SO2, 30 year averages long-term exposure for cases",Sweden,,,,,,,,
24056475,Stockholm Heart Epidemiology Program (SHEEP),,genetics,Environmental,Air Pollutants,long-term source specific heating-SO2,,,"1,506",Controls for disease:Myocardial Infarction,,29% Current smoker|31% Former smoker|40% Never smoker,60 years (mean),67% Males (Only)|33% Females (Only),,geographical information system,,,"air, ambient",Sulfur Dioxide,2.8 micrograms per cubic meter,mean,"heating-SO2, 1 year average long-term exposure for controls",Sweden,,,,,,,,
24056475,Stockholm Heart Epidemiology Program (SHEEP),,genetics,Environmental,Air Pollutants,long-term source specific heating-SO2,,,"1,506",Controls for disease:Myocardial Infarction,,29% Current smoker|31% Former smoker|40% Never smoker,60 years (mean),67% Males (Only)|33% Females (Only),,geographical information system,,,"air, ambient",Sulfur Dioxide,4.7 micrograms per cubic meter,mean,"heating-SO2, 5 years average long-term exposure for controls",Sweden,,,,,,,,
24056475,Stockholm Heart Epidemiology Program (SHEEP),,genetics,Environmental,Air Pollutants,long-term source specific heating-SO2,,,"1,506",Controls for disease:Myocardial Infarction,,29% Current smoker|31% Former smoker|40% Never smoker,60 years (mean),67% Males (Only)|33% Females (Only),,geographical information system,,,"air, ambient",Sulfur Dioxide,25.8 micrograms per cubic meter,mean,"heating-SO2, 30 year averages long-term exposure for controls",Sweden,,,,,,,,
24056475,Stockholm Heart Epidemiology Program (SHEEP),,genetics,Environmental,Air Pollutants,long-term source specific traffic-NO2,,,"1,192",Subjects with disease:Myocardial Infarction,,49% Current smoker|26% Former smoker|25% Never smoker,59.3 years (mean),71% Males (Only)|29% Females (Only),,geographical information system,,,"air, ambient",Nitrogen Dioxide,12.8 micrograms per cubic meter,mean,"traffic-NO2, 1 year average long-term exposure for cases",Sweden,,,,,,,,
24056475,Stockholm Heart Epidemiology Program (SHEEP),,genetics,Environmental,Air Pollutants,long-term source specific traffic-NO2,,,"1,192",Subjects with disease:Myocardial Infarction,,49% Current smoker|26% Former smoker|25% Never smoker,59.3 years (mean),71% Males (Only)|29% Females (Only),,geographical information system,,,"air, ambient",Nitrogen Dioxide,13.7 micrograms per cubic meter,mean,"traffic-NO2, 5 years average long-term exposure for cases",Sweden,,,,,,,,
24056475,Stockholm Heart Epidemiology Program (SHEEP),,genetics,Environmental,Air Pollutants,long-term source specific traffic-NO2,,,"1,192",Subjects with disease:Myocardial Infarction,,49% Current smoker|26% Former smoker|25% Never smoker,59.3 years (mean),71% Males (Only)|29% Females (Only),,geographical information system,,,"air, ambient",Nitrogen Dioxide,15.6 micrograms per cubic meter,mean,"traffic-NO2, 30 year averages long-term exposure for cases",Sweden,,,,,,,,
24056475,Stockholm Heart Epidemiology Program (SHEEP),,genetics,Environmental,Air Pollutants,long-term source specific traffic-NO2,,,"1,506",Controls for disease:Myocardial Infarction,,29% Current smoker|31% Former smoker|40% Never smoker,60 years (mean),67% Males (Only)|33% Females (Only),,geographical information system,,,"air, ambient",Nitrogen Dioxide,12.6 micrograms per cubic meter,mean,"traffic-NO2, 1 year average long-term exposure for controls",Sweden,,,,,,,,
24056475,Stockholm Heart Epidemiology Program (SHEEP),,genetics,Environmental,Air Pollutants,long-term source specific traffic-NO2,,,"1,506",Controls for disease:Myocardial Infarction,,29% Current smoker|31% Former smoker|40% Never smoker,60 years (mean),67% Males (Only)|33% Females (Only),,geographical information system,,,"air, ambient",Nitrogen Dioxide,13.4 micrograms per cubic meter,mean,"traffic-NO2, 5 years average long-term exposure for controls",Sweden,,,,,,,,
24056475,Stockholm Heart Epidemiology Program (SHEEP),,genetics,Environmental,Air Pollutants,long-term source specific traffic-NO2,,,"1,506",Controls for disease:Myocardial Infarction,,29% Current smoker|31% Former smoker|40% Never smoker,60 years (mean),67% Males (Only)|33% Females (Only),,geographical information system,,,"air, ambient",Nitrogen Dioxide,15.2 micrograms per cubic meter,mean,"traffic-NO2, 30 year averages long-term exposure for controls",Sweden,,,,,,,,
21356620,Air Pollution and Inflammatory Response in Myocardial Infarction Survivors: Gene-Environment Interaction in a High Risk Group (AIRGENE),2003-2004,,Environmental,Air Pollutants,mainly due to traffic emissions and domestic heating,283,,200,Subjects with disease:Myocardial Infarction,,Current smoker|Former smoker|Never smoker,61.9 years (mean),Both Males and Females,,monitoring site,,,"air, ambient",Particulate Matter,17.4 micrograms per cubic meter,mean,24-hour average for PM2.5,Germany,,Augsburg,,,,,,
21356620,Air Pollution and Inflammatory Response in Myocardial Infarction Survivors: Gene-Environment Interaction in a High Risk Group (AIRGENE),2003-2004,,Environmental,Air Pollutants,mainly due to traffic emissions and domestic heating,283,,200,Subjects with disease:Myocardial Infarction,,Current smoker|Former smoker|Never smoker,61.9 years (mean),Both Males and Females,,monitoring site,,,"air, ambient",Particulate Matter,6.2 micrograms per cubic meter,minimum,24-hour average for PM2.5,Germany,,Augsburg,,,,,,
21356620,Air Pollution and Inflammatory Response in Myocardial Infarction Survivors: Gene-Environment Interaction in a High Risk Group (AIRGENE),2003-2004,,Environmental,Air Pollutants,mainly due to traffic emissions and domestic heating,283,,200,Subjects with disease:Myocardial Infarction,,Current smoker|Former smoker|Never smoker,61.9 years (mean),Both Males and Females,,monitoring site,,,"air, ambient",Particulate Matter,12.2 micrograms per cubic meter,25th percentile,24-hour average for PM2.5,Germany,,Augsburg,,,,,,
21356620,Air Pollution and Inflammatory Response in Myocardial Infarction Survivors: Gene-Environment Interaction in a High Risk Group (AIRGENE),2003-2004,,Environmental,Air Pollutants,mainly due to traffic emissions and domestic heating,283,,200,Subjects with disease:Myocardial Infarction,,Current smoker|Former smoker|Never smoker,61.9 years (mean),Both Males and Females,,monitoring site,,,"air, ambient",Particulate Matter,16.9 micrograms per cubic meter,median,24-hour average for PM2.5,Germany,,Augsburg,,,,,,
21356620,Air Pollution and Inflammatory Response in Myocardial Infarction Survivors: Gene-Environment Interaction in a High Risk Group (AIRGENE),2003-2004,,Environmental,Air Pollutants,mainly due to traffic emissions and domestic heating,283,,200,Subjects with disease:Myocardial Infarction,,Current smoker|Former smoker|Never smoker,61.9 years (mean),Both Males and Females,,monitoring site,,,"air, ambient",Particulate Matter,21.2 micrograms per cubic meter,75th percentile,24-hour average for PM2.5,Germany,,Augsburg,,,,,,
21356620,Air Pollution and Inflammatory Response in Myocardial Infarction Survivors: Gene-Environment Interaction in a High Risk Group (AIRGENE),2003-2004,,Environmental,Air Pollutants,mainly due to traffic emissions and domestic heating,283,,200,Subjects with disease:Myocardial Infarction,,Current smoker|Former smoker|Never smoker,61.9 years (mean),Both Males and Females,,monitoring site,,,"air, ambient",Particulate Matter,38.7 micrograms per cubic meter,maximum,24-hour average for PM2.5,Germany,,Augsburg,,,,,,
21356620,Air Pollution and Inflammatory Response in Myocardial Infarction Survivors: Gene-Environment Interaction in a High Risk Group (AIRGENE),2003-2004,,Environmental,Air Pollutants,mainly due to traffic emissions and domestic heating,286,,200,Subjects with disease:Myocardial Infarction,,Current smoker|Former smoker|Never smoker,61.9 years (mean),Both Males and Females,,monitoring site,,,"air, ambient",Particulate Matter,33.1 micrograms per cubic meter,mean,24-hour average for PM10,Germany,,Augsburg,,,,,,
21356620,Air Pollution and Inflammatory Response in Myocardial Infarction Survivors: Gene-Environment Interaction in a High Risk Group (AIRGENE),2003-2004,,Environmental,Air Pollutants,mainly due to traffic emissions and domestic heating,286,,200,Subjects with disease:Myocardial Infarction,,Current smoker|Former smoker|Never smoker,61.9 years (mean),Both Males and Females,,monitoring site,,,"air, ambient",Particulate Matter,7.1 micrograms per cubic meter,minimum,24-hour average for PM10,Germany,,Augsburg,,,,,,
21356620,Air Pollution and Inflammatory Response in Myocardial Infarction Survivors: Gene-Environment Interaction in a High Risk Group (AIRGENE),2003-2004,,Environmental,Air Pollutants,mainly due to traffic emissions and domestic heating,286,,200,Subjects with disease:Myocardial Infarction,,Current smoker|Former smoker|Never smoker,61.9 years (mean),Both Males and Females,,monitoring site,,,"air, ambient",Particulate Matter,22 micrograms per cubic meter,25th percentile,24-hour average for PM10,Germany,,Augsburg,,,,,,
21356620,Air Pollution and Inflammatory Response in Myocardial Infarction Survivors: Gene-Environment Interaction in a High Risk Group (AIRGENE),2003-2004,,Environmental,Air Pollutants,mainly due to traffic emissions and domestic heating,286,,200,Subjects with disease:Myocardial Infarction,,Current smoker|Former smoker|Never smoker,61.9 years (mean),Both Males and Females,,monitoring site,,,"air, ambient",Particulate Matter,32.7 micrograms per cubic meter,median,24-hour average for PM10,Germany,,Augsburg,,,,,,
21356620,Air Pollution and Inflammatory Response in Myocardial Infarction Survivors: Gene-Environment Interaction in a High Risk Group (AIRGENE),2003-2004,,Environmental,Air Pollutants,mainly due to traffic emissions and domestic heating,286,,200,Subjects with disease:Myocardial Infarction,,Current smoker|Former smoker|Never smoker,61.9 years (mean),Both Males and Females,,monitoring site,,,"air, ambient",Particulate Matter,42.7 micrograms per cubic meter,75th percentile,24-hour average for PM10,Germany,,Augsburg,,,,,,
21356620,Air Pollution and Inflammatory Response in Myocardial Infarction Survivors: Gene-Environment Interaction in a High Risk Group (AIRGENE),2003-2004,,Environmental,Air Pollutants,mainly due to traffic emissions and domestic heating,286,,200,Subjects with disease:Myocardial Infarction,,Current smoker|Former smoker|Never smoker,61.9 years (mean),Both Males and Females,,monitoring site,,,"air, ambient",Particulate Matter,70.9 micrograms per cubic meter,maximum,24-hour average for PM10,Germany,,Augsburg,,,,,,
21356620,Air Pollution and Inflammatory Response in Myocardial Infarction Survivors: Gene-Environment Interaction in a High Risk Group (AIRGENE),2003-2004,,Environmental,Air Pollutants,mainly due to traffic emissions and domestic heating,286,,200,Subjects with disease:Myocardial Infarction,,Current smoker|Former smoker|Never smoker,61.9 years (mean),Both Males and Females,,monitoring site,,,"air, ambient",Ozone,54.4 micrograms per cubic meter,mean,8-hour average,Germany,,Augsburg,,,,,,
21356620,Air Pollution and Inflammatory Response in Myocardial Infarction Survivors: Gene-Environment Interaction in a High Risk Group (AIRGENE),2003-2004,,Environmental,Air Pollutants,mainly due to traffic emissions and domestic heating,286,,200,Subjects with disease:Myocardial Infarction,,Current smoker|Former smoker|Never smoker,61.9 years (mean),Both Males and Females,,monitoring site,,,"air, ambient",Ozone,3 micrograms per cubic meter,minimum,8-hour average,Germany,,Augsburg,,,,,,
21356620,Air Pollution and Inflammatory Response in Myocardial Infarction Survivors: Gene-Environment Interaction in a High Risk Group (AIRGENE),2003-2004,,Environmental,Air Pollutants,mainly due to traffic emissions and domestic heating,286,,200,Subjects with disease:Myocardial Infarction,,Current smoker|Former smoker|Never smoker,61.9 years (mean),Both Males and Females,,monitoring site,,,"air, ambient",Ozone,20.4 micrograms per cubic meter,25th percentile,8-hour average,Germany,,Augsburg,,,,,,
21356620,Air Pollution and Inflammatory Response in Myocardial Infarction Survivors: Gene-Environment Interaction in a High Risk Group (AIRGENE),2003-2004,,Environmental,Air Pollutants,mainly due to traffic emissions and domestic heating,286,,200,Subjects with disease:Myocardial Infarction,,Current smoker|Former smoker|Never smoker,61.9 years (mean),Both Males and Females,,monitoring site,,,"air, ambient",Ozone,56 micrograms per cubic meter,median,8-hour average,Germany,,Augsburg,,,,,,
21356620,Air Pollution and Inflammatory Response in Myocardial Infarction Survivors: Gene-Environment Interaction in a High Risk Group (AIRGENE),2003-2004,,Environmental,Air Pollutants,mainly due to traffic emissions and domestic heating,286,,200,Subjects with disease:Myocardial Infarction,,Current smoker|Former smoker|Never smoker,61.9 years (mean),Both Males and Females,,monitoring site,,,"air, ambient",Ozone,82.3 micrograms per cubic meter,75th percentile,8-hour average,Germany,,Augsburg,,,,,,
21356620,Air Pollution and Inflammatory Response in Myocardial Infarction Survivors: Gene-Environment Interaction in a High Risk Group (AIRGENE),2003-2004,,Environmental,Air Pollutants,mainly due to traffic emissions and domestic heating,286,,200,Subjects with disease:Myocardial Infarction,,Current smoker|Former smoker|Never smoker,61.9 years (mean),Both Males and Females,,monitoring site,,,"air, ambient",Ozone,137.9 micrograms per cubic meter,maximum,8-hour average,Germany,,Augsburg,,,,,,
21356620,Air Pollution and Inflammatory Response in Myocardial Infarction Survivors: Gene-Environment Interaction in a High Risk Group (AIRGENE),2003-2004,,Environmental,Air Pollutants,mainly due to traffic emissions and domestic heating,287,,200,Subjects with disease:Myocardial Infarction,,Current smoker|Former smoker|Never smoker,61.9 years (mean),Both Males and Females,,monitoring site,,,"air, ambient",Carbon Monoxide,0.6 milligrams per cubic meter,mean,24-hour average,Germany,,Augsburg,,,,,,
21356620,Air Pollution and Inflammatory Response in Myocardial Infarction Survivors: Gene-Environment Interaction in a High Risk Group (AIRGENE),2003-2004,,Environmental,Air Pollutants,mainly due to traffic emissions and domestic heating,287,,200,Subjects with disease:Myocardial Infarction,,Current smoker|Former smoker|Never smoker,61.9 years (mean),Both Males and Females,,monitoring site,,,"air, ambient",Carbon Monoxide,0.3 milligrams per cubic meter,minimum,24-hour average,Germany,,Augsburg,,,,,,
21356620,Air Pollution and Inflammatory Response in Myocardial Infarction Survivors: Gene-Environment Interaction in a High Risk Group (AIRGENE),2003-2004,,Environmental,Air Pollutants,mainly due to traffic emissions and domestic heating,287,,200,Subjects with disease:Myocardial Infarction,,Current smoker|Former smoker|Never smoker,61.9 years (mean),Both Males and Females,,monitoring site,,,"air, ambient",Carbon Monoxide,0.4 milligrams per cubic meter,25th percentile,24-hour average,Germany,,Augsburg,,,,,,
21356620,Air Pollution and Inflammatory Response in Myocardial Infarction Survivors: Gene-Environment Interaction in a High Risk Group (AIRGENE),2003-2004,,Environmental,Air Pollutants,mainly due to traffic emissions and domestic heating,287,,200,Subjects with disease:Myocardial Infarction,,Current smoker|Former smoker|Never smoker,61.9 years (mean),Both Males and Females,,monitoring site,,,"air, ambient",Carbon Monoxide,0.5 milligrams per cubic meter,median,24-hour average,Germany,,Augsburg,,,,,,
21356620,Air Pollution and Inflammatory Response in Myocardial Infarction Survivors: Gene-Environment Interaction in a High Risk Group (AIRGENE),2003-2004,,Environmental,Air Pollutants,mainly due to traffic emissions and domestic heating,287,,200,Subjects with disease:Myocardial Infarction,,Current smoker|Former smoker|Never smoker,61.9 years (mean),Both Males and Females,,monitoring site,,,"air, ambient",Carbon Monoxide,0.7 milligrams per cubic meter,75th percentile,24-hour average,Germany,,Augsburg,,,,,,
21356620,Air Pollution and Inflammatory Response in Myocardial Infarction Survivors: Gene-Environment Interaction in a High Risk Group (AIRGENE),2003-2004,,Environmental,Air Pollutants,mainly due to traffic emissions and domestic heating,287,,200,Subjects with disease:Myocardial Infarction,,Current smoker|Former smoker|Never smoker,61.9 years (mean),Both Males and Females,,monitoring site,,,"air, ambient",Carbon Monoxide,1.7 milligrams per cubic meter,maximum,24-hour average,Germany,,Augsburg,,,,,,
21356620,Air Pollution and Inflammatory Response in Myocardial Infarction Survivors: Gene-Environment Interaction in a High Risk Group (AIRGENE),2003-2004,,Environmental,Air Pollutants,mainly due to traffic emissions and domestic heating,287,,200,Subjects with disease:Myocardial Infarction,,Current smoker|Former smoker|Never smoker,61.9 years (mean),Both Males and Females,,monitoring site,,,"air, ambient",Nitrogen Dioxide,40 micrograms per cubic meter,mean,24-hour average,Germany,,Augsburg,,,,,,
21356620,Air Pollution and Inflammatory Response in Myocardial Infarction Survivors: Gene-Environment Interaction in a High Risk Group (AIRGENE),2003-2004,,Environmental,Air Pollutants,mainly due to traffic emissions and domestic heating,287,,200,Subjects with disease:Myocardial Infarction,,Current smoker|Former smoker|Never smoker,61.9 years (mean),Both Males and Females,,monitoring site,,,"air, ambient",Nitrogen Dioxide,13.3 micrograms per cubic meter,minimum,24-hour average,Germany,,Augsburg,,,,,,
21356620,Air Pollution and Inflammatory Response in Myocardial Infarction Survivors: Gene-Environment Interaction in a High Risk Group (AIRGENE),2003-2004,,Environmental,Air Pollutants,mainly due to traffic emissions and domestic heating,287,,200,Subjects with disease:Myocardial Infarction,,Current smoker|Former smoker|Never smoker,61.9 years (mean),Both Males and Females,,monitoring site,,,"air, ambient",Nitrogen Dioxide,32.7 micrograms per cubic meter,25th percentile,24-hour average,Germany,,Augsburg,,,,,,
21356620,Air Pollution and Inflammatory Response in Myocardial Infarction Survivors: Gene-Environment Interaction in a High Risk Group (AIRGENE),2003-2004,,Environmental,Air Pollutants,mainly due to traffic emissions and domestic heating,287,,200,Subjects with disease:Myocardial Infarction,,Current smoker|Former smoker|Never smoker,61.9 years (mean),Both Males and Females,,monitoring site,,,"air, ambient",Nitrogen Dioxide,39.2 micrograms per cubic meter,median,24-hour average,Germany,,Augsburg,,,,,,
21356620,Air Pollution and Inflammatory Response in Myocardial Infarction Survivors: Gene-Environment Interaction in a High Risk Group (AIRGENE),2003-2004,,Environmental,Air Pollutants,mainly due to traffic emissions and domestic heating,287,,200,Subjects with disease:Myocardial Infarction,,Current smoker|Former smoker|Never smoker,61.9 years (mean),Both Males and Females,,monitoring site,,,"air, ambient",Nitrogen Dioxide,46.5 micrograms per cubic meter,75th percentile,24-hour average,Germany,,Augsburg,,,,,,
21356620,Air Pollution and Inflammatory Response in Myocardial Infarction Survivors: Gene-Environment Interaction in a High Risk Group (AIRGENE),2003-2004,,Environmental,Air Pollutants,mainly due to traffic emissions and domestic heating,287,,200,Subjects with disease:Myocardial Infarction,,Current smoker|Former smoker|Never smoker,61.9 years (mean),Both Males and Females,,monitoring site,,,"air, ambient",Nitrogen Dioxide,71.9 micrograms per cubic meter,maximum,24-hour average,Germany,,Augsburg,,,,,,
21356620,Air Pollution and Inflammatory Response in Myocardial Infarction Survivors: Gene-Environment Interaction in a High Risk Group (AIRGENE),2003-2004,,Environmental,Air Pollutants,mainly due to traffic emissions and domestic heating,287,,200,Subjects with disease:Myocardial Infarction,,Current smoker|Former smoker|Never smoker,61.9 years (mean),Both Males and Females,,monitoring site,,,"air, ambient",Nitric Oxide,30 micrograms per cubic meter,mean,24-hour average,Germany,,Augsburg,,,,,,
21356620,Air Pollution and Inflammatory Response in Myocardial Infarction Survivors: Gene-Environment Interaction in a High Risk Group (AIRGENE),2003-2004,,Environmental,Air Pollutants,mainly due to traffic emissions and domestic heating,287,,200,Subjects with disease:Myocardial Infarction,,Current smoker|Former smoker|Never smoker,61.9 years (mean),Both Males and Females,,monitoring site,,,"air, ambient",Nitric Oxide,7.6 micrograms per cubic meter,minimum,24-hour average,Germany,,Augsburg,,,,,,
21356620,Air Pollution and Inflammatory Response in Myocardial Infarction Survivors: Gene-Environment Interaction in a High Risk Group (AIRGENE),2003-2004,,Environmental,Air Pollutants,mainly due to traffic emissions and domestic heating,287,,200,Subjects with disease:Myocardial Infarction,,Current smoker|Former smoker|Never smoker,61.9 years (mean),Both Males and Females,,monitoring site,,,"air, ambient",Nitric Oxide,17.2 micrograms per cubic meter,25th percentile,24-hour average,Germany,,Augsburg,,,,,,
21356620,Air Pollution and Inflammatory Response in Myocardial Infarction Survivors: Gene-Environment Interaction in a High Risk Group (AIRGENE),2003-2004,,Environmental,Air Pollutants,mainly due to traffic emissions and domestic heating,287,,200,Subjects with disease:Myocardial Infarction,,Current smoker|Former smoker|Never smoker,61.9 years (mean),Both Males and Females,,monitoring site,,,"air, ambient",Nitric Oxide,23 micrograms per cubic meter,median,24-hour average,Germany,,Augsburg,,,,,,
21356620,Air Pollution and Inflammatory Response in Myocardial Infarction Survivors: Gene-Environment Interaction in a High Risk Group (AIRGENE),2003-2004,,Environmental,Air Pollutants,mainly due to traffic emissions and domestic heating,287,,200,Subjects with disease:Myocardial Infarction,,Current smoker|Former smoker|Never smoker,61.9 years (mean),Both Males and Females,,monitoring site,,,"air, ambient",Nitric Oxide,32.3 micrograms per cubic meter,75th percentile,24-hour average,Germany,,Augsburg,,,,,,
21356620,Air Pollution and Inflammatory Response in Myocardial Infarction Survivors: Gene-Environment Interaction in a High Risk Group (AIRGENE),2003-2004,,Environmental,Air Pollutants,mainly due to traffic emissions and domestic heating,287,,200,Subjects with disease:Myocardial Infarction,,Current smoker|Former smoker|Never smoker,61.9 years (mean),Both Males and Females,,monitoring site,,,"air, ambient",Nitric Oxide,176.4 micrograms per cubic meter,maximum,24-hour average,Germany,,Augsburg,,,,,,
21356620,Air Pollution and Inflammatory Response in Myocardial Infarction Survivors: Gene-Environment Interaction in a High Risk Group (AIRGENE),2003-2004,,Environmental,Air Pollutants,mainly due to traffic emissions and domestic heating,287,,200,Subjects with disease:Myocardial Infarction,,Current smoker|Former smoker|Never smoker,61.9 years (mean),Both Males and Females,,monitoring site,,,"air, ambient",Sulfur Dioxide,3 micrograms per cubic meter,mean,24-hour average,Germany,,Augsburg,,,,,,
21356620,Air Pollution and Inflammatory Response in Myocardial Infarction Survivors: Gene-Environment Interaction in a High Risk Group (AIRGENE),2003-2004,,Environmental,Air Pollutants,mainly due to traffic emissions and domestic heating,287,,200,Subjects with disease:Myocardial Infarction,,Current smoker|Former smoker|Never smoker,61.9 years (mean),Both Males and Females,,monitoring site,,,"air, ambient",Sulfur Dioxide,2 micrograms per cubic meter,minimum,24-hour average,Germany,,Augsburg,,,,,,
21356620,Air Pollution and Inflammatory Response in Myocardial Infarction Survivors: Gene-Environment Interaction in a High Risk Group (AIRGENE),2003-2004,,Environmental,Air Pollutants,mainly due to traffic emissions and domestic heating,287,,200,Subjects with disease:Myocardial Infarction,,Current smoker|Former smoker|Never smoker,61.9 years (mean),Both Males and Females,,monitoring site,,,"air, ambient",Sulfur Dioxide,2.1 micrograms per cubic meter,25th percentile,24-hour average,Germany,,Augsburg,,,,,,
21356620,Air Pollution and Inflammatory Response in Myocardial Infarction Survivors: Gene-Environment Interaction in a High Risk Group (AIRGENE),2003-2004,,Environmental,Air Pollutants,mainly due to traffic emissions and domestic heating,287,,200,Subjects with disease:Myocardial Infarction,,Current smoker|Former smoker|Never smoker,61.9 years (mean),Both Males and Females,,monitoring site,,,"air, ambient",Sulfur Dioxide,2.5 micrograms per cubic meter,median,24-hour average,Germany,,Augsburg,,,,,,
21356620,Air Pollution and Inflammatory Response in Myocardial Infarction Survivors: Gene-Environment Interaction in a High Risk Group (AIRGENE),2003-2004,,Environmental,Air Pollutants,mainly due to traffic emissions and domestic heating,287,,200,Subjects with disease:Myocardial Infarction,,Current smoker|Former smoker|Never smoker,61.9 years (mean),Both Males and Females,,monitoring site,,,"air, ambient",Sulfur Dioxide,3.3 micrograms per cubic meter,75th percentile,24-hour average,Germany,,Augsburg,,,,,,
21356620,Air Pollution and Inflammatory Response in Myocardial Infarction Survivors: Gene-Environment Interaction in a High Risk Group (AIRGENE),2003-2004,,Environmental,Air Pollutants,mainly due to traffic emissions and domestic heating,287,,200,Subjects with disease:Myocardial Infarction,,Current smoker|Former smoker|Never smoker,61.9 years (mean),Both Males and Females,,monitoring site,,,"air, ambient",Sulfur Dioxide,8.9 micrograms per cubic meter,maximum,24-hour average,Germany,,Augsburg,,,,,,
21356620,Air Pollution and Inflammatory Response in Myocardial Infarction Survivors: Gene-Environment Interaction in a High Risk Group (AIRGENE),2003-2004,,Environmental,Air Pollutants,mainly due to traffic emissions and domestic heating,,,200,Subjects with disease:Myocardial Infarction,,Current smoker|Former smoker|Never smoker,61.9 years (mean),Both Males and Females,,,,,"air, ambient",,,,,Germany,,Augsburg,,prediction/hypothesis,Atherosclerosis,,,
26884048,,2011-2012,age,Environmental,Air Pollutants,petrol vehicle exhaust,,,,Study subjects,in adults only,,15-64 years (range),,,ClearfLo project | emergency hospital admissions,,,"air, ambient",Carbon Monoxide,,,,United Kingdom,,London,England,positive correlation,Cardiovascular Diseases,,,
27384219,,2007-2013,,Environmental,Air Pollutants,PM10 air pollutant,,,"110,720",Infants or newborns,"total birth population, exposed to maternal particulate matter, of which 662 newoborns have cardiovascular abnormalities",,,,,cardiovascular diagnosis | multivariable logistic regression,,,,,,,,China,Fujian Province,Fuzhou,,positive correlation,"Heart Septal Defects, Atrial",,,adjusted odds ratios ranging from 1.29 to 2.17
27384219,,2007-2013,,Environmental,Air Pollutants,PM10 air pollutant,,,"110,720",Infants or newborns,"total birth population, exposed to maternal particulate matter, of which 662 newoborns have cardiovascular abnormalities",,,,,cardiovascular diagnosis | multivariable logistic regression,,,,,,,,China,Fujian Province,Fuzhou,,positive correlation,"Ductus Arteriosus, Patent",,,adjusted odds ratios ranging from 1.54 to 1.63
27384219,,2007-2013,,Environmental,Air Pollutants,PM10 air pollutant,,,"110,720",Infants or newborns,"total birth population, exposed to maternal particulate matter, of which 662 newoborns have cardiovascular abnormalities",,,,,cardiovascular diagnosis | multivariable logistic regression,,,,,,,,China,Fujian Province,Fuzhou,,positive correlation,Cardiovascular Abnormalities,,,"adjusted odds ratio = 1.28 (95% CI: 1.03, 1.61)"
27384219,,2007-2013,,Environmental,Air Pollutants,PM10 air pollutant,,,"110,720",Infants or newborns,"total birth population, exposed to maternal particulate matter, of which 662 newoborns have cardiovascular abnormalities",,,,,cardiovascular diagnosis | multivariable logistic regression,,,,,,,,China,Fujian Province,Fuzhou,,positive correlation,"Heart Septal Defects, Ventricular",,,"adjusted odds ratio = 1.19 (95% CI: 1.00, 1.43)"
27384219,,2007-2013,,Environmental,Air Pollutants,PM10 air pollutant,,,"110,720",Infants or newborns,"total birth population, exposed to maternal particulate matter, of which 662 newoborns have cardiovascular abnormalities",,,,,cardiovascular diagnosis | multivariable logistic regression,,,,,,,,China,Fujian Province,Fuzhou,,positive correlation,Tetralogy of Fallot,,,"adjusted odds ratio = 1.44 (95% CI: 1.01, 2.19)"
24056475,Stockholm Heart Epidemiology Program (SHEEP),,genetics,Environmental,Air Pollutants,short-term ambient,,,"1,192",Subjects with disease:Myocardial Infarction,,49% Current smoker|26% Former smoker|25% Never smoker,59.3 years (mean),71% Males (Only)|29% Females (Only),,routine rooftop measurements,,,"air, ambient",Nitrogen Dioxide,25.1 micrograms per cubic meter,mean,0-12 hour short-term ambient exposure for cases before MI onset,Sweden,,,,,,,,
24056475,Stockholm Heart Epidemiology Program (SHEEP),,genetics,Environmental,Air Pollutants,short-term ambient,,,"1,192",Subjects with disease:Myocardial Infarction,,49% Current smoker|26% Former smoker|25% Never smoker,59.3 years (mean),71% Males (Only)|29% Females (Only),,routine rooftop measurements,,,"air, ambient",Nitrogen Dioxide,25.8 micrograms per cubic meter,mean,12-24 hour short-term ambient exposure for controls before before MI onset,Sweden,,,,,,,,
24056475,Stockholm Heart Epidemiology Program (SHEEP),,genetics,Environmental,Air Pollutants,short-term ambient,,,"1,192",Subjects with disease:Myocardial Infarction,,49% Current smoker|26% Former smoker|25% Never smoker,59.3 years (mean),71% Males (Only)|29% Females (Only),,routine rooftop measurements,,,"air, ambient",Nitrogen Dioxide,25.4 micrograms per cubic meter,mean,2 days short-term ambient exposure for controls before before MI onset,Sweden,,,,,,,,
24056475,Stockholm Heart Epidemiology Program (SHEEP),,genetics,Environmental,Air Pollutants,short-term ambient,,,"1,192",Subjects with disease:Myocardial Infarction,,49% Current smoker|26% Former smoker|25% Never smoker,59.3 years (mean),71% Males (Only)|29% Females (Only),,routine rooftop measurements,,,"air, ambient",Nitrogen Dioxide,25.4 micrograms per cubic meter,mean,5 days short-term ambient exposure for controls before before MI onset,Sweden,,,,,,,,
24056475,Stockholm Heart Epidemiology Program (SHEEP),,genetics,Environmental,Air Pollutants,short-term ambient,,,"1,192",Subjects with disease:Myocardial Infarction,,49% Current smoker|26% Former smoker|25% Never smoker,59.3 years (mean),71% Males (Only)|29% Females (Only),,routine rooftop measurements,,,"air, ambient",Sulfur Dioxide,5.6 micrograms per cubic meter,mean,0-12 hour short-term ambient exposure for cases before MI onset,Sweden,,,,,,,,
24056475,Stockholm Heart Epidemiology Program (SHEEP),,genetics,Environmental,Air Pollutants,short-term ambient,,,"1,192",Subjects with disease:Myocardial Infarction,,49% Current smoker|26% Former smoker|25% Never smoker,59.3 years (mean),71% Males (Only)|29% Females (Only),,routine rooftop measurements,,,"air, ambient",Sulfur Dioxide,5.6 micrograms per cubic meter,mean,12-24 hour short-term ambient exposure for controls before before MI onset,Sweden,,,,,,,,
24056475,Stockholm Heart Epidemiology Program (SHEEP),,genetics,Environmental,Air Pollutants,short-term ambient,,,"1,192",Subjects with disease:Myocardial Infarction,,49% Current smoker|26% Former smoker|25% Never smoker,59.3 years (mean),71% Males (Only)|29% Females (Only),,routine rooftop measurements,,,"air, ambient",Sulfur Dioxide,5.6 micrograms per cubic meter,mean,2 days short-term ambient exposure for controls before before MI onset,Sweden,,,,,,,,
24056475,Stockholm Heart Epidemiology Program (SHEEP),,genetics,Environmental,Air Pollutants,short-term ambient,,,"1,192",Subjects with disease:Myocardial Infarction,,49% Current smoker|26% Former smoker|25% Never smoker,59.3 years (mean),71% Males (Only)|29% Females (Only),,routine rooftop measurements,,,"air, ambient",Sulfur Dioxide,5.6 micrograms per cubic meter,mean,5 days short-term ambient exposure for controls before before MI onset,Sweden,,,,,,,,
24056475,Stockholm Heart Epidemiology Program (SHEEP),,genetics,Environmental,Air Pollutants,short-term ambient,,,"1,192",Subjects with disease:Myocardial Infarction,,49% Current smoker|26% Former smoker|25% Never smoker,59.3 years (mean),71% Males (Only)|29% Females (Only),,routine rooftop measurements,,,"air, ambient",Particulate Matter,17.2 micrograms per cubic meter,mean,"PM10, 0-12 hour short-term ambient exposure for cases before MI onset",Sweden,,,,,,,,
24056475,Stockholm Heart Epidemiology Program (SHEEP),,genetics,Environmental,Air Pollutants,short-term ambient,,,"1,192",Subjects with disease:Myocardial Infarction,,49% Current smoker|26% Former smoker|25% Never smoker,59.3 years (mean),71% Males (Only)|29% Females (Only),,routine rooftop measurements,,,"air, ambient",Particulate Matter,17.5 micrograms per cubic meter,mean,"PM10, 12-24 hour short-term ambient exposure for controls before before MI onset",Sweden,,,,,,,,
24056475,Stockholm Heart Epidemiology Program (SHEEP),,genetics,Environmental,Air Pollutants,short-term ambient,,,"1,192",Subjects with disease:Myocardial Infarction,,49% Current smoker|26% Former smoker|25% Never smoker,59.3 years (mean),71% Males (Only)|29% Females (Only),,routine rooftop measurements,,,"air, ambient",Particulate Matter,17.4 micrograms per cubic meter,mean,"PM10, 2 days short-term ambient exposure for controls before before MI onset",Sweden,,,,,,,,
24056475,Stockholm Heart Epidemiology Program (SHEEP),,genetics,Environmental,Air Pollutants,short-term ambient,,,"1,192",Subjects with disease:Myocardial Infarction,,49% Current smoker|26% Former smoker|25% Never smoker,59.3 years (mean),71% Males (Only)|29% Females (Only),,routine rooftop measurements,,,"air, ambient",Particulate Matter,17.7 micrograms per cubic meter,mean,"PM10, 5 days short-term ambient exposure for controls before before MI onset",Sweden,,,,,,,,
24056475,Stockholm Heart Epidemiology Program (SHEEP),,genetics,Environmental,Air Pollutants,short-term ambient,,,"1,192",Subjects with disease:Myocardial Infarction,,49% Current smoker|26% Former smoker|25% Never smoker,59.3 years (mean),71% Males (Only)|29% Females (Only),,routine rooftop measurements,,,"air, ambient",Ozone,44.2 micrograms per cubic meter,mean,0-12 hour short-term ambient exposure for cases before MI onset,Sweden,,,,,,,,
24056475,Stockholm Heart Epidemiology Program (SHEEP),,genetics,Environmental,Air Pollutants,short-term ambient,,,"1,192",Subjects with disease:Myocardial Infarction,,49% Current smoker|26% Former smoker|25% Never smoker,59.3 years (mean),71% Males (Only)|29% Females (Only),,routine rooftop measurements,,,"air, ambient",Ozone,44.5 micrograms per cubic meter,mean,12-24 hour short-term ambient exposure for controls before before MI onset,Sweden,,,,,,,,
24056475,Stockholm Heart Epidemiology Program (SHEEP),,genetics,Environmental,Air Pollutants,short-term ambient,,,"1,192",Subjects with disease:Myocardial Infarction,,49% Current smoker|26% Former smoker|25% Never smoker,59.3 years (mean),71% Males (Only)|29% Females (Only),,routine rooftop measurements,,,"air, ambient",Ozone,44.4 micrograms per cubic meter,mean,2 days short-term ambient exposure for controls before before MI onset,Sweden,,,,,,,,
24056475,Stockholm Heart Epidemiology Program (SHEEP),,genetics,Environmental,Air Pollutants,short-term ambient,,,"1,192",Subjects with disease:Myocardial Infarction,,49% Current smoker|26% Former smoker|25% Never smoker,59.3 years (mean),71% Males (Only)|29% Females (Only),,routine rooftop measurements,,,"air, ambient",Ozone,44.7 micrograms per cubic meter,mean,5 days short-term ambient exposure for controls before before MI onset,Sweden,,,,,,,,
24056475,Stockholm Heart Epidemiology Program (SHEEP),,genetics,Environmental,Air Pollutants,short-term ambient,,,"1,506",Controls for disease:Myocardial Infarction,,29% Current smoker|31% Former smoker|40% Never smoker,60 years (mean),67% Males (Only)|33% Females (Only),,routine rooftop measurements,,,"air, ambient",Nitrogen Dioxide,23.5 micrograms per cubic meter,mean,0-12 hour short-term ambient exposure for controls before blood samplings,Sweden,,,,,,,,
24056475,Stockholm Heart Epidemiology Program (SHEEP),,genetics,Environmental,Air Pollutants,short-term ambient,,,"1,506",Controls for disease:Myocardial Infarction,,29% Current smoker|31% Former smoker|40% Never smoker,60 years (mean),67% Males (Only)|33% Females (Only),,routine rooftop measurements,,,"air, ambient",Nitrogen Dioxide,28.2 micrograms per cubic meter,mean,12-24 hour short-term ambient exposure for controls before blood samplings,Sweden,,,,,,,,
24056475,Stockholm Heart Epidemiology Program (SHEEP),,genetics,Environmental,Air Pollutants,short-term ambient,,,"1,506",Controls for disease:Myocardial Infarction,,29% Current smoker|31% Former smoker|40% Never smoker,60 years (mean),67% Males (Only)|33% Females (Only),,routine rooftop measurements,,,"air, ambient",Nitrogen Dioxide,25.1 micrograms per cubic meter,mean,2 days short-term ambient exposure for controls before blood samplings,Sweden,,,,,,,,
24056475,Stockholm Heart Epidemiology Program (SHEEP),,genetics,Environmental,Air Pollutants,short-term ambient,,,"1,506",Controls for disease:Myocardial Infarction,,29% Current smoker|31% Former smoker|40% Never smoker,60 years (mean),67% Males (Only)|33% Females (Only),,routine rooftop measurements,,,"air, ambient",Nitrogen Dioxide,24.1 micrograms per cubic meter,mean,5 days short-term ambient exposure for controls before blood samplings,Sweden,,,,,,,,
24056475,Stockholm Heart Epidemiology Program (SHEEP),,genetics,Environmental,Air Pollutants,short-term ambient,,,"1,506",Controls for disease:Myocardial Infarction,,29% Current smoker|31% Former smoker|40% Never smoker,60 years (mean),67% Males (Only)|33% Females (Only),,routine rooftop measurements,,,"air, ambient",Sulfur Dioxide,5.2 micrograms per cubic meter,mean,0-12 hour short-term ambient exposure for controls before blood samplings,Sweden,,,,,,,,
24056475,Stockholm Heart Epidemiology Program (SHEEP),,genetics,Environmental,Air Pollutants,short-term ambient,,,"1,506",Controls for disease:Myocardial Infarction,,29% Current smoker|31% Former smoker|40% Never smoker,60 years (mean),67% Males (Only)|33% Females (Only),,routine rooftop measurements,,,"air, ambient",Sulfur Dioxide,5.3 micrograms per cubic meter,mean,12-24 hour short-term ambient exposure for controls before blood samplings,Sweden,,,,,,,,
24056475,Stockholm Heart Epidemiology Program (SHEEP),,genetics,Environmental,Air Pollutants,short-term ambient,,,"1,506",Controls for disease:Myocardial Infarction,,29% Current smoker|31% Former smoker|40% Never smoker,60 years (mean),67% Males (Only)|33% Females (Only),,routine rooftop measurements,,,"air, ambient",Sulfur Dioxide,5.2 micrograms per cubic meter,mean,2 days short-term ambient exposure for controls before blood samplings,Sweden,,,,,,,,
24056475,Stockholm Heart Epidemiology Program (SHEEP),,genetics,Environmental,Air Pollutants,short-term ambient,,,"1,506",Controls for disease:Myocardial Infarction,,29% Current smoker|31% Former smoker|40% Never smoker,60 years (mean),67% Males (Only)|33% Females (Only),,routine rooftop measurements,,,"air, ambient",Sulfur Dioxide,5.1 micrograms per cubic meter,mean,5 days short-term ambient exposure for controls before blood samplings,Sweden,,,,,,,,
24056475,Stockholm Heart Epidemiology Program (SHEEP),,genetics,Environmental,Air Pollutants,short-term ambient,,,"1,506",Controls for disease:Myocardial Infarction,,29% Current smoker|31% Former smoker|40% Never smoker,60 years (mean),67% Males (Only)|33% Females (Only),,routine rooftop measurements,,,"air, ambient",Particulate Matter,18.2 micrograms per cubic meter,mean,"PM10, 0-12 hour short-term ambient exposure for controls before blood samplings",Sweden,,,,,,,,
24056475,Stockholm Heart Epidemiology Program (SHEEP),,genetics,Environmental,Air Pollutants,short-term ambient,,,"1,506",Controls for disease:Myocardial Infarction,,29% Current smoker|31% Former smoker|40% Never smoker,60 years (mean),67% Males (Only)|33% Females (Only),,routine rooftop measurements,,,"air, ambient",Particulate Matter,22.2 micrograms per cubic meter,mean,"PM10, 12-24 hour short-term ambient exposure for controls before blood samplings",Sweden,,,,,,,,
24056475,Stockholm Heart Epidemiology Program (SHEEP),,genetics,Environmental,Air Pollutants,short-term ambient,,,"1,506",Controls for disease:Myocardial Infarction,,29% Current smoker|31% Former smoker|40% Never smoker,60 years (mean),67% Males (Only)|33% Females (Only),,routine rooftop measurements,,,"air, ambient",Particulate Matter,19.9 micrograms per cubic meter,mean,"PM10, 2 days short-term ambient exposure for controls before blood samplings",Sweden,,,,,,,,
24056475,Stockholm Heart Epidemiology Program (SHEEP),,genetics,Environmental,Air Pollutants,short-term ambient,,,"1,506",Controls for disease:Myocardial Infarction,,29% Current smoker|31% Former smoker|40% Never smoker,60 years (mean),67% Males (Only)|33% Females (Only),,routine rooftop measurements,,,"air, ambient",Particulate Matter,19.2 micrograms per cubic meter,mean,"PM10, 5 days short-term ambient exposure for controls before blood samplings",Sweden,,,,,,,,
24056475,Stockholm Heart Epidemiology Program (SHEEP),,genetics,Environmental,Air Pollutants,short-term ambient,,,"1,506",Controls for disease:Myocardial Infarction,,29% Current smoker|31% Former smoker|40% Never smoker,60 years (mean),67% Males (Only)|33% Females (Only),,routine rooftop measurements,,,"air, ambient",Ozone,41.6 micrograms per cubic meter,mean,0-12 hour short-term ambient exposure for controls before blood samplings,Sweden,,,,,,,,
24056475,Stockholm Heart Epidemiology Program (SHEEP),,genetics,Environmental,Air Pollutants,short-term ambient,,,"1,506",Controls for disease:Myocardial Infarction,,29% Current smoker|31% Former smoker|40% Never smoker,60 years (mean),67% Males (Only)|33% Females (Only),,routine rooftop measurements,,,"air, ambient",Ozone,45.3 micrograms per cubic meter,mean,12-24 hour short-term ambient exposure for controls before blood samplings,Sweden,,,,,,,,
24056475,Stockholm Heart Epidemiology Program (SHEEP),,genetics,Environmental,Air Pollutants,short-term ambient,,,"1,506",Controls for disease:Myocardial Infarction,,29% Current smoker|31% Former smoker|40% Never smoker,60 years (mean),67% Males (Only)|33% Females (Only),,routine rooftop measurements,,,"air, ambient",Ozone,44.4 micrograms per cubic meter,mean,2 days short-term ambient exposure for controls before blood samplings,Sweden,,,,,,,,
24056475,Stockholm Heart Epidemiology Program (SHEEP),,genetics,Environmental,Air Pollutants,short-term ambient,,,"1,506",Controls for disease:Myocardial Infarction,,29% Current smoker|31% Former smoker|40% Never smoker,60 years (mean),67% Males (Only)|33% Females (Only),,routine rooftop measurements,,,"air, ambient",Ozone,45.2 micrograms per cubic meter,mean,5 days short-term ambient exposure for controls before blood samplings,Sweden,,,,,,,,
25564368,Cardiovascular Health and Air Pollution Study,,,Environmental,Air Pollutants,traffic-related air pollution,,,43,Subjects with disease:Coronary Artery Disease,,Non-smoker,84.7 years (mean),47% Males (Only)|54% Females (Only),2% Hispanic|98% White,linear mixed-effects regression models,,,blood,IL1B,,,,United States,California,Los Angeles air basin,,positive correlation,,increased gene expression,Blood,
25564368,Cardiovascular Health and Air Pollution Study,,,Environmental,Air Pollutants,traffic-related air pollution,,,43,Subjects with disease:Coronary Artery Disease,,Non-smoker,84.7 years (mean),47% Males (Only)|54% Females (Only),2% Hispanic|98% White,linear mixed-effects regression models,,,blood,SELP,,,,United States,California,Los Angeles air basin,,positive correlation,,increased gene expression,Blood,
25564368,Cardiovascular Health and Air Pollution Study,,,Environmental,Air Pollutants,traffic-related air pollution,,,43,Subjects with disease:Coronary Artery Disease,,Non-smoker,84.7 years (mean),47% Males (Only)|54% Females (Only),2% Hispanic|98% White,linear mixed-effects regression models,,,blood,CYP1B1,,,,United States,California,Los Angeles air basin,,positive correlation,,increased gene expression,Blood,
19750100,Air Pollution and Inflammatory Response in Myocardial Infarction Survivors: Gene-Environment Interaction in a High Risk Group (AIRGENE),2003-2004,disease | genetics,Environmental,Air Pollutants,traffic-related air pollution,,,101,Subjects with disease:Myocardial Infarction,Greece subset,,54.5 years (mean),Both Males and Females,,,,,"air, ambient",Carbon Monoxide,1.48 milligrams per cubic meter,mean,,Greece,,Athens,,,,,,
19750100,Air Pollution and Inflammatory Response in Myocardial Infarction Survivors: Gene-Environment Interaction in a High Risk Group (AIRGENE),2003-2004,disease | genetics,Environmental,Air Pollutants,traffic-related air pollution,,,101,Subjects with disease:Myocardial Infarction,Greece subset,,54.5 years (mean),Both Males and Females,,,,,"air, ambient",Carbon Monoxide,0.95 milligrams per cubic meter,25th percentile,,Greece,,Athens,,,,,,
19750100,Air Pollution and Inflammatory Response in Myocardial Infarction Survivors: Gene-Environment Interaction in a High Risk Group (AIRGENE),2003-2004,disease | genetics,Environmental,Air Pollutants,traffic-related air pollution,,,101,Subjects with disease:Myocardial Infarction,Greece subset,,54.5 years (mean),Both Males and Females,,,,,"air, ambient",Carbon Monoxide,1.68 milligrams per cubic meter,75th percentile,,Greece,,Athens,,,,,,
19750100,Air Pollution and Inflammatory Response in Myocardial Infarction Survivors: Gene-Environment Interaction in a High Risk Group (AIRGENE),2003-2004,disease | genetics,Environmental,Air Pollutants,traffic-related air pollution,,,101,Subjects with disease:Myocardial Infarction,Greece subset,,54.5 years (mean),Both Males and Females,,,,,"air, ambient",Nitrogen Dioxide,50.2 micrograms per cubic meter,mean,,Greece,,Athens,,,,,,
19750100,Air Pollution and Inflammatory Response in Myocardial Infarction Survivors: Gene-Environment Interaction in a High Risk Group (AIRGENE),2003-2004,disease | genetics,Environmental,Air Pollutants,traffic-related air pollution,,,101,Subjects with disease:Myocardial Infarction,Greece subset,,54.5 years (mean),Both Males and Females,,,,,"air, ambient",Nitrogen Dioxide,42 micrograms per cubic meter,25th percentile,,Greece,,Athens,,,,,,
19750100,Air Pollution and Inflammatory Response in Myocardial Infarction Survivors: Gene-Environment Interaction in a High Risk Group (AIRGENE),2003-2004,disease | genetics,Environmental,Air Pollutants,traffic-related air pollution,,,101,Subjects with disease:Myocardial Infarction,Greece subset,,54.5 years (mean),Both Males and Females,,,,,"air, ambient",Nitrogen Dioxide,59 micrograms per cubic meter,75th percentile,,Greece,,Athens,,,,,,
19750100,Air Pollution and Inflammatory Response in Myocardial Infarction Survivors: Gene-Environment Interaction in a High Risk Group (AIRGENE),2003-2004,disease | genetics,Environmental,Air Pollutants,traffic-related air pollution,,,101,Subjects with disease:Myocardial Infarction,Greece subset,,54.5 years (mean),Both Males and Females,,,,,"air, ambient",Particulate Matter,23 micrograms per cubic meter,mean,particulate matter size PM2.5,Greece,,Athens,,,,,,
19750100,Air Pollution and Inflammatory Response in Myocardial Infarction Survivors: Gene-Environment Interaction in a High Risk Group (AIRGENE),2003-2004,disease | genetics,Environmental,Air Pollutants,traffic-related air pollution,,,101,Subjects with disease:Myocardial Infarction,Greece subset,,54.5 years (mean),Both Males and Females,,,,,"air, ambient",Particulate Matter,14.9 micrograms per cubic meter,25th percentile,particulate matter size PM2.5,Greece,,Athens,,,,,,
19750100,Air Pollution and Inflammatory Response in Myocardial Infarction Survivors: Gene-Environment Interaction in a High Risk Group (AIRGENE),2003-2004,disease | genetics,Environmental,Air Pollutants,traffic-related air pollution,,,101,Subjects with disease:Myocardial Infarction,Greece subset,,54.5 years (mean),Both Males and Females,,,,,"air, ambient",Particulate Matter,29.1 micrograms per cubic meter,75th percentile,particulate matter size PM2.5,Greece,,Athens,,,,,,
19750100,Air Pollution and Inflammatory Response in Myocardial Infarction Survivors: Gene-Environment Interaction in a High Risk Group (AIRGENE),2003-2004,disease | genetics,Environmental,Air Pollutants,traffic-related air pollution,,,101,Subjects with disease:Myocardial Infarction,Greece subset,,54.5 years (mean),Both Males and Females,,,,,"air, ambient",Particulate Matter,38.5 micrograms per cubic meter,mean,particulate matter size PM10,Greece,,Athens,,,,,,
19750100,Air Pollution and Inflammatory Response in Myocardial Infarction Survivors: Gene-Environment Interaction in a High Risk Group (AIRGENE),2003-2004,disease | genetics,Environmental,Air Pollutants,traffic-related air pollution,,,101,Subjects with disease:Myocardial Infarction,Greece subset,,54.5 years (mean),Both Males and Females,,,,,"air, ambient",Particulate Matter,27.1 micrograms per cubic meter,25th percentile,particulate matter size PM10,Greece,,Athens,,,,,,
19750100,Air Pollution and Inflammatory Response in Myocardial Infarction Survivors: Gene-Environment Interaction in a High Risk Group (AIRGENE),2003-2004,disease | genetics,Environmental,Air Pollutants,traffic-related air pollution,,,101,Subjects with disease:Myocardial Infarction,Greece subset,,54.5 years (mean),Both Males and Females,,,,,"air, ambient",Particulate Matter,46.4 micrograms per cubic meter,75th percentile,particulate matter size PM10,Greece,,Athens,,,,,,
19750100,Air Pollution and Inflammatory Response in Myocardial Infarction Survivors: Gene-Environment Interaction in a High Risk Group (AIRGENE),2003-2004,disease | genetics,Environmental,Air Pollutants,traffic-related air pollution,,,101,Subjects with disease:Myocardial Infarction,Greece subset,,54.5 years (mean),Both Males and Females,,,,,plasma,IL6,3 picograms per milliliter,mean,,Greece,,Athens,,,,,,
19750100,Air Pollution and Inflammatory Response in Myocardial Infarction Survivors: Gene-Environment Interaction in a High Risk Group (AIRGENE),2003-2004,disease | genetics,Environmental,Air Pollutants,traffic-related air pollution,,,101,Subjects with disease:Myocardial Infarction,Greece subset,,54.5 years (mean),Both Males and Females,,,,,plasma,IL6,0.8 picograms per milliliter,minimum,,Greece,,Athens,,,,,,
19750100,Air Pollution and Inflammatory Response in Myocardial Infarction Survivors: Gene-Environment Interaction in a High Risk Group (AIRGENE),2003-2004,disease | genetics,Environmental,Air Pollutants,traffic-related air pollution,,,101,Subjects with disease:Myocardial Infarction,Greece subset,,54.5 years (mean),Both Males and Females,,,,,plasma,IL6,22.4 picograms per milliliter,maximum,,Greece,,Athens,,,,,,
24915237,INTERGENE/ADONIX,2001-2004,genetics,Environmental,Air Pollutants,traffic-related air pollution,,,119,Subjects with disease:Myocardial Infarction,,13% Current smoker|62% Former smoker|25% Never smoker,60.7 years (mean),,,estimated by dispersion model and calculated exposure levels in 2006-2007,,,,Nitrogen Dioxide,14.9 micrograms per cubic meter,mean,,Sweden,,Gothenburg,,,,,,
19750100,Air Pollution and Inflammatory Response in Myocardial Infarction Survivors: Gene-Environment Interaction in a High Risk Group (AIRGENE),2003-2004,disease | genetics,Environmental,Air Pollutants,traffic-related air pollution,,,132,Subjects with disease:Myocardial Infarction,Italy subset,,62.5 years (mean),Both Males and Females,,,,,"air, ambient",Carbon Monoxide,1.4 milligrams per cubic meter,mean,,Italy,,Rome,,,,,,
19750100,Air Pollution and Inflammatory Response in Myocardial Infarction Survivors: Gene-Environment Interaction in a High Risk Group (AIRGENE),2003-2004,disease | genetics,Environmental,Air Pollutants,traffic-related air pollution,,,132,Subjects with disease:Myocardial Infarction,Italy subset,,62.5 years (mean),Both Males and Females,,,,,"air, ambient",Carbon Monoxide,1.02 milligrams per cubic meter,25th percentile,,Italy,,Rome,,,,,,
19750100,Air Pollution and Inflammatory Response in Myocardial Infarction Survivors: Gene-Environment Interaction in a High Risk Group (AIRGENE),2003-2004,disease | genetics,Environmental,Air Pollutants,traffic-related air pollution,,,132,Subjects with disease:Myocardial Infarction,Italy subset,,62.5 years (mean),Both Males and Females,,,,,"air, ambient",Carbon Monoxide,1.66 milligrams per cubic meter,75th percentile,,Italy,,Rome,,,,,,
19750100,Air Pollution and Inflammatory Response in Myocardial Infarction Survivors: Gene-Environment Interaction in a High Risk Group (AIRGENE),2003-2004,disease | genetics,Environmental,Air Pollutants,traffic-related air pollution,,,132,Subjects with disease:Myocardial Infarction,Italy subset,,62.5 years (mean),Both Males and Females,,,,,"air, ambient",Nitrogen Dioxide,67 micrograms per cubic meter,mean,,Italy,,Rome,,,,,,
19750100,Air Pollution and Inflammatory Response in Myocardial Infarction Survivors: Gene-Environment Interaction in a High Risk Group (AIRGENE),2003-2004,disease | genetics,Environmental,Air Pollutants,traffic-related air pollution,,,132,Subjects with disease:Myocardial Infarction,Italy subset,,62.5 years (mean),Both Males and Females,,,,,"air, ambient",Nitrogen Dioxide,56.7 micrograms per cubic meter,25th percentile,,Italy,,Rome,,,,,,
19750100,Air Pollution and Inflammatory Response in Myocardial Infarction Survivors: Gene-Environment Interaction in a High Risk Group (AIRGENE),2003-2004,disease | genetics,Environmental,Air Pollutants,traffic-related air pollution,,,132,Subjects with disease:Myocardial Infarction,Italy subset,,62.5 years (mean),Both Males and Females,,,,,"air, ambient",Nitrogen Dioxide,76.3 micrograms per cubic meter,75th percentile,,Italy,,Rome,,,,,,
19750100,Air Pollution and Inflammatory Response in Myocardial Infarction Survivors: Gene-Environment Interaction in a High Risk Group (AIRGENE),2003-2004,disease | genetics,Environmental,Air Pollutants,traffic-related air pollution,,,132,Subjects with disease:Myocardial Infarction,Italy subset,,62.5 years (mean),Both Males and Females,,,,,"air, ambient",Particulate Matter,24.6 micrograms per cubic meter,mean,particulate matter size PM2.5,Italy,,Rome,,,,,,
19750100,Air Pollution and Inflammatory Response in Myocardial Infarction Survivors: Gene-Environment Interaction in a High Risk Group (AIRGENE),2003-2004,disease | genetics,Environmental,Air Pollutants,traffic-related air pollution,,,132,Subjects with disease:Myocardial Infarction,Italy subset,,62.5 years (mean),Both Males and Females,,,,,"air, ambient",Particulate Matter,14 micrograms per cubic meter,25th percentile,particulate matter size PM2.5,Italy,,Rome,,,,,,
19750100,Air Pollution and Inflammatory Response in Myocardial Infarction Survivors: Gene-Environment Interaction in a High Risk Group (AIRGENE),2003-2004,disease | genetics,Environmental,Air Pollutants,traffic-related air pollution,,,132,Subjects with disease:Myocardial Infarction,Italy subset,,62.5 years (mean),Both Males and Females,,,,,"air, ambient",Particulate Matter,30.7 micrograms per cubic meter,75th percentile,particulate matter size PM2.5,Italy,,Rome,,,,,,
19750100,Air Pollution and Inflammatory Response in Myocardial Infarction Survivors: Gene-Environment Interaction in a High Risk Group (AIRGENE),2003-2004,disease | genetics,Environmental,Air Pollutants,traffic-related air pollution,,,132,Subjects with disease:Myocardial Infarction,Italy subset,,62.5 years (mean),Both Males and Females,,,,,"air, ambient",Particulate Matter,42.1 micrograms per cubic meter,mean,particulate matter size PM10,Italy,,Rome,,,,,,
19750100,Air Pollution and Inflammatory Response in Myocardial Infarction Survivors: Gene-Environment Interaction in a High Risk Group (AIRGENE),2003-2004,disease | genetics,Environmental,Air Pollutants,traffic-related air pollution,,,132,Subjects with disease:Myocardial Infarction,Italy subset,,62.5 years (mean),Both Males and Females,,,,,"air, ambient",Particulate Matter,30.6 micrograms per cubic meter,25th percentile,particulate matter size PM10,Italy,,Rome,,,,,,
19750100,Air Pollution and Inflammatory Response in Myocardial Infarction Survivors: Gene-Environment Interaction in a High Risk Group (AIRGENE),2003-2004,disease | genetics,Environmental,Air Pollutants,traffic-related air pollution,,,132,Subjects with disease:Myocardial Infarction,Italy subset,,62.5 years (mean),Both Males and Females,,,,,"air, ambient",Particulate Matter,49.9 micrograms per cubic meter,75th percentile,particulate matter size PM10,Italy,,Rome,,,,,,
19750100,Air Pollution and Inflammatory Response in Myocardial Infarction Survivors: Gene-Environment Interaction in a High Risk Group (AIRGENE),2003-2004,disease | genetics,Environmental,Air Pollutants,traffic-related air pollution,,,132,Subjects with disease:Myocardial Infarction,Italy subset,,62.5 years (mean),Both Males and Females,,,,,plasma,IL6,3 picograms per milliliter,mean,,Italy,,Rome,,,,,,
19750100,Air Pollution and Inflammatory Response in Myocardial Infarction Survivors: Gene-Environment Interaction in a High Risk Group (AIRGENE),2003-2004,disease | genetics,Environmental,Air Pollutants,traffic-related air pollution,,,132,Subjects with disease:Myocardial Infarction,Italy subset,,62.5 years (mean),Both Males and Females,,,,,plasma,IL6,1 picograms per milliliter,minimum,,Italy,,Rome,,,,,,
19750100,Air Pollution and Inflammatory Response in Myocardial Infarction Survivors: Gene-Environment Interaction in a High Risk Group (AIRGENE),2003-2004,disease | genetics,Environmental,Air Pollutants,traffic-related air pollution,,,132,Subjects with disease:Myocardial Infarction,Italy subset,,62.5 years (mean),Both Males and Females,,,,,plasma,IL6,61.4 picograms per milliliter,maximum,,Italy,,Rome,,,,,,
19750100,Air Pollution and Inflammatory Response in Myocardial Infarction Survivors: Gene-Environment Interaction in a High Risk Group (AIRGENE),2003-2004,disease | genetics,Environmental,Air Pollutants,traffic-related air pollution,,,160,Subjects with disease:Myocardial Infarction,Spain subset,,62.1 years (mean),Both Males and Females,,,,,"air, ambient",Carbon Monoxide,0.59 milligrams per cubic meter,mean,,Spain,,Barcelona,,,,,,
19750100,Air Pollution and Inflammatory Response in Myocardial Infarction Survivors: Gene-Environment Interaction in a High Risk Group (AIRGENE),2003-2004,disease | genetics,Environmental,Air Pollutants,traffic-related air pollution,,,160,Subjects with disease:Myocardial Infarction,Spain subset,,62.1 years (mean),Both Males and Females,,,,,"air, ambient",Carbon Monoxide,0.45 milligrams per cubic meter,25th percentile,,Spain,,Barcelona,,,,,,
19750100,Air Pollution and Inflammatory Response in Myocardial Infarction Survivors: Gene-Environment Interaction in a High Risk Group (AIRGENE),2003-2004,disease | genetics,Environmental,Air Pollutants,traffic-related air pollution,,,160,Subjects with disease:Myocardial Infarction,Spain subset,,62.1 years (mean),Both Males and Females,,,,,"air, ambient",Carbon Monoxide,0.7 milligrams per cubic meter,75th percentile,,Spain,,Barcelona,,,,,,
19750100,Air Pollution and Inflammatory Response in Myocardial Infarction Survivors: Gene-Environment Interaction in a High Risk Group (AIRGENE),2003-2004,disease | genetics,Environmental,Air Pollutants,traffic-related air pollution,,,160,Subjects with disease:Myocardial Infarction,Spain subset,,62.1 years (mean),Both Males and Females,,,,,"air, ambient",Nitrogen Dioxide,50.5 micrograms per cubic meter,mean,,Spain,,Barcelona,,,,,,
19750100,Air Pollution and Inflammatory Response in Myocardial Infarction Survivors: Gene-Environment Interaction in a High Risk Group (AIRGENE),2003-2004,disease | genetics,Environmental,Air Pollutants,traffic-related air pollution,,,160,Subjects with disease:Myocardial Infarction,Spain subset,,62.1 years (mean),Both Males and Females,,,,,"air, ambient",Nitrogen Dioxide,39.3 micrograms per cubic meter,25th percentile,,Spain,,Barcelona,,,,,,
19750100,Air Pollution and Inflammatory Response in Myocardial Infarction Survivors: Gene-Environment Interaction in a High Risk Group (AIRGENE),2003-2004,disease | genetics,Environmental,Air Pollutants,traffic-related air pollution,,,160,Subjects with disease:Myocardial Infarction,Spain subset,,62.1 years (mean),Both Males and Females,,,,,"air, ambient",Nitrogen Dioxide,60.4 micrograms per cubic meter,75th percentile,,Spain,,Barcelona,,,,,,
19750100,Air Pollution and Inflammatory Response in Myocardial Infarction Survivors: Gene-Environment Interaction in a High Risk Group (AIRGENE),2003-2004,disease | genetics,Environmental,Air Pollutants,traffic-related air pollution,,,160,Subjects with disease:Myocardial Infarction,Spain subset,,62.1 years (mean),Both Males and Females,,,,,"air, ambient",Particulate Matter,24.2 micrograms per cubic meter,mean,particulate matter size PM2.5,Spain,,Barcelona,,,,,,
19750100,Air Pollution and Inflammatory Response in Myocardial Infarction Survivors: Gene-Environment Interaction in a High Risk Group (AIRGENE),2003-2004,disease | genetics,Environmental,Air Pollutants,traffic-related air pollution,,,160,Subjects with disease:Myocardial Infarction,Spain subset,,62.1 years (mean),Both Males and Females,,,,,"air, ambient",Particulate Matter,13.5 micrograms per cubic meter,25th percentile,particulate matter size PM2.5,Spain,,Barcelona,,,,,,
19750100,Air Pollution and Inflammatory Response in Myocardial Infarction Survivors: Gene-Environment Interaction in a High Risk Group (AIRGENE),2003-2004,disease | genetics,Environmental,Air Pollutants,traffic-related air pollution,,,160,Subjects with disease:Myocardial Infarction,Spain subset,,62.1 years (mean),Both Males and Females,,,,,"air, ambient",Particulate Matter,29.7 micrograms per cubic meter,75th percentile,particulate matter size PM2.5,Spain,,Barcelona,,,,,,
19750100,Air Pollution and Inflammatory Response in Myocardial Infarction Survivors: Gene-Environment Interaction in a High Risk Group (AIRGENE),2003-2004,disease | genetics,Environmental,Air Pollutants,traffic-related air pollution,,,160,Subjects with disease:Myocardial Infarction,Spain subset,,62.1 years (mean),Both Males and Females,,,,,"air, ambient",Particulate Matter,40.7 micrograms per cubic meter,mean,particulate matter size PM10,Spain,,Barcelona,,,,,,
19750100,Air Pollution and Inflammatory Response in Myocardial Infarction Survivors: Gene-Environment Interaction in a High Risk Group (AIRGENE),2003-2004,disease | genetics,Environmental,Air Pollutants,traffic-related air pollution,,,160,Subjects with disease:Myocardial Infarction,Spain subset,,62.1 years (mean),Both Males and Females,,,,,"air, ambient",Particulate Matter,25.1 micrograms per cubic meter,25th percentile,particulate matter size PM10,Spain,,Barcelona,,,,,,
19750100,Air Pollution and Inflammatory Response in Myocardial Infarction Survivors: Gene-Environment Interaction in a High Risk Group (AIRGENE),2003-2004,disease | genetics,Environmental,Air Pollutants,traffic-related air pollution,,,160,Subjects with disease:Myocardial Infarction,Spain subset,,62.1 years (mean),Both Males and Females,,,,,"air, ambient",Particulate Matter,49.2 micrograms per cubic meter,75th percentile,particulate matter size PM10,Spain,,Barcelona,,,,,,
19750100,Air Pollution and Inflammatory Response in Myocardial Infarction Survivors: Gene-Environment Interaction in a High Risk Group (AIRGENE),2003-2004,disease | genetics,Environmental,Air Pollutants,traffic-related air pollution,,,160,Subjects with disease:Myocardial Infarction,Spain subset,,62.1 years (mean),Both Males and Females,,,,,plasma,IL6,3.5 picograms per milliliter,mean,,Spain,,Barcelona,,,,,,
19750100,Air Pollution and Inflammatory Response in Myocardial Infarction Survivors: Gene-Environment Interaction in a High Risk Group (AIRGENE),2003-2004,disease | genetics,Environmental,Air Pollutants,traffic-related air pollution,,,160,Subjects with disease:Myocardial Infarction,Spain subset,,62.1 years (mean),Both Males and Females,,,,,plasma,IL6,0.8 picograms per milliliter,minimum,,Spain,,Barcelona,,,,,,
19750100,Air Pollution and Inflammatory Response in Myocardial Infarction Survivors: Gene-Environment Interaction in a High Risk Group (AIRGENE),2003-2004,disease | genetics,Environmental,Air Pollutants,traffic-related air pollution,,,160,Subjects with disease:Myocardial Infarction,Spain subset,,62.1 years (mean),Both Males and Females,,,,,plasma,IL6,28.5 picograms per milliliter,maximum,,Spain,,Barcelona,,,,,,
19750100,Air Pollution and Inflammatory Response in Myocardial Infarction Survivors: Gene-Environment Interaction in a High Risk Group (AIRGENE),2003-2004,disease | genetics,Environmental,Air Pollutants,traffic-related air pollution,,,182,Subjects with disease:Myocardial Infarction,Finland subset,,64.4 years (mean),Both Males and Females,,,,,"air, ambient",Carbon Monoxide,0.31 milligrams per cubic meter,mean,,Finland,,Helsinki,,,,,,
19750100,Air Pollution and Inflammatory Response in Myocardial Infarction Survivors: Gene-Environment Interaction in a High Risk Group (AIRGENE),2003-2004,disease | genetics,Environmental,Air Pollutants,traffic-related air pollution,,,182,Subjects with disease:Myocardial Infarction,Finland subset,,64.4 years (mean),Both Males and Females,,,,,"air, ambient",Carbon Monoxide,0.26 milligrams per cubic meter,25th percentile,,Finland,,Helsinki,,,,,,
19750100,Air Pollution and Inflammatory Response in Myocardial Infarction Survivors: Gene-Environment Interaction in a High Risk Group (AIRGENE),2003-2004,disease | genetics,Environmental,Air Pollutants,traffic-related air pollution,,,182,Subjects with disease:Myocardial Infarction,Finland subset,,64.4 years (mean),Both Males and Females,,,,,"air, ambient",Carbon Monoxide,0.34 milligrams per cubic meter,75th percentile,,Finland,,Helsinki,,,,,,
19750100,Air Pollution and Inflammatory Response in Myocardial Infarction Survivors: Gene-Environment Interaction in a High Risk Group (AIRGENE),2003-2004,disease | genetics,Environmental,Air Pollutants,traffic-related air pollution,,,182,Subjects with disease:Myocardial Infarction,Finland subset,,64.4 years (mean),Both Males and Females,,,,,"air, ambient",Nitrogen Dioxide,28.6 micrograms per cubic meter,mean,,Finland,,Helsinki,,,,,,
19750100,Air Pollution and Inflammatory Response in Myocardial Infarction Survivors: Gene-Environment Interaction in a High Risk Group (AIRGENE),2003-2004,disease | genetics,Environmental,Air Pollutants,traffic-related air pollution,,,182,Subjects with disease:Myocardial Infarction,Finland subset,,64.4 years (mean),Both Males and Females,,,,,"air, ambient",Nitrogen Dioxide,20.5 micrograms per cubic meter,25th percentile,,Finland,,Helsinki,,,,,,
19750100,Air Pollution and Inflammatory Response in Myocardial Infarction Survivors: Gene-Environment Interaction in a High Risk Group (AIRGENE),2003-2004,disease | genetics,Environmental,Air Pollutants,traffic-related air pollution,,,182,Subjects with disease:Myocardial Infarction,Finland subset,,64.4 years (mean),Both Males and Females,,,,,"air, ambient",Nitrogen Dioxide,34.6 micrograms per cubic meter,75th percentile,,Finland,,Helsinki,,,,,,
19750100,Air Pollution and Inflammatory Response in Myocardial Infarction Survivors: Gene-Environment Interaction in a High Risk Group (AIRGENE),2003-2004,disease | genetics,Environmental,Air Pollutants,traffic-related air pollution,,,182,Subjects with disease:Myocardial Infarction,Finland subset,,64.4 years (mean),Both Males and Females,,,,,"air, ambient",Particulate Matter,8.2 micrograms per cubic meter,mean,particulate matter size PM2.5,Finland,,Helsinki,,,,,,
19750100,Air Pollution and Inflammatory Response in Myocardial Infarction Survivors: Gene-Environment Interaction in a High Risk Group (AIRGENE),2003-2004,disease | genetics,Environmental,Air Pollutants,traffic-related air pollution,,,182,Subjects with disease:Myocardial Infarction,Finland subset,,64.4 years (mean),Both Males and Females,,,,,"air, ambient",Particulate Matter,4.7 micrograms per cubic meter,25th percentile,particulate matter size PM2.5,Finland,,Helsinki,,,,,,
19750100,Air Pollution and Inflammatory Response in Myocardial Infarction Survivors: Gene-Environment Interaction in a High Risk Group (AIRGENE),2003-2004,disease | genetics,Environmental,Air Pollutants,traffic-related air pollution,,,182,Subjects with disease:Myocardial Infarction,Finland subset,,64.4 years (mean),Both Males and Females,,,,,"air, ambient",Particulate Matter,10.4 micrograms per cubic meter,75th percentile,particulate matter size PM2.5,Finland,,Helsinki,,,,,,
19750100,Air Pollution and Inflammatory Response in Myocardial Infarction Survivors: Gene-Environment Interaction in a High Risk Group (AIRGENE),2003-2004,disease | genetics,Environmental,Air Pollutants,traffic-related air pollution,,,182,Subjects with disease:Myocardial Infarction,Finland subset,,64.4 years (mean),Both Males and Females,,,,,"air, ambient",Particulate Matter,17.1 micrograms per cubic meter,mean,particulate matter size PM10,Finland,,Helsinki,,,,,,
19750100,Air Pollution and Inflammatory Response in Myocardial Infarction Survivors: Gene-Environment Interaction in a High Risk Group (AIRGENE),2003-2004,disease | genetics,Environmental,Air Pollutants,traffic-related air pollution,,,182,Subjects with disease:Myocardial Infarction,Finland subset,,64.4 years (mean),Both Males and Females,,,,,"air, ambient",Particulate Matter,10.5 micrograms per cubic meter,25th percentile,particulate matter size PM10,Finland,,Helsinki,,,,,,
19750100,Air Pollution and Inflammatory Response in Myocardial Infarction Survivors: Gene-Environment Interaction in a High Risk Group (AIRGENE),2003-2004,disease | genetics,Environmental,Air Pollutants,traffic-related air pollution,,,182,Subjects with disease:Myocardial Infarction,Finland subset,,64.4 years (mean),Both Males and Females,,,,,"air, ambient",Particulate Matter,20.7 micrograms per cubic meter,75th percentile,particulate matter size PM10,Finland,,Helsinki,,,,,,
19750100,Air Pollution and Inflammatory Response in Myocardial Infarction Survivors: Gene-Environment Interaction in a High Risk Group (AIRGENE),2003-2004,disease | genetics,Environmental,Air Pollutants,traffic-related air pollution,,,182,Subjects with disease:Myocardial Infarction,Finland subset,,64.4 years (mean),Both Males and Females,,,,,plasma,IL6,3.1 picograms per milliliter,mean,,Finland,,Helsinki,,,,,,
19750100,Air Pollution and Inflammatory Response in Myocardial Infarction Survivors: Gene-Environment Interaction in a High Risk Group (AIRGENE),2003-2004,disease | genetics,Environmental,Air Pollutants,traffic-related air pollution,,,182,Subjects with disease:Myocardial Infarction,Finland subset,,64.4 years (mean),Both Males and Females,,,,,plasma,IL6,0.9 picograms per milliliter,minimum,,Finland,,Helsinki,,,,,,
19750100,Air Pollution and Inflammatory Response in Myocardial Infarction Survivors: Gene-Environment Interaction in a High Risk Group (AIRGENE),2003-2004,disease | genetics,Environmental,Air Pollutants,traffic-related air pollution,,,182,Subjects with disease:Myocardial Infarction,Finland subset,,64.4 years (mean),Both Males and Females,,,,,plasma,IL6,19.7 picograms per milliliter,maximum,,Finland,,Helsinki,,,,,,
19750100,Air Pollution and Inflammatory Response in Myocardial Infarction Survivors: Gene-Environment Interaction in a High Risk Group (AIRGENE),2003-2004,disease | genetics,Environmental,Air Pollutants,traffic-related air pollution,,,187,Subjects with disease:Myocardial Infarction,Germany subset,,61.9 years (mean),Both Males and Females,,,,,"air, ambient",Carbon Monoxide,0.58 milligrams per cubic meter,mean,,Germany,,Augsburg,,,,,,
19750100,Air Pollution and Inflammatory Response in Myocardial Infarction Survivors: Gene-Environment Interaction in a High Risk Group (AIRGENE),2003-2004,disease | genetics,Environmental,Air Pollutants,traffic-related air pollution,,,187,Subjects with disease:Myocardial Infarction,Germany subset,,61.9 years (mean),Both Males and Females,,,,,"air, ambient",Carbon Monoxide,0.43 milligrams per cubic meter,25th percentile,,Germany,,Augsburg,,,,,,
19750100,Air Pollution and Inflammatory Response in Myocardial Infarction Survivors: Gene-Environment Interaction in a High Risk Group (AIRGENE),2003-2004,disease | genetics,Environmental,Air Pollutants,traffic-related air pollution,,,187,Subjects with disease:Myocardial Infarction,Germany subset,,61.9 years (mean),Both Males and Females,,,,,"air, ambient",Carbon Monoxide,0.66 milligrams per cubic meter,75th percentile,,Germany,,Augsburg,,,,,,
19750100,Air Pollution and Inflammatory Response in Myocardial Infarction Survivors: Gene-Environment Interaction in a High Risk Group (AIRGENE),2003-2004,disease | genetics,Environmental,Air Pollutants,traffic-related air pollution,,,187,Subjects with disease:Myocardial Infarction,Germany subset,,61.9 years (mean),Both Males and Females,,,,,"air, ambient",Nitrogen Dioxide,40 micrograms per cubic meter,mean,,Germany,,Augsburg,,,,,,
19750100,Air Pollution and Inflammatory Response in Myocardial Infarction Survivors: Gene-Environment Interaction in a High Risk Group (AIRGENE),2003-2004,disease | genetics,Environmental,Air Pollutants,traffic-related air pollution,,,187,Subjects with disease:Myocardial Infarction,Germany subset,,61.9 years (mean),Both Males and Females,,,,,"air, ambient",Nitrogen Dioxide,32.7 micrograms per cubic meter,25th percentile,,Germany,,Augsburg,,,,,,
19750100,Air Pollution and Inflammatory Response in Myocardial Infarction Survivors: Gene-Environment Interaction in a High Risk Group (AIRGENE),2003-2004,disease | genetics,Environmental,Air Pollutants,traffic-related air pollution,,,187,Subjects with disease:Myocardial Infarction,Germany subset,,61.9 years (mean),Both Males and Females,,,,,"air, ambient",Nitrogen Dioxide,46.5 micrograms per cubic meter,75th percentile,,Germany,,Augsburg,,,,,,
19750100,Air Pollution and Inflammatory Response in Myocardial Infarction Survivors: Gene-Environment Interaction in a High Risk Group (AIRGENE),2003-2004,disease | genetics,Environmental,Air Pollutants,traffic-related air pollution,,,187,Subjects with disease:Myocardial Infarction,Germany subset,,61.9 years (mean),Both Males and Females,,,,,"air, ambient",Particulate Matter,17.4 micrograms per cubic meter,mean,particulate matter size PM2.5,Germany,,Augsburg,,,,,,
19750100,Air Pollution and Inflammatory Response in Myocardial Infarction Survivors: Gene-Environment Interaction in a High Risk Group (AIRGENE),2003-2004,disease | genetics,Environmental,Air Pollutants,traffic-related air pollution,,,187,Subjects with disease:Myocardial Infarction,Germany subset,,61.9 years (mean),Both Males and Females,,,,,"air, ambient",Particulate Matter,12.2 micrograms per cubic meter,25th percentile,particulate matter size PM2.5,Germany,,Augsburg,,,,,,
19750100,Air Pollution and Inflammatory Response in Myocardial Infarction Survivors: Gene-Environment Interaction in a High Risk Group (AIRGENE),2003-2004,disease | genetics,Environmental,Air Pollutants,traffic-related air pollution,,,187,Subjects with disease:Myocardial Infarction,Germany subset,,61.9 years (mean),Both Males and Females,,,,,"air, ambient",Particulate Matter,21.2 micrograms per cubic meter,75th percentile,particulate matter size PM2.5,Germany,,Augsburg,,,,,,
19750100,Air Pollution and Inflammatory Response in Myocardial Infarction Survivors: Gene-Environment Interaction in a High Risk Group (AIRGENE),2003-2004,disease | genetics,Environmental,Air Pollutants,traffic-related air pollution,,,187,Subjects with disease:Myocardial Infarction,Germany subset,,61.9 years (mean),Both Males and Females,,,,,"air, ambient",Particulate Matter,33.1 micrograms per cubic meter,mean,particulate matter size PM10,Germany,,Augsburg,,,,,,
19750100,Air Pollution and Inflammatory Response in Myocardial Infarction Survivors: Gene-Environment Interaction in a High Risk Group (AIRGENE),2003-2004,disease | genetics,Environmental,Air Pollutants,traffic-related air pollution,,,187,Subjects with disease:Myocardial Infarction,Germany subset,,61.9 years (mean),Both Males and Females,,,,,"air, ambient",Particulate Matter,22 micrograms per cubic meter,25th percentile,particulate matter size PM10,Germany,,Augsburg,,,,,,
19750100,Air Pollution and Inflammatory Response in Myocardial Infarction Survivors: Gene-Environment Interaction in a High Risk Group (AIRGENE),2003-2004,disease | genetics,Environmental,Air Pollutants,traffic-related air pollution,,,187,Subjects with disease:Myocardial Infarction,Germany subset,,61.9 years (mean),Both Males and Females,,,,,"air, ambient",Particulate Matter,42.7 micrograms per cubic meter,75th percentile,particulate matter size PM10,Germany,,Augsburg,,,,,,
19750100,Air Pollution and Inflammatory Response in Myocardial Infarction Survivors: Gene-Environment Interaction in a High Risk Group (AIRGENE),2003-2004,disease | genetics,Environmental,Air Pollutants,traffic-related air pollution,,,187,Subjects with disease:Myocardial Infarction,Germany subset,,61.9 years (mean),Both Males and Females,,,,,plasma,IL6,2.5 picograms per milliliter,mean,,Germany,,Augsburg,,,,,,
19750100,Air Pollution and Inflammatory Response in Myocardial Infarction Survivors: Gene-Environment Interaction in a High Risk Group (AIRGENE),2003-2004,disease | genetics,Environmental,Air Pollutants,traffic-related air pollution,,,187,Subjects with disease:Myocardial Infarction,Germany subset,,61.9 years (mean),Both Males and Females,,,,,plasma,IL6,0.6 picograms per milliliter,minimum,,Germany,,Augsburg,,,,,,
19750100,Air Pollution and Inflammatory Response in Myocardial Infarction Survivors: Gene-Environment Interaction in a High Risk Group (AIRGENE),2003-2004,disease | genetics,Environmental,Air Pollutants,traffic-related air pollution,,,187,Subjects with disease:Myocardial Infarction,Germany subset,,61.9 years (mean),Both Males and Females,,,,,plasma,IL6,11.8 picograms per milliliter,maximum,,Germany,,Augsburg,,,,,,
19750100,Air Pollution and Inflammatory Response in Myocardial Infarction Survivors: Gene-Environment Interaction in a High Risk Group (AIRGENE),2003-2004,disease | genetics,Environmental,Air Pollutants,traffic-related air pollution,,,193,Subjects with disease:Myocardial Infarction,Sweden subset,,64 years (mean),Both Males and Females,,,,,"air, ambient",Carbon Monoxide,0.29 milligrams per cubic meter,mean,,Sweden,,Stockholm,,,,,,
19750100,Air Pollution and Inflammatory Response in Myocardial Infarction Survivors: Gene-Environment Interaction in a High Risk Group (AIRGENE),2003-2004,disease | genetics,Environmental,Air Pollutants,traffic-related air pollution,,,193,Subjects with disease:Myocardial Infarction,Sweden subset,,64 years (mean),Both Males and Females,,,,,"air, ambient",Carbon Monoxide,0.25 milligrams per cubic meter,25th percentile,,Sweden,,Stockholm,,,,,,
19750100,Air Pollution and Inflammatory Response in Myocardial Infarction Survivors: Gene-Environment Interaction in a High Risk Group (AIRGENE),2003-2004,disease | genetics,Environmental,Air Pollutants,traffic-related air pollution,,,193,Subjects with disease:Myocardial Infarction,Sweden subset,,64 years (mean),Both Males and Females,,,,,"air, ambient",Carbon Monoxide,0.34 milligrams per cubic meter,75th percentile,,Sweden,,Stockholm,,,,,,
19750100,Air Pollution and Inflammatory Response in Myocardial Infarction Survivors: Gene-Environment Interaction in a High Risk Group (AIRGENE),2003-2004,disease | genetics,Environmental,Air Pollutants,traffic-related air pollution,,,193,Subjects with disease:Myocardial Infarction,Sweden subset,,64 years (mean),Both Males and Females,,,,,"air, ambient",Nitrogen Dioxide,18.4 micrograms per cubic meter,mean,,Sweden,,Stockholm,,,,,,
19750100,Air Pollution and Inflammatory Response in Myocardial Infarction Survivors: Gene-Environment Interaction in a High Risk Group (AIRGENE),2003-2004,disease | genetics,Environmental,Air Pollutants,traffic-related air pollution,,,193,Subjects with disease:Myocardial Infarction,Sweden subset,,64 years (mean),Both Males and Females,,,,,"air, ambient",Nitrogen Dioxide,12.7 micrograms per cubic meter,25th percentile,,Sweden,,Stockholm,,,,,,
19750100,Air Pollution and Inflammatory Response in Myocardial Infarction Survivors: Gene-Environment Interaction in a High Risk Group (AIRGENE),2003-2004,disease | genetics,Environmental,Air Pollutants,traffic-related air pollution,,,193,Subjects with disease:Myocardial Infarction,Sweden subset,,64 years (mean),Both Males and Females,,,,,"air, ambient",Nitrogen Dioxide,22.9 micrograms per cubic meter,75th percentile,,Sweden,,Stockholm,,,,,,
19750100,Air Pollution and Inflammatory Response in Myocardial Infarction Survivors: Gene-Environment Interaction in a High Risk Group (AIRGENE),2003-2004,disease | genetics,Environmental,Air Pollutants,traffic-related air pollution,,,193,Subjects with disease:Myocardial Infarction,Sweden subset,,64 years (mean),Both Males and Females,,,,,"air, ambient",Particulate Matter,8.8 micrograms per cubic meter,mean,particulate matter size PM2.5,Sweden,,Stockholm,,,,,,
19750100,Air Pollution and Inflammatory Response in Myocardial Infarction Survivors: Gene-Environment Interaction in a High Risk Group (AIRGENE),2003-2004,disease | genetics,Environmental,Air Pollutants,traffic-related air pollution,,,193,Subjects with disease:Myocardial Infarction,Sweden subset,,64 years (mean),Both Males and Females,,,,,"air, ambient",Particulate Matter,6 micrograms per cubic meter,25th percentile,particulate matter size PM2.5,Sweden,,Stockholm,,,,,,
19750100,Air Pollution and Inflammatory Response in Myocardial Infarction Survivors: Gene-Environment Interaction in a High Risk Group (AIRGENE),2003-2004,disease | genetics,Environmental,Air Pollutants,traffic-related air pollution,,,193,Subjects with disease:Myocardial Infarction,Sweden subset,,64 years (mean),Both Males and Females,,,,,"air, ambient",Particulate Matter,10.3 micrograms per cubic meter,75th percentile,particulate matter size PM2.5,Sweden,,Stockholm,,,,,,
19750100,Air Pollution and Inflammatory Response in Myocardial Infarction Survivors: Gene-Environment Interaction in a High Risk Group (AIRGENE),2003-2004,disease | genetics,Environmental,Air Pollutants,traffic-related air pollution,,,193,Subjects with disease:Myocardial Infarction,Sweden subset,,64 years (mean),Both Males and Females,,,,,"air, ambient",Particulate Matter,17.8 micrograms per cubic meter,mean,particulate matter size PM10,Sweden,,Stockholm,,,,,,
19750100,Air Pollution and Inflammatory Response in Myocardial Infarction Survivors: Gene-Environment Interaction in a High Risk Group (AIRGENE),2003-2004,disease | genetics,Environmental,Air Pollutants,traffic-related air pollution,,,193,Subjects with disease:Myocardial Infarction,Sweden subset,,64 years (mean),Both Males and Females,,,,,"air, ambient",Particulate Matter,11 micrograms per cubic meter,25th percentile,particulate matter size PM10,Sweden,,Stockholm,,,,,,
19750100,Air Pollution and Inflammatory Response in Myocardial Infarction Survivors: Gene-Environment Interaction in a High Risk Group (AIRGENE),2003-2004,disease | genetics,Environmental,Air Pollutants,traffic-related air pollution,,,193,Subjects with disease:Myocardial Infarction,Sweden subset,,64 years (mean),Both Males and Females,,,,,"air, ambient",Particulate Matter,21.7 micrograms per cubic meter,75th percentile,particulate matter size PM10,Sweden,,Stockholm,,,,,,
19750100,Air Pollution and Inflammatory Response in Myocardial Infarction Survivors: Gene-Environment Interaction in a High Risk Group (AIRGENE),2003-2004,disease | genetics,Environmental,Air Pollutants,traffic-related air pollution,,,193,Subjects with disease:Myocardial Infarction,Sweden subset,,64 years (mean),Both Males and Females,,,,,plasma,IL6,2.6 picograms per milliliter,mean,,Sweden,,Stockholm,,,,,,
19750100,Air Pollution and Inflammatory Response in Myocardial Infarction Survivors: Gene-Environment Interaction in a High Risk Group (AIRGENE),2003-2004,disease | genetics,Environmental,Air Pollutants,traffic-related air pollution,,,193,Subjects with disease:Myocardial Infarction,Sweden subset,,64 years (mean),Both Males and Females,,,,,plasma,IL6,0.5 picograms per milliliter,minimum,,Sweden,,Stockholm,,,,,,
19750100,Air Pollution and Inflammatory Response in Myocardial Infarction Survivors: Gene-Environment Interaction in a High Risk Group (AIRGENE),2003-2004,disease | genetics,Environmental,Air Pollutants,traffic-related air pollution,,,193,Subjects with disease:Myocardial Infarction,Sweden subset,,64 years (mean),Both Males and Females,,,,,plasma,IL6,24.4 picograms per milliliter,maximum,,Sweden,,Stockholm,,,,,,
24915237,INTERGENE/ADONIX,2001-2004,genetics,Environmental,Air Pollutants,traffic-related air pollution,,,468,Controls for disease:Myocardial Infarction,Hypertensive subjects,19% Current smoker|37% Former smoker|44% Never smoker,59.5 years (mean),,,estimated by dispersion model and calculated exposure levels in 2006-2007,,,,Nitrogen Dioxide,14.9 micrograms per cubic meter,mean,,Sweden,,Gothenburg,,,,,,
28355232,CATHeterization GENetics (CATHGEN),2001-2011,genetics,Environmental,Air Pollutants,traffic-related air pollution,,,538,Subjects with gene influence:FCAMR,rs1856746 and rs2791713 SNPs in PIGR-FCAMR locus,,56.3 years (mean),54% Males (Only)|46% Females (Only),100% Black,Illumina HumanOmni genotyping | residence proximity to major roadways,,,,,,,,United States,North Carolina,,,positive correlation,Coronary Artery Disease,,,
28355232,CATHeterization GENetics (CATHGEN),2001-2011,genetics,Environmental,Air Pollutants,traffic-related air pollution,,,538,Subjects with gene influence:PIGR,rs1856746 and rs2791713 SNPs in PIGR-FCAMR locus,,56.3 years (mean),54% Males (Only)|46% Females (Only),100% Black,Illumina HumanOmni genotyping | residence proximity to major roadways,,,,,,,,United States,North Carolina,,,positive correlation,Coronary Artery Disease,,,
24915237,INTERGENE/ADONIX,2001-2004,genetics,Environmental,Air Pollutants,traffic-related air pollution,,,842,Controls for disease:Myocardial Infarction,non-hypertensive subjects,20% Current smoker|29% Former smoker|51% Never smoker,44 years (mean),,,estimated by dispersion model and calculated exposure levels in 2006-2007,,,,Nitrogen Dioxide,16.1 micrograms per cubic meter,mean,,Sweden,,Gothenburg,,,,,,
19750100,Air Pollution and Inflammatory Response in Myocardial Infarction Survivors: Gene-Environment Interaction in a High Risk Group (AIRGENE),2003-2004,disease | genetics,Environmental,Air Pollutants,traffic-related air pollution,,,955,Subjects with disease:Myocardial Infarction,total 6 countries,,62.2 years (mean),Both Males and Females,,,,,"air, ambient",Carbon Monoxide,0.78 milligrams per cubic meter,mean,,Finland|Germany|Greece|Italy|Spain|Sweden,,,,,,,,
19750100,Air Pollution and Inflammatory Response in Myocardial Infarction Survivors: Gene-Environment Interaction in a High Risk Group (AIRGENE),2003-2004,disease | genetics,Environmental,Air Pollutants,traffic-related air pollution,,,955,Subjects with disease:Myocardial Infarction,total 6 countries,,62.2 years (mean),Both Males and Females,,,,,"air, ambient",Carbon Monoxide,0.56 milligrams per cubic meter,25th percentile,,Finland|Germany|Greece|Italy|Spain|Sweden,,,,,,,,
19750100,Air Pollution and Inflammatory Response in Myocardial Infarction Survivors: Gene-Environment Interaction in a High Risk Group (AIRGENE),2003-2004,disease | genetics,Environmental,Air Pollutants,traffic-related air pollution,,,955,Subjects with disease:Myocardial Infarction,total 6 countries,,62.2 years (mean),Both Males and Females,,,,,"air, ambient",Carbon Monoxide,0.9 milligrams per cubic meter,75th percentile,,Finland|Germany|Greece|Italy|Spain|Sweden,,,,,,,,
19750100,Air Pollution and Inflammatory Response in Myocardial Infarction Survivors: Gene-Environment Interaction in a High Risk Group (AIRGENE),2003-2004,disease | genetics,Environmental,Air Pollutants,traffic-related air pollution,,,955,Subjects with disease:Myocardial Infarction,total 6 countries,,62.2 years (mean),Both Males and Females,,,,,"air, ambient",Nitrogen Dioxide,42.4 micrograms per cubic meter,mean,,Finland|Germany|Greece|Italy|Spain|Sweden,,,,,,,,
19750100,Air Pollution and Inflammatory Response in Myocardial Infarction Survivors: Gene-Environment Interaction in a High Risk Group (AIRGENE),2003-2004,disease | genetics,Environmental,Air Pollutants,traffic-related air pollution,,,955,Subjects with disease:Myocardial Infarction,total 6 countries,,62.2 years (mean),Both Males and Females,,,,,"air, ambient",Nitrogen Dioxide,34 micrograms per cubic meter,25th percentile,,Finland|Germany|Greece|Italy|Spain|Sweden,,,,,,,,
19750100,Air Pollution and Inflammatory Response in Myocardial Infarction Survivors: Gene-Environment Interaction in a High Risk Group (AIRGENE),2003-2004,disease | genetics,Environmental,Air Pollutants,traffic-related air pollution,,,955,Subjects with disease:Myocardial Infarction,total 6 countries,,62.2 years (mean),Both Males and Females,,,,,"air, ambient",Nitrogen Dioxide,49.9 micrograms per cubic meter,75th percentile,,Finland|Germany|Greece|Italy|Spain|Sweden,,,,,,,,
19750100,Air Pollution and Inflammatory Response in Myocardial Infarction Survivors: Gene-Environment Interaction in a High Risk Group (AIRGENE),2003-2004,disease | genetics,Environmental,Air Pollutants,traffic-related air pollution,,,955,Subjects with disease:Myocardial Infarction,total 6 countries,,62.2 years (mean),Both Males and Females,,,,,"air, ambient",Particulate Matter,17.7 micrograms per cubic meter,mean,particulate matter size PM2.5,Finland|Germany|Greece|Italy|Spain|Sweden,,,,,,,,
19750100,Air Pollution and Inflammatory Response in Myocardial Infarction Survivors: Gene-Environment Interaction in a High Risk Group (AIRGENE),2003-2004,disease | genetics,Environmental,Air Pollutants,traffic-related air pollution,,,955,Subjects with disease:Myocardial Infarction,total 6 countries,,62.2 years (mean),Both Males and Females,,,,,"air, ambient",Particulate Matter,10.9 micrograms per cubic meter,25th percentile,particulate matter size PM2.5,Finland|Germany|Greece|Italy|Spain|Sweden,,,,,,,,
19750100,Air Pollution and Inflammatory Response in Myocardial Infarction Survivors: Gene-Environment Interaction in a High Risk Group (AIRGENE),2003-2004,disease | genetics,Environmental,Air Pollutants,traffic-related air pollution,,,955,Subjects with disease:Myocardial Infarction,total 6 countries,,62.2 years (mean),Both Males and Females,,,,,"air, ambient",Particulate Matter,21.9 micrograms per cubic meter,75th percentile,particulate matter size PM2.5,Finland|Germany|Greece|Italy|Spain|Sweden,,,,,,,,
19750100,Air Pollution and Inflammatory Response in Myocardial Infarction Survivors: Gene-Environment Interaction in a High Risk Group (AIRGENE),2003-2004,disease | genetics,Environmental,Air Pollutants,traffic-related air pollution,,,955,Subjects with disease:Myocardial Infarction,total 6 countries,,62.2 years (mean),Both Males and Females,,,,,"air, ambient",Particulate Matter,31.6 micrograms per cubic meter,mean,particulate matter size PM10,Finland|Germany|Greece|Italy|Spain|Sweden,,,,,,,,
19750100,Air Pollution and Inflammatory Response in Myocardial Infarction Survivors: Gene-Environment Interaction in a High Risk Group (AIRGENE),2003-2004,disease | genetics,Environmental,Air Pollutants,traffic-related air pollution,,,955,Subjects with disease:Myocardial Infarction,total 6 countries,,62.2 years (mean),Both Males and Females,,,,,"air, ambient",Particulate Matter,21.1 micrograms per cubic meter,25th percentile,particulate matter size PM10,Finland|Germany|Greece|Italy|Spain|Sweden,,,,,,,,
19750100,Air Pollution and Inflammatory Response in Myocardial Infarction Survivors: Gene-Environment Interaction in a High Risk Group (AIRGENE),2003-2004,disease | genetics,Environmental,Air Pollutants,traffic-related air pollution,,,955,Subjects with disease:Myocardial Infarction,total 6 countries,,62.2 years (mean),Both Males and Females,,,,,"air, ambient",Particulate Matter,38.4 micrograms per cubic meter,75th percentile,particulate matter size PM10,Finland|Germany|Greece|Italy|Spain|Sweden,,,,,,,,
19750100,Air Pollution and Inflammatory Response in Myocardial Infarction Survivors: Gene-Environment Interaction in a High Risk Group (AIRGENE),2003-2004,disease | genetics,Environmental,Air Pollutants,traffic-related air pollution,,,955,Subjects with disease:Myocardial Infarction,total 6 countries,,62.2 years (mean),Both Males and Females,,,,,plasma,IL6,3 picograms per milliliter,mean,,Finland|Germany|Greece|Italy|Spain|Sweden,,,,,,,,
19750100,Air Pollution and Inflammatory Response in Myocardial Infarction Survivors: Gene-Environment Interaction in a High Risk Group (AIRGENE),2003-2004,disease | genetics,Environmental,Air Pollutants,traffic-related air pollution,,,955,Subjects with disease:Myocardial Infarction,total 6 countries,,62.2 years (mean),Both Males and Females,,,,,plasma,IL6,0.5 picograms per milliliter,minimum,,Finland|Germany|Greece|Italy|Spain|Sweden,,,,,,,,
19750100,Air Pollution and Inflammatory Response in Myocardial Infarction Survivors: Gene-Environment Interaction in a High Risk Group (AIRGENE),2003-2004,disease | genetics,Environmental,Air Pollutants,traffic-related air pollution,,,955,Subjects with disease:Myocardial Infarction,total 6 countries,,62.2 years (mean),Both Males and Females,,,,,plasma,IL6,61.4 picograms per milliliter,maximum,,Finland|Germany|Greece|Italy|Spain|Sweden,,,,,,,,
24915237,INTERGENE/ADONIX,2001-2004,genetics,Environmental,Air Pollutants,traffic-related air pollution,,,"1,429",Study subjects,"mix of 119 cases of Myocardial Infarction, 468 hypertensive subjects and 842 non-hypertensive subjects",Current smoker|Former smoker|Never smoker,25-75 years (range),,,logistic regression analysis,,,,,,,,Sweden,,Gothenburg,,positive correlation,Myocardial Infarction,,,
24915237,INTERGENE/ADONIX,2001-2004,genetics,Environmental,Air Pollutants,traffic-related air pollution,,,"1,429",Subjects with gene influence:GSTP1,"mix of 119 cases of Myocardial Infarction, 468 hypertensive subjects and 842 non-hypertensive subjects",Current smoker|Former smoker|Never smoker,25-75 years (range),,,logistic regression analysis,,,,,,,,Sweden,,Gothenburg,,positive correlation,Hypertension,,,"5 of 7 GSTP1 single nucleotide polymorphisms had significant p-value for hypertension; 3 strongest (rs1871042, rs749174, and rs762803) remained significant after Bonferroni-correction"
28355232,CATHeterization GENetics (CATHGEN),2001-2011,genetics,Environmental,Air Pollutants,traffic-related air pollution,,,"1,562",Subjects with gene influence:FCAMR,rs1856746 and rs2791713 SNPs in PIGR-FCAMR locus,,61.2 years (mean),40% Males (Only)|60% Females (Only),100% White,Illumina HumanOmni genotyping | residence proximity to major roadways,,,,,,,,United States,North Carolina,,,positive correlation,Coronary Artery Disease,,,
28355232,CATHeterization GENetics (CATHGEN),2001-2011,genetics,Environmental,Air Pollutants,traffic-related air pollution,,,"1,562",Subjects with gene influence:PIGR,rs1856746 and rs2791713 SNPs in PIGR-FCAMR locus,,61.2 years (mean),40% Males (Only)|60% Females (Only),100% White,Illumina HumanOmni genotyping | residence proximity to major roadways,,,,,,,,United States,North Carolina,,,positive correlation,Coronary Artery Disease,,,
28355232,CATHeterization GENetics (CATHGEN),2001-2011,genetics,Environmental,Air Pollutants,traffic-related air pollution,,,"1,562",Subjects with gene influence:SAMSN1,three intergenic SNPs,,61.2 years (mean),40% Males (Only)|60% Females (Only),100% White,Illumina HumanOmni genotyping | residence proximity to major roadways,,,,,,,,United States,North Carolina,,,positive correlation,Coronary Artery Disease,,,
28417138,European Study of Cohorts for Air Pollution Effects (ESCAPE),2003-2006,,Environmental,Air Pollutants,traffic-related air pollution,,,"41,072",Study subjects,participants free of self-reported hypertension at baseline,,,,,Poisson regression | variance estimation,,,"air, ambient",Particulate Matter,,,PM2.5 and PM2.5 absorbance,Denmark|Germany|Norway|Spain|Sweden,,,,positive correlation,Hypertension,,,"RR = 1.22 (95% CI: 1.08, 1.37) per 5 ug/m3 for PM2.5, and RR = 1.13 (95% CI: 1.02, 1.24) for PM2.5 absorbance"
27472911,"Danish Diet, Cancer, and Health Study (DCH)",1984-2011,,Environmental,Air Pollutants,traffic-related air pollution,,,"50,399",Study subjects,,,56.2 years (mean),Both Males and Females,,Danish AirGIS modelling system,,,"air, ambient",Nitrogen Dioxide,,,,Denmark,,,,positive correlation,Atrial Fibrillation,,,"incidence rate ratio = 1.08 (95% CI: 1.01, 1.14)"
18414630,Worcester Heart Attack Study,2000-2005,,Environmental,Air Pollutants,Traffic-related air pollution,,,"1,389",Subjects with disease:Heart Failure,,,76 years (mean),Both Males and Females,92% White,,,,,,,,,United States,Massachusetts,Worcester,,positive correlation,Death,,,
25387747,,1996-2008,,Environmental,Air Pollutants,urban waste incinerator emissions,,particulate matter with aerodynamic diameter size <= 10 microns,"47,192",Study subjects,,,,Males (Only),,Cox model | Lagrangian dispersion model (SPRAY),,,,,,,,Italy,,Lazio Region,,positive correlation,Cardiovascular Diseases,,,hazard ratio = HR: 1.08; 95%CI 1.03-1.13
26884048,,2011-2012,age,Environmental,Air Pollutants,"vehicle non-exhaust sources (mineral dust, brake and tires)",,,,Study subjects,in both adults and elderly,,>15 years (range),,,ClearfLo project | emergency hospital admissions,,,"air, ambient",Aluminum,,,,United Kingdom,,London,England,positive correlation,Cardiovascular Diseases,,,
27805624,,2013-2015,,Environmental,Air Pollutants,,887,,,Study subjects,,,,,,ambient air-monitoring stations | generalized additive models | Guangdong Provincial Center for Disease Control and Prevention (daily mortality data) | Guangzhou Environmental Monitoring Center,,,"air, ambient",Particulate Matter,,,PM2.5 peak,China,,Guangzhou,,positive correlation,Cardiovascular Diseases,,,"10 micrograms per cubic meter increment of hourly peak PM2.5 at lag 03 day associated with 1.15% (95% CI: 0.67%, 1.63%) increase in cardiovascular disease mortality"
27805624,,2013-2015,,Environmental,Air Pollutants,,887,,,Study subjects,,,,,,ambient air-monitoring stations | generalized additive models | Guangdong Provincial Center for Disease Control and Prevention (daily mortality data) | Guangzhou Environmental Monitoring Center,,,"air, ambient",Particulate Matter,,,PM2.5 peak,China,,Guangzhou,,positive correlation,Myocardial Ischemia,,,"10 micrograms per cubic meter increment of hourly peak PM2.5 at lag 03 day associated with 1.02% (95% CI: 0.30%, 1.74%) increase in ischemic heart disease mortality"
27805624,,2013-2015,,Environmental,Air Pollutants,,887,,,Study subjects,,,,,,ambient air-monitoring stations | generalized additive models | Guangdong Provincial Center for Disease Control and Prevention (daily mortality data) | Guangzhou Environmental Monitoring Center,,,"air, ambient",Particulate Matter,,,PM2.5 peak,China,,Guangzhou,,positive correlation,Cerebrovascular Disorders,,,"10 micrograms per cubic meter increment of hourly peak PM2.5 at lag 03 day associated with 1.09% (95% CI: 0.27%, 1.91%) increase in cerebrovascular disease mortality"
20152037,,2000-2004,,Environmental,Air Pollutants,,,24 hour pollutant levels,,,,,,,,air monitoring,,,air,Nitrogen Dioxide,,,,Spain,,Las Palmas de Gran Canaria,,positive correlation,Heart Diseases,,,
20152037,,2000-2004,,Environmental,Air Pollutants,,,24 hour pollutant levels,,,,,,,,air monitoring,,,air,Ozone,,,,Spain,,Las Palmas de Gran Canaria,,positive correlation,Heart Diseases,,,
20152037,,2000-2004,,Environmental,Air Pollutants,,,24 hour pollutant levels,,,,,,,,air monitoring,,,air,Particulate Matter,,,Particulate Matter <= 10 microns in diameter,Spain,,Las Palmas de Gran Canaria,,positive correlation,Heart Diseases,,,
20152037,,2000-2004,,Environmental,Air Pollutants,,,24 hour pollutant levels,,,,,,,,air monitoring,,,air,Sulfur Dioxide,,,,Spain,,Las Palmas de Gran Canaria,,positive correlation,Heart Diseases,,,
20152037,,2000-2004,,Environmental,Air Pollutants,,,24 hour pollutant levels,,,,,,,,air monitoring,,,air,Ozone,,,,Spain,,Santa Cruz de Tenerife,,positive correlation,Heart Diseases,,,
20152037,,2001-2004,,Environmental,Air Pollutants,,,24 hour pollutant levels,,,,,,,,air monitoring,,,air,Particulate Matter,,,Particulate Matter <= 2.5 microns in diameter,Spain,,Las Palmas de Gran Canaria,,positive correlation,Heart Diseases,,,
26989812,Danish Nurse Cohort,1990-2013,disease | tobacco,Environmental,Air Pollutants,,,,19,Subjects with disease:Myocardial Infarction,nurses (diabetic subjects with myocardial infarction),,,100% Females (Only),,Danish air pollution dispersion modeling system,,,"air, ambient",Particulate Matter,,,,Denmark,,,,prediction/hypothesis,Diabetes Mellitus,,,"association between PM2.5 and diabetes augmented (but without significant interaction) in myocardial infarction subjects, hazard ratio = 1.32 (95% CI: 0.86, 2.02) per interquartile range of 3.1 micrograms per cubic meter"
20123637,,2005-2007,,Environmental,Air Pollutants,,,,60,Subjects with disease:Coronary Artery Disease,"elderly subjects, cool season",,84.1 years (mean),Both Males and Females,,air sampling,,,"air, outdoor",Particulate Matter,8.65 micrograms per cubic meter,mean,"quasi-ultrafine particles (PM0.25), cool season",United States,California,Los Angeles,,,,,,
20123637,,2005-2007,,Environmental,Air Pollutants,,,,60,Subjects with disease:Coronary Artery Disease,"elderly subjects, cool season",,84.1 years (mean),Both Males and Females,,air sampling,,,"air, outdoor",Particulate Matter,3.31 micrograms per cubic meter,miminum,"quasi-ultrafine particles (PM0.25), cool season",United States,California,Los Angeles,,,,,,
20123637,,2005-2007,,Environmental,Air Pollutants,,,,60,Subjects with disease:Coronary Artery Disease,"elderly subjects, cool season",,84.1 years (mean),Both Males and Females,,air sampling,,,"air, outdoor",Particulate Matter,19.3 micrograms per cubic meter,maximum,"quasi-ultrafine particles (PM0.25), cool season",United States,California,Los Angeles,,,,,,
20123637,,2005-2007,,Environmental,Air Pollutants,,,,60,Subjects with disease:Coronary Artery Disease,"elderly subjects, cool season",,84.1 years (mean),Both Males and Females,,air sampling,,,"air, outdoor",Polycyclic Aromatic Hydrocarbons,1.04 nanograms per cubic meter,mean,cool season,United States,California,Los Angeles,,,,,,
20123637,,2005-2007,,Environmental,Air Pollutants,,,,60,Subjects with disease:Coronary Artery Disease,"elderly subjects, cool season",,84.1 years (mean),Both Males and Females,,air sampling,,,"air, outdoor",Polycyclic Aromatic Hydrocarbons,0.4 nanograms per cubic meter,miminum,cool season,United States,California,Los Angeles,,,,,,
20123637,,2005-2007,,Environmental,Air Pollutants,,,,60,Subjects with disease:Coronary Artery Disease,"elderly subjects, cool season",,84.1 years (mean),Both Males and Females,,air sampling,,,"air, outdoor",Polycyclic Aromatic Hydrocarbons,2.7 nanograms per cubic meter,maximum,cool season,United States,California,Los Angeles,,,,,,
20123637,,2005-2007,,Environmental,Air Pollutants,,,,60,Subjects with disease:Coronary Artery Disease,"elderly subjects, cool season",,84.1 years (mean),Both Males and Females,,air sampling,,,"air, outdoor",hopane,0.25 nanograms per cubic meter,mean,cool season,United States,California,Los Angeles,,,,,,
20123637,,2005-2007,,Environmental,Air Pollutants,,,,60,Subjects with disease:Coronary Artery Disease,"elderly subjects, cool season",,84.1 years (mean),Both Males and Females,,air sampling,,,"air, outdoor",hopane,0.06 nanograms per cubic meter,miminum,cool season,United States,California,Los Angeles,,,,,,
20123637,,2005-2007,,Environmental,Air Pollutants,,,,60,Subjects with disease:Coronary Artery Disease,"elderly subjects, cool season",,84.1 years (mean),Both Males and Females,,air sampling,,,"air, outdoor",hopane,0.83 nanograms per cubic meter,maximum,cool season,United States,California,Los Angeles,,,,,,
20123637,,2005-2007,,Environmental,Air Pollutants,,,,60,Subjects with disease:Coronary Artery Disease,"elderly subjects, cool season",,84.1 years (mean),Both Males and Females,,air sampling,,,"air, outdoor",Alkanes,54.8 nanograms per cubic meter,mean,cool season,United States,California,Los Angeles,,,,,,
20123637,,2005-2007,,Environmental,Air Pollutants,,,,60,Subjects with disease:Coronary Artery Disease,"elderly subjects, cool season",,84.1 years (mean),Both Males and Females,,air sampling,,,"air, outdoor",Alkanes,11.7 nanograms per cubic meter,miminum,cool season,United States,California,Los Angeles,,,,,,
20123637,,2005-2007,,Environmental,Air Pollutants,,,,60,Subjects with disease:Coronary Artery Disease,"elderly subjects, cool season",,84.1 years (mean),Both Males and Females,,air sampling,,,"air, outdoor",Alkanes,500 nanograms per cubic meter,maximum,cool season,United States,California,Los Angeles,,,,,,
20123637,,2005-2007,,Environmental,Air Pollutants,,,,60,Subjects with disease:Coronary Artery Disease,"elderly subjects, cool season",,84.1 years (mean),Both Males and Females,,air sampling | high-resolution inductively coupled plasma mass spectrometry,,,"air, outdoor",Vanadium,2.1 nanograms per cubic meter,mean,cool season,United States,California,Los Angeles,,,,,,
20123637,,2005-2007,,Environmental,Air Pollutants,,,,60,Subjects with disease:Coronary Artery Disease,"elderly subjects, cool season",,84.1 years (mean),Both Males and Females,,air sampling | high-resolution inductively coupled plasma mass spectrometry,,,"air, outdoor",Vanadium,0.54 nanograms per cubic meter,miminum,cool season,United States,California,Los Angeles,,,,,,
20123637,,2005-2007,,Environmental,Air Pollutants,,,,60,Subjects with disease:Coronary Artery Disease,"elderly subjects, cool season",,84.1 years (mean),Both Males and Females,,air sampling | high-resolution inductively coupled plasma mass spectrometry,,,"air, outdoor",Vanadium,4.25 nanograms per cubic meter,maximum,cool season,United States,California,Los Angeles,,,,,,
20123637,,2005-2007,,Environmental,Air Pollutants,,,,60,Subjects with disease:Coronary Artery Disease,"elderly subjects, cool season",,84.1 years (mean),Both Males and Females,,air sampling | high-resolution inductively coupled plasma mass spectrometry,,,"air, outdoor",Chromium,0.26 nanograms per cubic meter,mean,cool season,United States,California,Los Angeles,,,,,,
20123637,,2005-2007,,Environmental,Air Pollutants,,,,60,Subjects with disease:Coronary Artery Disease,"elderly subjects, cool season",,84.1 years (mean),Both Males and Females,,air sampling | high-resolution inductively coupled plasma mass spectrometry,,,"air, outdoor",Chromium,1.24 nanograms per cubic meter,maximum,cool season,United States,California,Los Angeles,,,,,,
20123637,,2005-2007,,Environmental,Air Pollutants,,,,60,Subjects with disease:Coronary Artery Disease,"elderly subjects, cool season",,84.1 years (mean),Both Males and Females,,air sampling | high-resolution inductively coupled plasma mass spectrometry,,,"air, outdoor",Manganese,2.02 nanograms per cubic meter,mean,cool season,United States,California,Los Angeles,,,,,,
20123637,,2005-2007,,Environmental,Air Pollutants,,,,60,Subjects with disease:Coronary Artery Disease,"elderly subjects, cool season",,84.1 years (mean),Both Males and Females,,air sampling | high-resolution inductively coupled plasma mass spectrometry,,,"air, outdoor",Manganese,0.27 nanograms per cubic meter,miminum,cool season,United States,California,Los Angeles,,,,,,
20123637,,2005-2007,,Environmental,Air Pollutants,,,,60,Subjects with disease:Coronary Artery Disease,"elderly subjects, cool season",,84.1 years (mean),Both Males and Females,,air sampling | high-resolution inductively coupled plasma mass spectrometry,,,"air, outdoor",Manganese,6.19 nanograms per cubic meter,maximum,cool season,United States,California,Los Angeles,,,,,,
20123637,,2005-2007,,Environmental,Air Pollutants,,,,60,Subjects with disease:Coronary Artery Disease,"elderly subjects, cool season",,84.1 years (mean),Both Males and Females,,air sampling | high-resolution inductively coupled plasma mass spectrometry,,,"air, outdoor",Iron,92.5 nanograms per cubic meter,mean,cool season,United States,California,Los Angeles,,,,,,
20123637,,2005-2007,,Environmental,Air Pollutants,,,,60,Subjects with disease:Coronary Artery Disease,"elderly subjects, cool season",,84.1 years (mean),Both Males and Females,,air sampling | high-resolution inductively coupled plasma mass spectrometry,,,"air, outdoor",Iron,9.39 nanograms per cubic meter,miminum,cool season,United States,California,Los Angeles,,,,,,
20123637,,2005-2007,,Environmental,Air Pollutants,,,,60,Subjects with disease:Coronary Artery Disease,"elderly subjects, cool season",,84.1 years (mean),Both Males and Females,,air sampling | high-resolution inductively coupled plasma mass spectrometry,,,"air, outdoor",Iron,287 nanograms per cubic meter,maximum,cool season,United States,California,Los Angeles,,,,,,
20123637,,2005-2007,,Environmental,Air Pollutants,,,,60,Subjects with disease:Coronary Artery Disease,"elderly subjects, cool season",,84.1 years (mean),Both Males and Females,,air sampling | high-resolution inductively coupled plasma mass spectrometry,,,"air, outdoor",Nickel,0.2 nanograms per cubic meter,mean,cool season,United States,California,Los Angeles,,,,,,
20123637,,2005-2007,,Environmental,Air Pollutants,,,,60,Subjects with disease:Coronary Artery Disease,"elderly subjects, cool season",,84.1 years (mean),Both Males and Females,,air sampling | high-resolution inductively coupled plasma mass spectrometry,,,"air, outdoor",Nickel,1.44 nanograms per cubic meter,maximum,cool season,United States,California,Los Angeles,,,,,,
20123637,,2005-2007,,Environmental,Air Pollutants,,,,60,Subjects with disease:Coronary Artery Disease,"elderly subjects, cool season",,84.1 years (mean),Both Males and Females,,air sampling | high-resolution inductively coupled plasma mass spectrometry,,,"air, outdoor",Copper,4.69 nanograms per cubic meter,mean,cool season,United States,California,Los Angeles,,,,,,
20123637,,2005-2007,,Environmental,Air Pollutants,,,,60,Subjects with disease:Coronary Artery Disease,"elderly subjects, cool season",,84.1 years (mean),Both Males and Females,,air sampling | high-resolution inductively coupled plasma mass spectrometry,,,"air, outdoor",Copper,0.43 nanograms per cubic meter,miminum,cool season,United States,California,Los Angeles,,,,,,
20123637,,2005-2007,,Environmental,Air Pollutants,,,,60,Subjects with disease:Coronary Artery Disease,"elderly subjects, cool season",,84.1 years (mean),Both Males and Females,,air sampling | high-resolution inductively coupled plasma mass spectrometry,,,"air, outdoor",Copper,11.3 nanograms per cubic meter,maximum,cool season,United States,California,Los Angeles,,,,,,
20123637,,2005-2007,,Environmental,Air Pollutants,,,,60,Subjects with disease:Coronary Artery Disease,"elderly subjects, cool season",,84.1 years (mean),Both Males and Females,,air sampling | high-resolution inductively coupled plasma mass spectrometry,,,"air, outdoor",Zinc,6.08 nanograms per cubic meter,mean,cool season,United States,California,Los Angeles,,,,,,
20123637,,2005-2007,,Environmental,Air Pollutants,,,,60,Subjects with disease:Coronary Artery Disease,"elderly subjects, cool season",,84.1 years (mean),Both Males and Females,,air sampling | high-resolution inductively coupled plasma mass spectrometry,,,"air, outdoor",Zinc,1.75 nanograms per cubic meter,miminum,cool season,United States,California,Los Angeles,,,,,,
20123637,,2005-2007,,Environmental,Air Pollutants,,,,60,Subjects with disease:Coronary Artery Disease,"elderly subjects, cool season",,84.1 years (mean),Both Males and Females,,air sampling | high-resolution inductively coupled plasma mass spectrometry,,,"air, outdoor",Zinc,13 nanograms per cubic meter,maximum,cool season,United States,California,Los Angeles,,,,,,
20123637,,2005-2007,,Environmental,Air Pollutants,,,,60,Subjects with disease:Coronary Artery Disease,"elderly subjects, warm season",,84.1 years (mean),Both Males and Females,,air sampling,,,"air, outdoor",Particulate Matter,9.51 micrograms per cubic meter,mean,"quasi-ultrafine particles (PM0.25), warm season",United States,California,Los Angeles,,,,,,
20123637,,2005-2007,,Environmental,Air Pollutants,,,,60,Subjects with disease:Coronary Artery Disease,"elderly subjects, warm season",,84.1 years (mean),Both Males and Females,,air sampling,,,"air, outdoor",Particulate Matter,4.67 micrograms per cubic meter,miminum,"quasi-ultrafine particles (PM0.25), warm season",United States,California,Los Angeles,,,,,,
20123637,,2005-2007,,Environmental,Air Pollutants,,,,60,Subjects with disease:Coronary Artery Disease,"elderly subjects, warm season",,84.1 years (mean),Both Males and Females,,air sampling,,,"air, outdoor",Particulate Matter,14.7 micrograms per cubic meter,maximum,"quasi-ultrafine particles (PM0.25), warm season",United States,California,Los Angeles,,,,,,
20123637,,2005-2007,,Environmental,Air Pollutants,,,,60,Subjects with disease:Coronary Artery Disease,"elderly subjects, warm season",,84.1 years (mean),Both Males and Females,,air sampling,,,"air, outdoor",Polycyclic Aromatic Hydrocarbons,0.88 nanograms per cubic meter,mean,warm season,United States,California,Los Angeles,,,,,,
20123637,,2005-2007,,Environmental,Air Pollutants,,,,60,Subjects with disease:Coronary Artery Disease,"elderly subjects, warm season",,84.1 years (mean),Both Males and Females,,air sampling,,,"air, outdoor",Polycyclic Aromatic Hydrocarbons,0.4 nanograms per cubic meter,miminum,warm season,United States,California,Los Angeles,,,,,,
20123637,,2005-2007,,Environmental,Air Pollutants,,,,60,Subjects with disease:Coronary Artery Disease,"elderly subjects, warm season",,84.1 years (mean),Both Males and Females,,air sampling,,,"air, outdoor",Polycyclic Aromatic Hydrocarbons,1.75 nanograms per cubic meter,maximum,warm season,United States,California,Los Angeles,,,,,,
20123637,,2005-2007,,Environmental,Air Pollutants,,,,60,Subjects with disease:Coronary Artery Disease,"elderly subjects, warm season",,84.1 years (mean),Both Males and Females,,air sampling,,,"air, outdoor",hopane,0.27 nanograms per cubic meter,mean,warm season,United States,California,Los Angeles,,,,,,
20123637,,2005-2007,,Environmental,Air Pollutants,,,,60,Subjects with disease:Coronary Artery Disease,"elderly subjects, warm season",,84.1 years (mean),Both Males and Females,,air sampling,,,"air, outdoor",hopane,0.06 nanograms per cubic meter,miminum,warm season,United States,California,Los Angeles,,,,,,
20123637,,2005-2007,,Environmental,Air Pollutants,,,,60,Subjects with disease:Coronary Artery Disease,"elderly subjects, warm season",,84.1 years (mean),Both Males and Females,,air sampling,,,"air, outdoor",hopane,1.57 nanograms per cubic meter,maximum,warm season,United States,California,Los Angeles,,,,,,
20123637,,2005-2007,,Environmental,Air Pollutants,,,,60,Subjects with disease:Coronary Artery Disease,"elderly subjects, warm season",,84.1 years (mean),Both Males and Females,,air sampling,,,"air, outdoor",Alkanes,36.3 nanograms per cubic meter,mean,warm season,United States,California,Los Angeles,,,,,,
20123637,,2005-2007,,Environmental,Air Pollutants,,,,60,Subjects with disease:Coronary Artery Disease,"elderly subjects, warm season",,84.1 years (mean),Both Males and Females,,air sampling,,,"air, outdoor",Alkanes,9.9 nanograms per cubic meter,miminum,warm season,United States,California,Los Angeles,,,,,,
20123637,,2005-2007,,Environmental,Air Pollutants,,,,60,Subjects with disease:Coronary Artery Disease,"elderly subjects, warm season",,84.1 years (mean),Both Males and Females,,air sampling,,,"air, outdoor",Alkanes,81.2 nanograms per cubic meter,maximum,warm season,United States,California,Los Angeles,,,,,,
20123637,,2005-2007,,Environmental,Air Pollutants,,,,60,Subjects with disease:Coronary Artery Disease,"elderly subjects, warm season",,84.1 years (mean),Both Males and Females,,air sampling | high-resolution inductively coupled plasma mass spectrometry,,,"air, outdoor",Vanadium,4.83 nanograms per cubic meter,mean,warm season,United States,California,Los Angeles,,,,,,
20123637,,2005-2007,,Environmental,Air Pollutants,,,,60,Subjects with disease:Coronary Artery Disease,"elderly subjects, warm season",,84.1 years (mean),Both Males and Females,,air sampling | high-resolution inductively coupled plasma mass spectrometry,,,"air, outdoor",Vanadium,1.66 nanograms per cubic meter,miminum,warm season,United States,California,Los Angeles,,,,,,
20123637,,2005-2007,,Environmental,Air Pollutants,,,,60,Subjects with disease:Coronary Artery Disease,"elderly subjects, warm season",,84.1 years (mean),Both Males and Females,,air sampling | high-resolution inductively coupled plasma mass spectrometry,,,"air, outdoor",Vanadium,11.3 nanograms per cubic meter,maximum,warm season,United States,California,Los Angeles,,,,,,
20123637,,2005-2007,,Environmental,Air Pollutants,,,,60,Subjects with disease:Coronary Artery Disease,"elderly subjects, warm season",,84.1 years (mean),Both Males and Females,,air sampling | high-resolution inductively coupled plasma mass spectrometry,,,"air, outdoor",Chromium,10.2 nanograms per cubic meter,mean,warm season,United States,California,Los Angeles,,,,,,
20123637,,2005-2007,,Environmental,Air Pollutants,,,,60,Subjects with disease:Coronary Artery Disease,"elderly subjects, warm season",,84.1 years (mean),Both Males and Females,,air sampling | high-resolution inductively coupled plasma mass spectrometry,,,"air, outdoor",Chromium,139 nanograms per cubic meter,maximum,warm season,United States,California,Los Angeles,,,,,,
20123637,,2005-2007,,Environmental,Air Pollutants,,,,60,Subjects with disease:Coronary Artery Disease,"elderly subjects, warm season",,84.1 years (mean),Both Males and Females,,air sampling | high-resolution inductively coupled plasma mass spectrometry,,,"air, outdoor",Manganese,3.09 nanograms per cubic meter,mean,warm season,United States,California,Los Angeles,,,,,,
20123637,,2005-2007,,Environmental,Air Pollutants,,,,60,Subjects with disease:Coronary Artery Disease,"elderly subjects, warm season",,84.1 years (mean),Both Males and Females,,air sampling | high-resolution inductively coupled plasma mass spectrometry,,,"air, outdoor",Manganese,13.8 nanograms per cubic meter,maximum,warm season,United States,California,Los Angeles,,,,,,
20123637,,2005-2007,,Environmental,Air Pollutants,,,,60,Subjects with disease:Coronary Artery Disease,"elderly subjects, warm season",,84.1 years (mean),Both Males and Females,,air sampling | high-resolution inductively coupled plasma mass spectrometry,,,"air, outdoor",Iron,144 nanograms per cubic meter,mean,warm season,United States,California,Los Angeles,,,,,,
20123637,,2005-2007,,Environmental,Air Pollutants,,,,60,Subjects with disease:Coronary Artery Disease,"elderly subjects, warm season",,84.1 years (mean),Both Males and Females,,air sampling | high-resolution inductively coupled plasma mass spectrometry,,,"air, outdoor",Iron,588 nanograms per cubic meter,maximum,warm season,United States,California,Los Angeles,,,,,,
20123637,,2005-2007,,Environmental,Air Pollutants,,,,60,Subjects with disease:Coronary Artery Disease,"elderly subjects, warm season",,84.1 years (mean),Both Males and Females,,air sampling | high-resolution inductively coupled plasma mass spectrometry,,,"air, outdoor",Nickel,7.21 nanograms per cubic meter,mean,warm season,United States,California,Los Angeles,,,,,,
20123637,,2005-2007,,Environmental,Air Pollutants,,,,60,Subjects with disease:Coronary Artery Disease,"elderly subjects, warm season",,84.1 years (mean),Both Males and Females,,air sampling | high-resolution inductively coupled plasma mass spectrometry,,,"air, outdoor",Nickel,82.8 nanograms per cubic meter,maximum,warm season,United States,California,Los Angeles,,,,,,
20123637,,2005-2007,,Environmental,Air Pollutants,,,,60,Subjects with disease:Coronary Artery Disease,"elderly subjects, warm season",,84.1 years (mean),Both Males and Females,,air sampling | high-resolution inductively coupled plasma mass spectrometry,,,"air, outdoor",Copper,6.45 nanograms per cubic meter,mean,warm season,United States,California,Los Angeles,,,,,,
20123637,,2005-2007,,Environmental,Air Pollutants,,,,60,Subjects with disease:Coronary Artery Disease,"elderly subjects, warm season",,84.1 years (mean),Both Males and Females,,air sampling | high-resolution inductively coupled plasma mass spectrometry,,,"air, outdoor",Copper,0.35 nanograms per cubic meter,miminum,warm season,United States,California,Los Angeles,,,,,,
20123637,,2005-2007,,Environmental,Air Pollutants,,,,60,Subjects with disease:Coronary Artery Disease,"elderly subjects, warm season",,84.1 years (mean),Both Males and Females,,air sampling | high-resolution inductively coupled plasma mass spectrometry,,,"air, outdoor",Copper,16 nanograms per cubic meter,maximum,warm season,United States,California,Los Angeles,,,,,,
20123637,,2005-2007,,Environmental,Air Pollutants,,,,60,Subjects with disease:Coronary Artery Disease,"elderly subjects, warm season",,84.1 years (mean),Both Males and Females,,air sampling | high-resolution inductively coupled plasma mass spectrometry,,,"air, outdoor",Zinc,6.88 nanograms per cubic meter,mean,warm season,United States,California,Los Angeles,,,,,,
20123637,,2005-2007,,Environmental,Air Pollutants,,,,60,Subjects with disease:Coronary Artery Disease,"elderly subjects, warm season",,84.1 years (mean),Both Males and Females,,air sampling | high-resolution inductively coupled plasma mass spectrometry,,,"air, outdoor",Zinc,15.8 nanograms per cubic meter,maximum,warm season,United States,California,Los Angeles,,,,,,
27460097,,2012-2014,,Environmental,Air Pollutants,,,,93,Study subjects,,100% Non-smoker,74.9 years (mean),27% Males (Only)|73% Females (Only),10% Asian|12% Black|10% Hispanic|5% Other|63% White,plethysmography,,,"air, ambient",Soot,,,,United States,California,Los Angeles,,positive correlation,Hyperemia,,,"IQR change increase in 5-day average soot associated with decreased reactive hyperemia index = -0.093 (95% CI: -0.151, -0.035)"
16793862,,2002-2002,,Environmental,Air Pollutants,,,,125,Subjects with disease:Heart Failure,patients admitted to hospital with congestive heart failure symptom exacerbation,,,Both Males and Females,18% Black|3% Other|79% White,data provided by Baltimore Supersite and Maryland Department of the Environment,,,"air, ambient",Particulate Matter,17 micrograms per cubic meter,mean,8-hour average,United States,Maryland,Baltimore,,,,,,
16793862,,2002-2002,,Environmental,Air Pollutants,,,,125,Subjects with disease:Heart Failure,patients admitted to hospital with congestive heart failure symptom exacerbation,,,Both Males and Females,18% Black|3% Other|79% White,data provided by Baltimore Supersite and Maryland Department of the Environment,,,"air, ambient",Particulate Matter,0.1 micrograms per cubic meter,minimum,8-hour average,United States,Maryland,Baltimore,,,,,,
16793862,,2002-2002,,Environmental,Air Pollutants,,,,125,Subjects with disease:Heart Failure,patients admitted to hospital with congestive heart failure symptom exacerbation,,,Both Males and Females,18% Black|3% Other|79% White,data provided by Baltimore Supersite and Maryland Department of the Environment,,,"air, ambient",Particulate Matter,11.9 micrograms per cubic meter,maximum,8-hour average,United States,Maryland,Baltimore,,,,,,
16793862,,2002-2002,,Environmental,Air Pollutants,,,,125,Subjects with disease:Heart Failure,patients admitted to hospital with congestive heart failure symptom exacerbation,,,Both Males and Females,18% Black|3% Other|79% White,data provided by Baltimore Supersite and Maryland Department of the Environment,,,"air, ambient",Particulate Matter,16 micrograms per cubic meter,mean,24-hour average,United States,Maryland,Baltimore,,,,,,
16793862,,2002-2002,,Environmental,Air Pollutants,,,,125,Subjects with disease:Heart Failure,patients admitted to hospital with congestive heart failure symptom exacerbation,,,Both Males and Females,18% Black|3% Other|79% White,data provided by Baltimore Supersite and Maryland Department of the Environment,,,"air, ambient",Particulate Matter,3.5 micrograms per cubic meter,minimum,24-hour average,United States,Maryland,Baltimore,,,,,,
16793862,,2002-2002,,Environmental,Air Pollutants,,,,125,Subjects with disease:Heart Failure,patients admitted to hospital with congestive heart failure symptom exacerbation,,,Both Males and Females,18% Black|3% Other|79% White,data provided by Baltimore Supersite and Maryland Department of the Environment,,,"air, ambient",Particulate Matter,69.2 micrograms per cubic meter,maximum,24-hour average,United States,Maryland,Baltimore,,,,,,
16793862,,2002-2002,,Environmental,Air Pollutants,,,,125,Subjects with disease:Heart Failure,patients admitted to hospital with congestive heart failure symptom exacerbation,,,Both Males and Females,18% Black|3% Other|79% White,data provided by Baltimore Supersite and Maryland Department of the Environment,,,"air, ambient",Carbon Monoxide,0.4 parts per million,mean,8-hour average,United States,Maryland,Baltimore,,,,,,
16793862,,2002-2002,,Environmental,Air Pollutants,,,,125,Subjects with disease:Heart Failure,patients admitted to hospital with congestive heart failure symptom exacerbation,,,Both Males and Females,18% Black|3% Other|79% White,data provided by Baltimore Supersite and Maryland Department of the Environment,,,"air, ambient",Carbon Monoxide,2.3 parts per million,maximum,8-hour average,United States,Maryland,Baltimore,,,,,,
16793862,,2002-2002,,Environmental,Air Pollutants,,,,125,Subjects with disease:Heart Failure,patients admitted to hospital with congestive heart failure symptom exacerbation,,,Both Males and Females,18% Black|3% Other|79% White,data provided by Baltimore Supersite and Maryland Department of the Environment,,,"air, ambient",Carbon Monoxide,0.4 parts per million,mean,24-hour average,United States,Maryland,Baltimore,,,,,,
16793862,,2002-2002,,Environmental,Air Pollutants,,,,125,Subjects with disease:Heart Failure,patients admitted to hospital with congestive heart failure symptom exacerbation,,,Both Males and Females,18% Black|3% Other|79% White,data provided by Baltimore Supersite and Maryland Department of the Environment,,,"air, ambient",Carbon Monoxide,0.1 parts per million,minimum,24-hour average,United States,Maryland,Baltimore,,,,,,
16793862,,2002-2002,,Environmental,Air Pollutants,,,,125,Subjects with disease:Heart Failure,patients admitted to hospital with congestive heart failure symptom exacerbation,,,Both Males and Females,18% Black|3% Other|79% White,data provided by Baltimore Supersite and Maryland Department of the Environment,,,"air, ambient",Carbon Monoxide,1 parts per million,maximum,24-hour average,United States,Maryland,Baltimore,,,,,,
16793862,,2002-2002,,Environmental,Air Pollutants,,,,125,Subjects with disease:Heart Failure,patients admitted to hospital with congestive heart failure symptom exacerbation,,,Both Males and Females,18% Black|3% Other|79% White,data provided by Baltimore Supersite and Maryland Department of the Environment,,,"air, ambient",Nitrogen Dioxide,26 parts per billion,mean,8-hour average,United States,Maryland,Baltimore,,,,,,
16793862,,2002-2002,,Environmental,Air Pollutants,,,,125,Subjects with disease:Heart Failure,patients admitted to hospital with congestive heart failure symptom exacerbation,,,Both Males and Females,18% Black|3% Other|79% White,data provided by Baltimore Supersite and Maryland Department of the Environment,,,"air, ambient",Nitrogen Dioxide,4 parts per billion,minimum,8-hour average,United States,Maryland,Baltimore,,,,,,
16793862,,2002-2002,,Environmental,Air Pollutants,,,,125,Subjects with disease:Heart Failure,patients admitted to hospital with congestive heart failure symptom exacerbation,,,Both Males and Females,18% Black|3% Other|79% White,data provided by Baltimore Supersite and Maryland Department of the Environment,,,"air, ambient",Nitrogen Dioxide,78 parts per billion,maximum,8-hour average,United States,Maryland,Baltimore,,,,,,
16793862,,2002-2002,,Environmental,Air Pollutants,,,,125,Subjects with disease:Heart Failure,patients admitted to hospital with congestive heart failure symptom exacerbation,,,Both Males and Females,18% Black|3% Other|79% White,data provided by Baltimore Supersite and Maryland Department of the Environment,,,"air, ambient",Nitrogen Dioxide,26 parts per billion,mean,24-hour average,United States,Maryland,Baltimore,,,,,,
16793862,,2002-2002,,Environmental,Air Pollutants,,,,125,Subjects with disease:Heart Failure,patients admitted to hospital with congestive heart failure symptom exacerbation,,,Both Males and Females,18% Black|3% Other|79% White,data provided by Baltimore Supersite and Maryland Department of the Environment,,,"air, ambient",Nitrogen Dioxide,8 parts per billion,minimum,24-hour average,United States,Maryland,Baltimore,,,,,,
16793862,,2002-2002,,Environmental,Air Pollutants,,,,125,Subjects with disease:Heart Failure,patients admitted to hospital with congestive heart failure symptom exacerbation,,,Both Males and Females,18% Black|3% Other|79% White,data provided by Baltimore Supersite and Maryland Department of the Environment,,,"air, ambient",Nitrogen Dioxide,52 parts per billion,maximum,24-hour average,United States,Maryland,Baltimore,,,,,,
16793862,,2002-2002,,Environmental,Air Pollutants,,,,125,Subjects with disease:Heart Failure,patients admitted to hospital with congestive heart failure symptom exacerbation,,,Both Males and Females,18% Black|3% Other|79% White,data provided by Baltimore Supersite and Maryland Department of the Environment,,,"air, ambient",Ozone,31 parts per billion,mean,8-hour average,United States,Maryland,Baltimore,,,,,,
16793862,,2002-2002,,Environmental,Air Pollutants,,,,125,Subjects with disease:Heart Failure,patients admitted to hospital with congestive heart failure symptom exacerbation,,,Both Males and Females,18% Black|3% Other|79% White,data provided by Baltimore Supersite and Maryland Department of the Environment,,,"air, ambient",Ozone,3 parts per billion,minimum,8-hour average,United States,Maryland,Baltimore,,,,,,
16793862,,2002-2002,,Environmental,Air Pollutants,,,,125,Subjects with disease:Heart Failure,patients admitted to hospital with congestive heart failure symptom exacerbation,,,Both Males and Females,18% Black|3% Other|79% White,data provided by Baltimore Supersite and Maryland Department of the Environment,,,"air, ambient",Ozone,120 parts per billion,maximum,8-hour average,United States,Maryland,Baltimore,,,,,,
16793862,,2002-2002,,Environmental,Air Pollutants,,,,125,Subjects with disease:Heart Failure,patients admitted to hospital with congestive heart failure symptom exacerbation,,,Both Males and Females,18% Black|3% Other|79% White,data provided by Baltimore Supersite and Maryland Department of the Environment,,,"air, ambient",Ozone,31 parts per billion,mean,24-hour average,United States,Maryland,Baltimore,,,,,,
16793862,,2002-2002,,Environmental,Air Pollutants,,,,125,Subjects with disease:Heart Failure,patients admitted to hospital with congestive heart failure symptom exacerbation,,,Both Males and Females,18% Black|3% Other|79% White,data provided by Baltimore Supersite and Maryland Department of the Environment,,,"air, ambient",Ozone,3 parts per billion,minimum,24-hour average,United States,Maryland,Baltimore,,,,,,
16793862,,2002-2002,,Environmental,Air Pollutants,,,,125,Subjects with disease:Heart Failure,patients admitted to hospital with congestive heart failure symptom exacerbation,,,Both Males and Females,18% Black|3% Other|79% White,data provided by Baltimore Supersite and Maryland Department of the Environment,,,"air, ambient",Ozone,72 parts per billion,maximum,24-hour average,United States,Maryland,Baltimore,,,,,,
27072425,,2007-2012,,Environmental,Air Pollutants,,,,362,Subjects with disease:ST Elevation Myocardial Infarction,,44% Current smoker,62.3 years (mean),68% Males (Only)|32% Females (Only),15% Black|2% Hispanic|10% Other|74% White,aethalometer (for smoke) | Cardiac Catheterization Laboratory Database | New York State Department of Environmental Conservation,,,"air, ambient",Smoke,0.13 micrograms per cubic meter,mean,"Delta-C (wood smoke), whole year hourly pollutant concentration",United States,New York,Monroe County,,,,,,
27072425,,2007-2012,,Environmental,Air Pollutants,,,,362,Subjects with disease:ST Elevation Myocardial Infarction,,44% Current smoker,62.3 years (mean),68% Males (Only)|32% Females (Only),15% Black|2% Hispanic|10% Other|74% White,aethalometer (for smoke) | Cardiac Catheterization Laboratory Database | New York State Department of Environmental Conservation,,,"air, ambient",Smoke,0.02 micrograms per cubic meter,25th percentile,"Delta-C (wood smoke), whole year hourly pollutant concentration",United States,New York,Monroe County,,,,,,
27072425,,2007-2012,,Environmental,Air Pollutants,,,,362,Subjects with disease:ST Elevation Myocardial Infarction,,44% Current smoker,62.3 years (mean),68% Males (Only)|32% Females (Only),15% Black|2% Hispanic|10% Other|74% White,aethalometer (for smoke) | Cardiac Catheterization Laboratory Database | New York State Department of Environmental Conservation,,,"air, ambient",Smoke,0.06 micrograms per cubic meter,median,"Delta-C (wood smoke), whole year hourly pollutant concentration",United States,New York,Monroe County,,,,,,
27072425,,2007-2012,,Environmental,Air Pollutants,,,,362,Subjects with disease:ST Elevation Myocardial Infarction,,44% Current smoker,62.3 years (mean),68% Males (Only)|32% Females (Only),15% Black|2% Hispanic|10% Other|74% White,aethalometer (for smoke) | Cardiac Catheterization Laboratory Database | New York State Department of Environmental Conservation,,,"air, ambient",Smoke,0.15 micrograms per cubic meter,75th percentile,"Delta-C (wood smoke), whole year hourly pollutant concentration",United States,New York,Monroe County,,,,,,
27072425,,2007-2012,,Environmental,Air Pollutants,,,,362,Subjects with disease:ST Elevation Myocardial Infarction,,44% Current smoker,62.3 years (mean),68% Males (Only)|32% Females (Only),15% Black|2% Hispanic|10% Other|74% White,aethalometer (for smoke) | Cardiac Catheterization Laboratory Database | New York State Department of Environmental Conservation,,,"air, ambient",Smoke,5.4 micrograms per cubic meter,maximum,"Delta-C (wood smoke), whole year hourly pollutant concentration",United States,New York,Monroe County,,,,,,
27072425,,2007-2012,,Environmental,Air Pollutants,,,,362,Subjects with disease:ST Elevation Myocardial Infarction,,44% Current smoker,62.3 years (mean),68% Males (Only)|32% Females (Only),15% Black|2% Hispanic|10% Other|74% White,aethalometer (for smoke) | Cardiac Catheterization Laboratory Database | New York State Department of Environmental Conservation,,,"air, ambient",Smoke,0.2 micrograms per cubic meter,mean,"Delta-C (wood smoke), November-April hourly pollutant concentration",United States,New York,Monroe County,,,,,,
27072425,,2007-2012,,Environmental,Air Pollutants,,,,362,Subjects with disease:ST Elevation Myocardial Infarction,,44% Current smoker,62.3 years (mean),68% Males (Only)|32% Females (Only),15% Black|2% Hispanic|10% Other|74% White,aethalometer (for smoke) | Cardiac Catheterization Laboratory Database | New York State Department of Environmental Conservation,,,"air, ambient",Smoke,0.05 micrograms per cubic meter,25th percentile,"Delta-C (wood smoke), November-April hourly pollutant concentration",United States,New York,Monroe County,,,,,,
27072425,,2007-2012,,Environmental,Air Pollutants,,,,362,Subjects with disease:ST Elevation Myocardial Infarction,,44% Current smoker,62.3 years (mean),68% Males (Only)|32% Females (Only),15% Black|2% Hispanic|10% Other|74% White,aethalometer (for smoke) | Cardiac Catheterization Laboratory Database | New York State Department of Environmental Conservation,,,"air, ambient",Smoke,0.11 micrograms per cubic meter,median,"Delta-C (wood smoke), November-April hourly pollutant concentration",United States,New York,Monroe County,,,,,,
27072425,,2007-2012,,Environmental,Air Pollutants,,,,362,Subjects with disease:ST Elevation Myocardial Infarction,,44% Current smoker,62.3 years (mean),68% Males (Only)|32% Females (Only),15% Black|2% Hispanic|10% Other|74% White,aethalometer (for smoke) | Cardiac Catheterization Laboratory Database | New York State Department of Environmental Conservation,,,"air, ambient",Smoke,0.23 micrograms per cubic meter,75th percentile,"Delta-C (wood smoke), November-April hourly pollutant concentration",United States,New York,Monroe County,,,,,,
27072425,,2007-2012,,Environmental,Air Pollutants,,,,362,Subjects with disease:ST Elevation Myocardial Infarction,,44% Current smoker,62.3 years (mean),68% Males (Only)|32% Females (Only),15% Black|2% Hispanic|10% Other|74% White,aethalometer (for smoke) | Cardiac Catheterization Laboratory Database | New York State Department of Environmental Conservation,,,"air, ambient",Smoke,5.4 micrograms per cubic meter,maximum,"Delta-C (wood smoke), November-April hourly pollutant concentration",United States,New York,Monroe County,,,,,,
27072425,,2007-2012,,Environmental,Air Pollutants,,,,362,Subjects with disease:ST Elevation Myocardial Infarction,,44% Current smoker,62.3 years (mean),68% Males (Only)|32% Females (Only),15% Black|2% Hispanic|10% Other|74% White,aethalometer (for smoke) | Cardiac Catheterization Laboratory Database | New York State Department of Environmental Conservation,,,"air, ambient",Smoke,0.07 micrograms per cubic meter,mean,"Delta-C (wood smoke), May-October hourly pollutant concentration",United States,New York,Monroe County,,,,,,
27072425,,2007-2012,,Environmental,Air Pollutants,,,,362,Subjects with disease:ST Elevation Myocardial Infarction,,44% Current smoker,62.3 years (mean),68% Males (Only)|32% Females (Only),15% Black|2% Hispanic|10% Other|74% White,aethalometer (for smoke) | Cardiac Catheterization Laboratory Database | New York State Department of Environmental Conservation,,,"air, ambient",Smoke,0.004 micrograms per cubic meter,25th percentile,"Delta-C (wood smoke), May-October hourly pollutant concentration",United States,New York,Monroe County,,,,,,
27072425,,2007-2012,,Environmental,Air Pollutants,,,,362,Subjects with disease:ST Elevation Myocardial Infarction,,44% Current smoker,62.3 years (mean),68% Males (Only)|32% Females (Only),15% Black|2% Hispanic|10% Other|74% White,aethalometer (for smoke) | Cardiac Catheterization Laboratory Database | New York State Department of Environmental Conservation,,,"air, ambient",Smoke,0.03 micrograms per cubic meter,median,"Delta-C (wood smoke), May-October hourly pollutant concentration",United States,New York,Monroe County,,,,,,
27072425,,2007-2012,,Environmental,Air Pollutants,,,,362,Subjects with disease:ST Elevation Myocardial Infarction,,44% Current smoker,62.3 years (mean),68% Males (Only)|32% Females (Only),15% Black|2% Hispanic|10% Other|74% White,aethalometer (for smoke) | Cardiac Catheterization Laboratory Database | New York State Department of Environmental Conservation,,,"air, ambient",Smoke,0.08 micrograms per cubic meter,75th percentile,"Delta-C (wood smoke), May-October hourly pollutant concentration",United States,New York,Monroe County,,,,,,
27072425,,2007-2012,,Environmental,Air Pollutants,,,,362,Subjects with disease:ST Elevation Myocardial Infarction,,44% Current smoker,62.3 years (mean),68% Males (Only)|32% Females (Only),15% Black|2% Hispanic|10% Other|74% White,aethalometer (for smoke) | Cardiac Catheterization Laboratory Database | New York State Department of Environmental Conservation,,,"air, ambient",Smoke,4.6 micrograms per cubic meter,maximum,"Delta-C (wood smoke), May-October hourly pollutant concentration",United States,New York,Monroe County,,,,,,
27072425,,2007-2012,,Environmental,Air Pollutants,,,,362,Subjects with disease:ST Elevation Myocardial Infarction,,44% Current smoker,62.3 years (mean),68% Males (Only)|32% Females (Only),15% Black|2% Hispanic|10% Other|74% White,Cardiac Catheterization Laboratory Database | New York State Department of Environmental Conservation | tapered element oscillating microbalance (for particulate matter),,,"air, ambient",Particulate Matter,7.62 micrograms per cubic meter,mean,"PM2.5, whole year hourly pollutant concentration",United States,New York,Monroe County,,,,,,
27072425,,2007-2012,,Environmental,Air Pollutants,,,,362,Subjects with disease:ST Elevation Myocardial Infarction,,44% Current smoker,62.3 years (mean),68% Males (Only)|32% Females (Only),15% Black|2% Hispanic|10% Other|74% White,Cardiac Catheterization Laboratory Database | New York State Department of Environmental Conservation | tapered element oscillating microbalance (for particulate matter),,,"air, ambient",Particulate Matter,3.2 micrograms per cubic meter,25th percentile,"PM2.5, whole year hourly pollutant concentration",United States,New York,Monroe County,,,,,,
27072425,,2007-2012,,Environmental,Air Pollutants,,,,362,Subjects with disease:ST Elevation Myocardial Infarction,,44% Current smoker,62.3 years (mean),68% Males (Only)|32% Females (Only),15% Black|2% Hispanic|10% Other|74% White,Cardiac Catheterization Laboratory Database | New York State Department of Environmental Conservation | tapered element oscillating microbalance (for particulate matter),,,"air, ambient",Particulate Matter,6.3 micrograms per cubic meter,median,"PM2.5, whole year hourly pollutant concentration",United States,New York,Monroe County,,,,,,
27072425,,2007-2012,,Environmental,Air Pollutants,,,,362,Subjects with disease:ST Elevation Myocardial Infarction,,44% Current smoker,62.3 years (mean),68% Males (Only)|32% Females (Only),15% Black|2% Hispanic|10% Other|74% White,Cardiac Catheterization Laboratory Database | New York State Department of Environmental Conservation | tapered element oscillating microbalance (for particulate matter),,,"air, ambient",Particulate Matter,10.3 micrograms per cubic meter,75th percentile,"PM2.5, whole year hourly pollutant concentration",United States,New York,Monroe County,,,,,,
27072425,,2007-2012,,Environmental,Air Pollutants,,,,362,Subjects with disease:ST Elevation Myocardial Infarction,,44% Current smoker,62.3 years (mean),68% Males (Only)|32% Females (Only),15% Black|2% Hispanic|10% Other|74% White,Cardiac Catheterization Laboratory Database | New York State Department of Environmental Conservation | tapered element oscillating microbalance (for particulate matter),,,"air, ambient",Particulate Matter,79.2 micrograms per cubic meter,maximum,"PM2.5, whole year hourly pollutant concentration",United States,New York,Monroe County,,,,,,
27072425,,2007-2012,,Environmental,Air Pollutants,,,,362,Subjects with disease:ST Elevation Myocardial Infarction,,44% Current smoker,62.3 years (mean),68% Males (Only)|32% Females (Only),15% Black|2% Hispanic|10% Other|74% White,Cardiac Catheterization Laboratory Database | New York State Department of Environmental Conservation | tapered element oscillating microbalance (for particulate matter),,,"air, ambient",Particulate Matter,8.18 micrograms per cubic meter,mean,"PM2.5, November-April hourly pollutant concentration",United States,New York,Monroe County,,,,,,
27072425,,2007-2012,,Environmental,Air Pollutants,,,,362,Subjects with disease:ST Elevation Myocardial Infarction,,44% Current smoker,62.3 years (mean),68% Males (Only)|32% Females (Only),15% Black|2% Hispanic|10% Other|74% White,Cardiac Catheterization Laboratory Database | New York State Department of Environmental Conservation | tapered element oscillating microbalance (for particulate matter),,,"air, ambient",Particulate Matter,4.64 micrograms per cubic meter,25th percentile,"PM2.5, November-April hourly pollutant concentration",United States,New York,Monroe County,,,,,,
27072425,,2007-2012,,Environmental,Air Pollutants,,,,362,Subjects with disease:ST Elevation Myocardial Infarction,,44% Current smoker,62.3 years (mean),68% Males (Only)|32% Females (Only),15% Black|2% Hispanic|10% Other|74% White,Cardiac Catheterization Laboratory Database | New York State Department of Environmental Conservation | tapered element oscillating microbalance (for particulate matter),,,"air, ambient",Particulate Matter,7.3 micrograms per cubic meter,median,"PM2.5, November-April hourly pollutant concentration",United States,New York,Monroe County,,,,,,
27072425,,2007-2012,,Environmental,Air Pollutants,,,,362,Subjects with disease:ST Elevation Myocardial Infarction,,44% Current smoker,62.3 years (mean),68% Males (Only)|32% Females (Only),15% Black|2% Hispanic|10% Other|74% White,Cardiac Catheterization Laboratory Database | New York State Department of Environmental Conservation | tapered element oscillating microbalance (for particulate matter),,,"air, ambient",Particulate Matter,10.6 micrograms per cubic meter,75th percentile,"PM2.5, November-April hourly pollutant concentration",United States,New York,Monroe County,,,,,,
27072425,,2007-2012,,Environmental,Air Pollutants,,,,362,Subjects with disease:ST Elevation Myocardial Infarction,,44% Current smoker,62.3 years (mean),68% Males (Only)|32% Females (Only),15% Black|2% Hispanic|10% Other|74% White,Cardiac Catheterization Laboratory Database | New York State Department of Environmental Conservation | tapered element oscillating microbalance (for particulate matter),,,"air, ambient",Particulate Matter,79.2 micrograms per cubic meter,maximum,"PM2.5, November-April hourly pollutant concentration",United States,New York,Monroe County,,,,,,
27072425,,2007-2012,,Environmental,Air Pollutants,,,,362,Subjects with disease:ST Elevation Myocardial Infarction,,44% Current smoker,62.3 years (mean),68% Males (Only)|32% Females (Only),15% Black|2% Hispanic|10% Other|74% White,Cardiac Catheterization Laboratory Database | New York State Department of Environmental Conservation | tapered element oscillating microbalance (for particulate matter),,,"air, ambient",Particulate Matter,7.08 micrograms per cubic meter,mean,"PM2.5, May-October hourly pollutant concentration",United States,New York,Monroe County,,,,,,
27072425,,2007-2012,,Environmental,Air Pollutants,,,,362,Subjects with disease:ST Elevation Myocardial Infarction,,44% Current smoker,62.3 years (mean),68% Males (Only)|32% Females (Only),15% Black|2% Hispanic|10% Other|74% White,Cardiac Catheterization Laboratory Database | New York State Department of Environmental Conservation | tapered element oscillating microbalance (for particulate matter),,,"air, ambient",Particulate Matter,2 micrograms per cubic meter,25th percentile,"PM2.5, May-October hourly pollutant concentration",United States,New York,Monroe County,,,,,,
27072425,,2007-2012,,Environmental,Air Pollutants,,,,362,Subjects with disease:ST Elevation Myocardial Infarction,,44% Current smoker,62.3 years (mean),68% Males (Only)|32% Females (Only),15% Black|2% Hispanic|10% Other|74% White,Cardiac Catheterization Laboratory Database | New York State Department of Environmental Conservation | tapered element oscillating microbalance (for particulate matter),,,"air, ambient",Particulate Matter,4.9 micrograms per cubic meter,median,"PM2.5, May-October hourly pollutant concentration",United States,New York,Monroe County,,,,,,
27072425,,2007-2012,,Environmental,Air Pollutants,,,,362,Subjects with disease:ST Elevation Myocardial Infarction,,44% Current smoker,62.3 years (mean),68% Males (Only)|32% Females (Only),15% Black|2% Hispanic|10% Other|74% White,Cardiac Catheterization Laboratory Database | New York State Department of Environmental Conservation | tapered element oscillating microbalance (for particulate matter),,,"air, ambient",Particulate Matter,9.8 micrograms per cubic meter,75th percentile,"PM2.5, May-October hourly pollutant concentration",United States,New York,Monroe County,,,,,,
27072425,,2007-2012,,Environmental,Air Pollutants,,,,362,Subjects with disease:ST Elevation Myocardial Infarction,,44% Current smoker,62.3 years (mean),68% Males (Only)|32% Females (Only),15% Black|2% Hispanic|10% Other|74% White,Cardiac Catheterization Laboratory Database | New York State Department of Environmental Conservation | tapered element oscillating microbalance (for particulate matter),,,"air, ambient",Particulate Matter,64.01 micrograms per cubic meter,maximum,"PM2.5, May-October hourly pollutant concentration",United States,New York,Monroe County,,,,,,
27072425,,2007-2012,,Environmental,Air Pollutants,,,,362,Subjects with disease:ST Elevation Myocardial Infarction,,44% Current smoker,62.3 years (mean),68% Males (Only)|32% Females (Only),15% Black|2% Hispanic|10% Other|74% White,Cardiac Catheterization Laboratory Database | Federal Equivalent Method gas monitors (for pollutant gases) | New York State Department of Environmental Conservation,,,"air, ambient",Nitrogen Dioxide,8.11 parts per billion,mean,whole year hourly pollutant concentration,United States,New York,Monroe County,,,,,,
27072425,,2007-2012,,Environmental,Air Pollutants,,,,362,Subjects with disease:ST Elevation Myocardial Infarction,,44% Current smoker,62.3 years (mean),68% Males (Only)|32% Females (Only),15% Black|2% Hispanic|10% Other|74% White,Cardiac Catheterization Laboratory Database | Federal Equivalent Method gas monitors (for pollutant gases) | New York State Department of Environmental Conservation,,,"air, ambient",Nitrogen Dioxide,3.6 parts per billion,25th percentile,whole year hourly pollutant concentration,United States,New York,Monroe County,,,,,,
27072425,,2007-2012,,Environmental,Air Pollutants,,,,362,Subjects with disease:ST Elevation Myocardial Infarction,,44% Current smoker,62.3 years (mean),68% Males (Only)|32% Females (Only),15% Black|2% Hispanic|10% Other|74% White,Cardiac Catheterization Laboratory Database | Federal Equivalent Method gas monitors (for pollutant gases) | New York State Department of Environmental Conservation,,,"air, ambient",Nitrogen Dioxide,6.1 parts per billion,median,whole year hourly pollutant concentration,United States,New York,Monroe County,,,,,,
27072425,,2007-2012,,Environmental,Air Pollutants,,,,362,Subjects with disease:ST Elevation Myocardial Infarction,,44% Current smoker,62.3 years (mean),68% Males (Only)|32% Females (Only),15% Black|2% Hispanic|10% Other|74% White,Cardiac Catheterization Laboratory Database | Federal Equivalent Method gas monitors (for pollutant gases) | New York State Department of Environmental Conservation,,,"air, ambient",Nitrogen Dioxide,10.5 parts per billion,75th percentile,whole year hourly pollutant concentration,United States,New York,Monroe County,,,,,,
27072425,,2007-2012,,Environmental,Air Pollutants,,,,362,Subjects with disease:ST Elevation Myocardial Infarction,,44% Current smoker,62.3 years (mean),68% Males (Only)|32% Females (Only),15% Black|2% Hispanic|10% Other|74% White,Cardiac Catheterization Laboratory Database | Federal Equivalent Method gas monitors (for pollutant gases) | New York State Department of Environmental Conservation,,,"air, ambient",Nitrogen Dioxide,58 parts per billion,maximum,whole year hourly pollutant concentration,United States,New York,Monroe County,,,,,,
27072425,,2007-2012,,Environmental,Air Pollutants,,,,362,Subjects with disease:ST Elevation Myocardial Infarction,,44% Current smoker,62.3 years (mean),68% Males (Only)|32% Females (Only),15% Black|2% Hispanic|10% Other|74% White,Cardiac Catheterization Laboratory Database | Federal Equivalent Method gas monitors (for pollutant gases) | New York State Department of Environmental Conservation,,,"air, ambient",Nitrogen Dioxide,9.44 parts per billion,mean,November-April hourly pollutant concentration,United States,New York,Monroe County,,,,,,
27072425,,2007-2012,,Environmental,Air Pollutants,,,,362,Subjects with disease:ST Elevation Myocardial Infarction,,44% Current smoker,62.3 years (mean),68% Males (Only)|32% Females (Only),15% Black|2% Hispanic|10% Other|74% White,Cardiac Catheterization Laboratory Database | Federal Equivalent Method gas monitors (for pollutant gases) | New York State Department of Environmental Conservation,,,"air, ambient",Nitrogen Dioxide,4.1 parts per billion,25th percentile,November-April hourly pollutant concentration,United States,New York,Monroe County,,,,,,
27072425,,2007-2012,,Environmental,Air Pollutants,,,,362,Subjects with disease:ST Elevation Myocardial Infarction,,44% Current smoker,62.3 years (mean),68% Males (Only)|32% Females (Only),15% Black|2% Hispanic|10% Other|74% White,Cardiac Catheterization Laboratory Database | Federal Equivalent Method gas monitors (for pollutant gases) | New York State Department of Environmental Conservation,,,"air, ambient",Nitrogen Dioxide,7 parts per billion,median,November-April hourly pollutant concentration,United States,New York,Monroe County,,,,,,
27072425,,2007-2012,,Environmental,Air Pollutants,,,,362,Subjects with disease:ST Elevation Myocardial Infarction,,44% Current smoker,62.3 years (mean),68% Males (Only)|32% Females (Only),15% Black|2% Hispanic|10% Other|74% White,Cardiac Catheterization Laboratory Database | Federal Equivalent Method gas monitors (for pollutant gases) | New York State Department of Environmental Conservation,,,"air, ambient",Nitrogen Dioxide,11.9 parts per billion,75th percentile,November-April hourly pollutant concentration,United States,New York,Monroe County,,,,,,
27072425,,2007-2012,,Environmental,Air Pollutants,,,,362,Subjects with disease:ST Elevation Myocardial Infarction,,44% Current smoker,62.3 years (mean),68% Males (Only)|32% Females (Only),15% Black|2% Hispanic|10% Other|74% White,Cardiac Catheterization Laboratory Database | Federal Equivalent Method gas monitors (for pollutant gases) | New York State Department of Environmental Conservation,,,"air, ambient",Nitrogen Dioxide,58 parts per billion,maximum,November-April hourly pollutant concentration,United States,New York,Monroe County,,,,,,
27072425,,2007-2012,,Environmental,Air Pollutants,,,,362,Subjects with disease:ST Elevation Myocardial Infarction,,44% Current smoker,62.3 years (mean),68% Males (Only)|32% Females (Only),15% Black|2% Hispanic|10% Other|74% White,Cardiac Catheterization Laboratory Database | Federal Equivalent Method gas monitors (for pollutant gases) | New York State Department of Environmental Conservation,,,"air, ambient",Nitrogen Dioxide,7.01 parts per billion,mean,May-October hourly pollutant concentration,United States,New York,Monroe County,,,,,,
27072425,,2007-2012,,Environmental,Air Pollutants,,,,362,Subjects with disease:ST Elevation Myocardial Infarction,,44% Current smoker,62.3 years (mean),68% Males (Only)|32% Females (Only),15% Black|2% Hispanic|10% Other|74% White,Cardiac Catheterization Laboratory Database | Federal Equivalent Method gas monitors (for pollutant gases) | New York State Department of Environmental Conservation,,,"air, ambient",Nitrogen Dioxide,3.1 parts per billion,25th percentile,May-October hourly pollutant concentration,United States,New York,Monroe County,,,,,,
27072425,,2007-2012,,Environmental,Air Pollutants,,,,362,Subjects with disease:ST Elevation Myocardial Infarction,,44% Current smoker,62.3 years (mean),68% Males (Only)|32% Females (Only),15% Black|2% Hispanic|10% Other|74% White,Cardiac Catheterization Laboratory Database | Federal Equivalent Method gas monitors (for pollutant gases) | New York State Department of Environmental Conservation,,,"air, ambient",Nitrogen Dioxide,5.4 parts per billion,median,May-October hourly pollutant concentration,United States,New York,Monroe County,,,,,,
27072425,,2007-2012,,Environmental,Air Pollutants,,,,362,Subjects with disease:ST Elevation Myocardial Infarction,,44% Current smoker,62.3 years (mean),68% Males (Only)|32% Females (Only),15% Black|2% Hispanic|10% Other|74% White,Cardiac Catheterization Laboratory Database | Federal Equivalent Method gas monitors (for pollutant gases) | New York State Department of Environmental Conservation,,,"air, ambient",Nitrogen Dioxide,9.3 parts per billion,75th percentile,May-October hourly pollutant concentration,United States,New York,Monroe County,,,,,,
27072425,,2007-2012,,Environmental,Air Pollutants,,,,362,Subjects with disease:ST Elevation Myocardial Infarction,,44% Current smoker,62.3 years (mean),68% Males (Only)|32% Females (Only),15% Black|2% Hispanic|10% Other|74% White,Cardiac Catheterization Laboratory Database | Federal Equivalent Method gas monitors (for pollutant gases) | New York State Department of Environmental Conservation,,,"air, ambient",Nitrogen Dioxide,46.5 parts per billion,maximum,May-October hourly pollutant concentration,United States,New York,Monroe County,,,,,,
27072425,,2007-2012,,Environmental,Air Pollutants,,,,362,Subjects with disease:ST Elevation Myocardial Infarction,,44% Current smoker,62.3 years (mean),68% Males (Only)|32% Females (Only),15% Black|2% Hispanic|10% Other|74% White,Cardiac Catheterization Laboratory Database | Federal Equivalent Method gas monitors (for pollutant gases) | New York State Department of Environmental Conservation,,,"air, ambient",Sulfur Dioxide,0.003 parts per billion,mean,whole year hourly pollutant concentration,United States,New York,Monroe County,,,,,,
27072425,,2007-2012,,Environmental,Air Pollutants,,,,362,Subjects with disease:ST Elevation Myocardial Infarction,,44% Current smoker,62.3 years (mean),68% Males (Only)|32% Females (Only),15% Black|2% Hispanic|10% Other|74% White,Cardiac Catheterization Laboratory Database | Federal Equivalent Method gas monitors (for pollutant gases) | New York State Department of Environmental Conservation,,,"air, ambient",Sulfur Dioxide,0.001 parts per billion,25th percentile,whole year hourly pollutant concentration,United States,New York,Monroe County,,,,,,
27072425,,2007-2012,,Environmental,Air Pollutants,,,,362,Subjects with disease:ST Elevation Myocardial Infarction,,44% Current smoker,62.3 years (mean),68% Males (Only)|32% Females (Only),15% Black|2% Hispanic|10% Other|74% White,Cardiac Catheterization Laboratory Database | Federal Equivalent Method gas monitors (for pollutant gases) | New York State Department of Environmental Conservation,,,"air, ambient",Sulfur Dioxide,0.002 parts per billion,median,whole year hourly pollutant concentration,United States,New York,Monroe County,,,,,,
27072425,,2007-2012,,Environmental,Air Pollutants,,,,362,Subjects with disease:ST Elevation Myocardial Infarction,,44% Current smoker,62.3 years (mean),68% Males (Only)|32% Females (Only),15% Black|2% Hispanic|10% Other|74% White,Cardiac Catheterization Laboratory Database | Federal Equivalent Method gas monitors (for pollutant gases) | New York State Department of Environmental Conservation,,,"air, ambient",Sulfur Dioxide,0.003 parts per billion,75th percentile,whole year hourly pollutant concentration,United States,New York,Monroe County,,,,,,
27072425,,2007-2012,,Environmental,Air Pollutants,,,,362,Subjects with disease:ST Elevation Myocardial Infarction,,44% Current smoker,62.3 years (mean),68% Males (Only)|32% Females (Only),15% Black|2% Hispanic|10% Other|74% White,Cardiac Catheterization Laboratory Database | Federal Equivalent Method gas monitors (for pollutant gases) | New York State Department of Environmental Conservation,,,"air, ambient",Sulfur Dioxide,0.144 parts per billion,maximum,whole year hourly pollutant concentration,United States,New York,Monroe County,,,,,,
27072425,,2007-2012,,Environmental,Air Pollutants,,,,362,Subjects with disease:ST Elevation Myocardial Infarction,,44% Current smoker,62.3 years (mean),68% Males (Only)|32% Females (Only),15% Black|2% Hispanic|10% Other|74% White,Cardiac Catheterization Laboratory Database | Federal Equivalent Method gas monitors (for pollutant gases) | New York State Department of Environmental Conservation,,,"air, ambient",Sulfur Dioxide,0.003 parts per billion,mean,November-April hourly pollutant concentration,United States,New York,Monroe County,,,,,,
27072425,,2007-2012,,Environmental,Air Pollutants,,,,362,Subjects with disease:ST Elevation Myocardial Infarction,,44% Current smoker,62.3 years (mean),68% Males (Only)|32% Females (Only),15% Black|2% Hispanic|10% Other|74% White,Cardiac Catheterization Laboratory Database | Federal Equivalent Method gas monitors (for pollutant gases) | New York State Department of Environmental Conservation,,,"air, ambient",Sulfur Dioxide,0.001 parts per billion,25th percentile,November-April hourly pollutant concentration,United States,New York,Monroe County,,,,,,
27072425,,2007-2012,,Environmental,Air Pollutants,,,,362,Subjects with disease:ST Elevation Myocardial Infarction,,44% Current smoker,62.3 years (mean),68% Males (Only)|32% Females (Only),15% Black|2% Hispanic|10% Other|74% White,Cardiac Catheterization Laboratory Database | Federal Equivalent Method gas monitors (for pollutant gases) | New York State Department of Environmental Conservation,,,"air, ambient",Sulfur Dioxide,0.002 parts per billion,median,November-April hourly pollutant concentration,United States,New York,Monroe County,,,,,,
27072425,,2007-2012,,Environmental,Air Pollutants,,,,362,Subjects with disease:ST Elevation Myocardial Infarction,,44% Current smoker,62.3 years (mean),68% Males (Only)|32% Females (Only),15% Black|2% Hispanic|10% Other|74% White,Cardiac Catheterization Laboratory Database | Federal Equivalent Method gas monitors (for pollutant gases) | New York State Department of Environmental Conservation,,,"air, ambient",Sulfur Dioxide,0.003 parts per billion,75th percentile,November-April hourly pollutant concentration,United States,New York,Monroe County,,,,,,
27072425,,2007-2012,,Environmental,Air Pollutants,,,,362,Subjects with disease:ST Elevation Myocardial Infarction,,44% Current smoker,62.3 years (mean),68% Males (Only)|32% Females (Only),15% Black|2% Hispanic|10% Other|74% White,Cardiac Catheterization Laboratory Database | Federal Equivalent Method gas monitors (for pollutant gases) | New York State Department of Environmental Conservation,,,"air, ambient",Sulfur Dioxide,0.053 parts per billion,maximum,November-April hourly pollutant concentration,United States,New York,Monroe County,,,,,,
27072425,,2007-2012,,Environmental,Air Pollutants,,,,362,Subjects with disease:ST Elevation Myocardial Infarction,,44% Current smoker,62.3 years (mean),68% Males (Only)|32% Females (Only),15% Black|2% Hispanic|10% Other|74% White,Cardiac Catheterization Laboratory Database | Federal Equivalent Method gas monitors (for pollutant gases) | New York State Department of Environmental Conservation,,,"air, ambient",Sulfur Dioxide,0.003 parts per billion,mean,May-October hourly pollutant concentration,United States,New York,Monroe County,,,,,,
27072425,,2007-2012,,Environmental,Air Pollutants,,,,362,Subjects with disease:ST Elevation Myocardial Infarction,,44% Current smoker,62.3 years (mean),68% Males (Only)|32% Females (Only),15% Black|2% Hispanic|10% Other|74% White,Cardiac Catheterization Laboratory Database | Federal Equivalent Method gas monitors (for pollutant gases) | New York State Department of Environmental Conservation,,,"air, ambient",Sulfur Dioxide,0.001 parts per billion,25th percentile,May-October hourly pollutant concentration,United States,New York,Monroe County,,,,,,
27072425,,2007-2012,,Environmental,Air Pollutants,,,,362,Subjects with disease:ST Elevation Myocardial Infarction,,44% Current smoker,62.3 years (mean),68% Males (Only)|32% Females (Only),15% Black|2% Hispanic|10% Other|74% White,Cardiac Catheterization Laboratory Database | Federal Equivalent Method gas monitors (for pollutant gases) | New York State Department of Environmental Conservation,,,"air, ambient",Sulfur Dioxide,0.001 parts per billion,median,May-October hourly pollutant concentration,United States,New York,Monroe County,,,,,,
27072425,,2007-2012,,Environmental,Air Pollutants,,,,362,Subjects with disease:ST Elevation Myocardial Infarction,,44% Current smoker,62.3 years (mean),68% Males (Only)|32% Females (Only),15% Black|2% Hispanic|10% Other|74% White,Cardiac Catheterization Laboratory Database | Federal Equivalent Method gas monitors (for pollutant gases) | New York State Department of Environmental Conservation,,,"air, ambient",Sulfur Dioxide,0.002 parts per billion,75th percentile,May-October hourly pollutant concentration,United States,New York,Monroe County,,,,,,
27072425,,2007-2012,,Environmental,Air Pollutants,,,,362,Subjects with disease:ST Elevation Myocardial Infarction,,44% Current smoker,62.3 years (mean),68% Males (Only)|32% Females (Only),15% Black|2% Hispanic|10% Other|74% White,Cardiac Catheterization Laboratory Database | Federal Equivalent Method gas monitors (for pollutant gases) | New York State Department of Environmental Conservation,,,"air, ambient",Sulfur Dioxide,0.144 parts per billion,maximum,May-October hourly pollutant concentration,United States,New York,Monroe County,,,,,,
27072425,,2007-2012,,Environmental,Air Pollutants,,,,362,Subjects with disease:ST Elevation Myocardial Infarction,,44% Current smoker,62.3 years (mean),68% Males (Only)|32% Females (Only),15% Black|2% Hispanic|10% Other|74% White,Cardiac Catheterization Laboratory Database | Federal Equivalent Method gas monitors (for pollutant gases) | New York State Department of Environmental Conservation,,,"air, ambient",Ozone,27.4 parts per billion,mean,whole year hourly pollutant concentration,United States,New York,Monroe County,,,,,,
27072425,,2007-2012,,Environmental,Air Pollutants,,,,362,Subjects with disease:ST Elevation Myocardial Infarction,,44% Current smoker,62.3 years (mean),68% Males (Only)|32% Females (Only),15% Black|2% Hispanic|10% Other|74% White,Cardiac Catheterization Laboratory Database | Federal Equivalent Method gas monitors (for pollutant gases) | New York State Department of Environmental Conservation,,,"air, ambient",Ozone,17 parts per billion,25th percentile,whole year hourly pollutant concentration,United States,New York,Monroe County,,,,,,
27072425,,2007-2012,,Environmental,Air Pollutants,,,,362,Subjects with disease:ST Elevation Myocardial Infarction,,44% Current smoker,62.3 years (mean),68% Males (Only)|32% Females (Only),15% Black|2% Hispanic|10% Other|74% White,Cardiac Catheterization Laboratory Database | Federal Equivalent Method gas monitors (for pollutant gases) | New York State Department of Environmental Conservation,,,"air, ambient",Ozone,27 parts per billion,median,whole year hourly pollutant concentration,United States,New York,Monroe County,,,,,,
27072425,,2007-2012,,Environmental,Air Pollutants,,,,362,Subjects with disease:ST Elevation Myocardial Infarction,,44% Current smoker,62.3 years (mean),68% Males (Only)|32% Females (Only),15% Black|2% Hispanic|10% Other|74% White,Cardiac Catheterization Laboratory Database | Federal Equivalent Method gas monitors (for pollutant gases) | New York State Department of Environmental Conservation,,,"air, ambient",Ozone,36.9 parts per billion,75th percentile,whole year hourly pollutant concentration,United States,New York,Monroe County,,,,,,
27072425,,2007-2012,,Environmental,Air Pollutants,,,,362,Subjects with disease:ST Elevation Myocardial Infarction,,44% Current smoker,62.3 years (mean),68% Males (Only)|32% Females (Only),15% Black|2% Hispanic|10% Other|74% White,Cardiac Catheterization Laboratory Database | Federal Equivalent Method gas monitors (for pollutant gases) | New York State Department of Environmental Conservation,,,"air, ambient",Ozone,104 parts per billion,maximum,whole year hourly pollutant concentration,United States,New York,Monroe County,,,,,,
27072425,,2007-2012,,Environmental,Air Pollutants,,,,362,Subjects with disease:ST Elevation Myocardial Infarction,,44% Current smoker,62.3 years (mean),68% Males (Only)|32% Females (Only),15% Black|2% Hispanic|10% Other|74% White,Cardiac Catheterization Laboratory Database | Federal Equivalent Method gas monitors (for pollutant gases) | New York State Department of Environmental Conservation,,,"air, ambient",Ozone,25.4 parts per billion,mean,November-April hourly pollutant concentration,United States,New York,Monroe County,,,,,,
27072425,,2007-2012,,Environmental,Air Pollutants,,,,362,Subjects with disease:ST Elevation Myocardial Infarction,,44% Current smoker,62.3 years (mean),68% Males (Only)|32% Females (Only),15% Black|2% Hispanic|10% Other|74% White,Cardiac Catheterization Laboratory Database | Federal Equivalent Method gas monitors (for pollutant gases) | New York State Department of Environmental Conservation,,,"air, ambient",Ozone,17 parts per billion,25th percentile,November-April hourly pollutant concentration,United States,New York,Monroe County,,,,,,
27072425,,2007-2012,,Environmental,Air Pollutants,,,,362,Subjects with disease:ST Elevation Myocardial Infarction,,44% Current smoker,62.3 years (mean),68% Males (Only)|32% Females (Only),15% Black|2% Hispanic|10% Other|74% White,Cardiac Catheterization Laboratory Database | Federal Equivalent Method gas monitors (for pollutant gases) | New York State Department of Environmental Conservation,,,"air, ambient",Ozone,26 parts per billion,median,November-April hourly pollutant concentration,United States,New York,Monroe County,,,,,,
27072425,,2007-2012,,Environmental,Air Pollutants,,,,362,Subjects with disease:ST Elevation Myocardial Infarction,,44% Current smoker,62.3 years (mean),68% Males (Only)|32% Females (Only),15% Black|2% Hispanic|10% Other|74% White,Cardiac Catheterization Laboratory Database | Federal Equivalent Method gas monitors (for pollutant gases) | New York State Department of Environmental Conservation,,,"air, ambient",Ozone,34 parts per billion,75th percentile,November-April hourly pollutant concentration,United States,New York,Monroe County,,,,,,
27072425,,2007-2012,,Environmental,Air Pollutants,,,,362,Subjects with disease:ST Elevation Myocardial Infarction,,44% Current smoker,62.3 years (mean),68% Males (Only)|32% Females (Only),15% Black|2% Hispanic|10% Other|74% White,Cardiac Catheterization Laboratory Database | Federal Equivalent Method gas monitors (for pollutant gases) | New York State Department of Environmental Conservation,,,"air, ambient",Ozone,92 parts per billion,maximum,November-April hourly pollutant concentration,United States,New York,Monroe County,,,,,,
27072425,,2007-2012,,Environmental,Air Pollutants,,,,362,Subjects with disease:ST Elevation Myocardial Infarction,,44% Current smoker,62.3 years (mean),68% Males (Only)|32% Females (Only),15% Black|2% Hispanic|10% Other|74% White,Cardiac Catheterization Laboratory Database | Federal Equivalent Method gas monitors (for pollutant gases) | New York State Department of Environmental Conservation,,,"air, ambient",Ozone,29.4 parts per billion,mean,May-October hourly pollutant concentration,United States,New York,Monroe County,,,,,,
27072425,,2007-2012,,Environmental,Air Pollutants,,,,362,Subjects with disease:ST Elevation Myocardial Infarction,,44% Current smoker,62.3 years (mean),68% Males (Only)|32% Females (Only),15% Black|2% Hispanic|10% Other|74% White,Cardiac Catheterization Laboratory Database | Federal Equivalent Method gas monitors (for pollutant gases) | New York State Department of Environmental Conservation,,,"air, ambient",Ozone,17 parts per billion,25th percentile,May-October hourly pollutant concentration,United States,New York,Monroe County,,,,,,
27072425,,2007-2012,,Environmental,Air Pollutants,,,,362,Subjects with disease:ST Elevation Myocardial Infarction,,44% Current smoker,62.3 years (mean),68% Males (Only)|32% Females (Only),15% Black|2% Hispanic|10% Other|74% White,Cardiac Catheterization Laboratory Database | Federal Equivalent Method gas monitors (for pollutant gases) | New York State Department of Environmental Conservation,,,"air, ambient",Ozone,28 parts per billion,median,May-October hourly pollutant concentration,United States,New York,Monroe County,,,,,,
27072425,,2007-2012,,Environmental,Air Pollutants,,,,362,Subjects with disease:ST Elevation Myocardial Infarction,,44% Current smoker,62.3 years (mean),68% Males (Only)|32% Females (Only),15% Black|2% Hispanic|10% Other|74% White,Cardiac Catheterization Laboratory Database | Federal Equivalent Method gas monitors (for pollutant gases) | New York State Department of Environmental Conservation,,,"air, ambient",Ozone,40.3 parts per billion,75th percentile,May-October hourly pollutant concentration,United States,New York,Monroe County,,,,,,
27072425,,2007-2012,,Environmental,Air Pollutants,,,,362,Subjects with disease:ST Elevation Myocardial Infarction,,44% Current smoker,62.3 years (mean),68% Males (Only)|32% Females (Only),15% Black|2% Hispanic|10% Other|74% White,Cardiac Catheterization Laboratory Database | Federal Equivalent Method gas monitors (for pollutant gases) | New York State Department of Environmental Conservation,,,"air, ambient",Ozone,104 parts per billion,maximum,May-October hourly pollutant concentration,United States,New York,Monroe County,,,,,,
27072425,,2007-2012,,Environmental,Air Pollutants,,,,362,Subjects with disease:ST Elevation Myocardial Infarction,,44% Current smoker,62.3 years (mean),68% Males (Only)|32% Females (Only),15% Black|2% Hispanic|10% Other|74% White,Cardiac Catheterization Laboratory Database | Federal Equivalent Method gas monitors (for pollutant gases) | New York State Department of Environmental Conservation,,,"air, ambient",Carbon Monoxide,0.35 parts per million,mean,whole year hourly pollutant concentration,United States,New York,Monroe County,,,,,,
27072425,,2007-2012,,Environmental,Air Pollutants,,,,362,Subjects with disease:ST Elevation Myocardial Infarction,,44% Current smoker,62.3 years (mean),68% Males (Only)|32% Females (Only),15% Black|2% Hispanic|10% Other|74% White,Cardiac Catheterization Laboratory Database | Federal Equivalent Method gas monitors (for pollutant gases) | New York State Department of Environmental Conservation,,,"air, ambient",Carbon Monoxide,0.2 parts per million,25th percentile,whole year hourly pollutant concentration,United States,New York,Monroe County,,,,,,
27072425,,2007-2012,,Environmental,Air Pollutants,,,,362,Subjects with disease:ST Elevation Myocardial Infarction,,44% Current smoker,62.3 years (mean),68% Males (Only)|32% Females (Only),15% Black|2% Hispanic|10% Other|74% White,Cardiac Catheterization Laboratory Database | Federal Equivalent Method gas monitors (for pollutant gases) | New York State Department of Environmental Conservation,,,"air, ambient",Carbon Monoxide,0.3 parts per million,median,whole year hourly pollutant concentration,United States,New York,Monroe County,,,,,,
27072425,,2007-2012,,Environmental,Air Pollutants,,,,362,Subjects with disease:ST Elevation Myocardial Infarction,,44% Current smoker,62.3 years (mean),68% Males (Only)|32% Females (Only),15% Black|2% Hispanic|10% Other|74% White,Cardiac Catheterization Laboratory Database | Federal Equivalent Method gas monitors (for pollutant gases) | New York State Department of Environmental Conservation,,,"air, ambient",Carbon Monoxide,0.42 parts per million,75th percentile,whole year hourly pollutant concentration,United States,New York,Monroe County,,,,,,
27072425,,2007-2012,,Environmental,Air Pollutants,,,,362,Subjects with disease:ST Elevation Myocardial Infarction,,44% Current smoker,62.3 years (mean),68% Males (Only)|32% Females (Only),15% Black|2% Hispanic|10% Other|74% White,Cardiac Catheterization Laboratory Database | Federal Equivalent Method gas monitors (for pollutant gases) | New York State Department of Environmental Conservation,,,"air, ambient",Carbon Monoxide,2.2 parts per million,maximum,whole year hourly pollutant concentration,United States,New York,Monroe County,,,,,,
27072425,,2007-2012,,Environmental,Air Pollutants,,,,362,Subjects with disease:ST Elevation Myocardial Infarction,,44% Current smoker,62.3 years (mean),68% Males (Only)|32% Females (Only),15% Black|2% Hispanic|10% Other|74% White,Cardiac Catheterization Laboratory Database | Federal Equivalent Method gas monitors (for pollutant gases) | New York State Department of Environmental Conservation,,,"air, ambient",Carbon Monoxide,0.37 parts per million,mean,November-April hourly pollutant concentration,United States,New York,Monroe County,,,,,,
27072425,,2007-2012,,Environmental,Air Pollutants,,,,362,Subjects with disease:ST Elevation Myocardial Infarction,,44% Current smoker,62.3 years (mean),68% Males (Only)|32% Females (Only),15% Black|2% Hispanic|10% Other|74% White,Cardiac Catheterization Laboratory Database | Federal Equivalent Method gas monitors (for pollutant gases) | New York State Department of Environmental Conservation,,,"air, ambient",Carbon Monoxide,0.2 parts per million,25th percentile,November-April hourly pollutant concentration,United States,New York,Monroe County,,,,,,
27072425,,2007-2012,,Environmental,Air Pollutants,,,,362,Subjects with disease:ST Elevation Myocardial Infarction,,44% Current smoker,62.3 years (mean),68% Males (Only)|32% Females (Only),15% Black|2% Hispanic|10% Other|74% White,Cardiac Catheterization Laboratory Database | Federal Equivalent Method gas monitors (for pollutant gases) | New York State Department of Environmental Conservation,,,"air, ambient",Carbon Monoxide,0.32 parts per million,median,November-April hourly pollutant concentration,United States,New York,Monroe County,,,,,,
27072425,,2007-2012,,Environmental,Air Pollutants,,,,362,Subjects with disease:ST Elevation Myocardial Infarction,,44% Current smoker,62.3 years (mean),68% Males (Only)|32% Females (Only),15% Black|2% Hispanic|10% Other|74% White,Cardiac Catheterization Laboratory Database | Federal Equivalent Method gas monitors (for pollutant gases) | New York State Department of Environmental Conservation,,,"air, ambient",Carbon Monoxide,0.5 parts per million,75th percentile,November-April hourly pollutant concentration,United States,New York,Monroe County,,,,,,
27072425,,2007-2012,,Environmental,Air Pollutants,,,,362,Subjects with disease:ST Elevation Myocardial Infarction,,44% Current smoker,62.3 years (mean),68% Males (Only)|32% Females (Only),15% Black|2% Hispanic|10% Other|74% White,Cardiac Catheterization Laboratory Database | Federal Equivalent Method gas monitors (for pollutant gases) | New York State Department of Environmental Conservation,,,"air, ambient",Carbon Monoxide,1.62 parts per million,maximum,November-April hourly pollutant concentration,United States,New York,Monroe County,,,,,,
27072425,,2007-2012,,Environmental,Air Pollutants,,,,362,Subjects with disease:ST Elevation Myocardial Infarction,,44% Current smoker,62.3 years (mean),68% Males (Only)|32% Females (Only),15% Black|2% Hispanic|10% Other|74% White,Cardiac Catheterization Laboratory Database | Federal Equivalent Method gas monitors (for pollutant gases) | New York State Department of Environmental Conservation,,,"air, ambient",Carbon Monoxide,0.32 parts per million,mean,May-October hourly pollutant concentration,United States,New York,Monroe County,,,,,,
27072425,,2007-2012,,Environmental,Air Pollutants,,,,362,Subjects with disease:ST Elevation Myocardial Infarction,,44% Current smoker,62.3 years (mean),68% Males (Only)|32% Females (Only),15% Black|2% Hispanic|10% Other|74% White,Cardiac Catheterization Laboratory Database | Federal Equivalent Method gas monitors (for pollutant gases) | New York State Department of Environmental Conservation,,,"air, ambient",Carbon Monoxide,0.2 parts per million,25th percentile,May-October hourly pollutant concentration,United States,New York,Monroe County,,,,,,
27072425,,2007-2012,,Environmental,Air Pollutants,,,,362,Subjects with disease:ST Elevation Myocardial Infarction,,44% Current smoker,62.3 years (mean),68% Males (Only)|32% Females (Only),15% Black|2% Hispanic|10% Other|74% White,Cardiac Catheterization Laboratory Database | Federal Equivalent Method gas monitors (for pollutant gases) | New York State Department of Environmental Conservation,,,"air, ambient",Carbon Monoxide,0.3 parts per million,median,May-October hourly pollutant concentration,United States,New York,Monroe County,,,,,,
27072425,,2007-2012,,Environmental,Air Pollutants,,,,362,Subjects with disease:ST Elevation Myocardial Infarction,,44% Current smoker,62.3 years (mean),68% Males (Only)|32% Females (Only),15% Black|2% Hispanic|10% Other|74% White,Cardiac Catheterization Laboratory Database | Federal Equivalent Method gas monitors (for pollutant gases) | New York State Department of Environmental Conservation,,,"air, ambient",Carbon Monoxide,0.4 parts per million,75th percentile,May-October hourly pollutant concentration,United States,New York,Monroe County,,,,,,
27072425,,2007-2012,,Environmental,Air Pollutants,,,,362,Subjects with disease:ST Elevation Myocardial Infarction,,44% Current smoker,62.3 years (mean),68% Males (Only)|32% Females (Only),15% Black|2% Hispanic|10% Other|74% White,Cardiac Catheterization Laboratory Database | Federal Equivalent Method gas monitors (for pollutant gases) | New York State Department of Environmental Conservation,,,"air, ambient",Carbon Monoxide,2.2 parts per million,maximum,May-October hourly pollutant concentration,United States,New York,Monroe County,,,,,,
27072425,,2007-2012,,Environmental,Air Pollutants,,,,362,Subjects with disease:ST Elevation Myocardial Infarction,,44% Current smoker,62.3 years (mean),68% Males (Only)|32% Females (Only),15% Black|2% Hispanic|10% Other|74% White,Cardiac Catheterization Laboratory Database | New York State Department of Environmental Conservation | tapered element oscillating microbalance (for particulate matter),,,"air, ambient",Particulate Matter,,,,United States,New York,Monroe County,,positive correlation,ST Elevation Myocardial Infarction,,,"increased odds associated with each 7.1 microgram per cubic meter increase in PM2.5, OR = 1.17 (95% CI: 0.99, 1.39)"
27072425,,2007-2012,,Environmental,Air Pollutants,,,,362,Subjects with disease:ST Elevation Myocardial Infarction,,44% Current smoker,62.3 years (mean),68% Males (Only)|32% Females (Only),15% Black|2% Hispanic|10% Other|74% White,Cardiac Catheterization Laboratory Database | Federal Equivalent Method gas monitors (for pollutant gases) | New York State Department of Environmental Conservation,,,"air, ambient",Ozone,,,,United States,New York,Monroe County,,positive correlation,ST Elevation Myocardial Infarction,,,"increased odds associated with each 19.9 ppb increase in ozone, OR = 1.27 (95% CI: 1.00, 1.63)"
27072425,,2007-2012,,Environmental,Air Pollutants,,,,362,Subjects with disease:ST Elevation Myocardial Infarction,,44% Current smoker,62.3 years (mean),68% Males (Only)|32% Females (Only),15% Black|2% Hispanic|10% Other|74% White,Cardiac Catheterization Laboratory Database | Federal Equivalent Method gas monitors (for pollutant gases) | New York State Department of Environmental Conservation,,,"air, ambient",Carbon Monoxide,,,,United States,New York,Monroe County,,positive correlation,ST Elevation Myocardial Infarction,,,"increased odds associated with each 0.22 ppm increase in carbon monoxide, OR = 1.32 (95% CI: 1.00, 1.73)"
27072425,,2007-2012,,Environmental,Air Pollutants,,,,362,Subjects with disease:ST Elevation Myocardial Infarction,,44% Current smoker,62.3 years (mean),68% Males (Only)|32% Females (Only),15% Black|2% Hispanic|10% Other|74% White,aethalometer (for smoke) | Cardiac Catheterization Laboratory Database | New York State Department of Environmental Conservation,,,"air, ambient",Smoke,,,,United States,New York,Monroe County,,no correlation,ST Elevation Myocardial Infarction,,,
27458717,,2000-2010,,Environmental,Air Pollutants,,,,695,Children,children admitted to hospital for Kawasaki disease,,2.54 years (mean),Both Males and Females,,air monitoring stations | conditional logistic regression | inverse distance weighting | Longitudinal Health Insurance Database 2000,,,"air, ambient",Ozone,28.73 parts per billion,interquartile range,8-hour daily average,"Taiwan, Province of China",,,,positive correlation,Mucocutaneous Lymph Node Syndrome,,,"IQR increase of ozone was positively associated with Kawasaki disease, adjusted odds ratio = 1.21 (95% CI: 1.01, 1.44)"
27458717,,2000-2010,,Environmental,Air Pollutants,,,,695,Children,children admitted to hospital for Kawasaki disease,,2.54 years (mean),Both Males and Females,,air monitoring stations | conditional logistic regression | inverse distance weighting | Longitudinal Health Insurance Database 2000,,,"air, ambient",Carbon Monoxide,0.34 parts per million,interquartile range,24-hour daily average,"Taiwan, Province of China",,,,no correlation,Mucocutaneous Lymph Node Syndrome,,,
27458717,,2000-2010,,Environmental,Air Pollutants,,,,695,Children,children admitted to hospital for Kawasaki disease,,2.54 years (mean),Both Males and Females,,air monitoring stations | conditional logistic regression | inverse distance weighting | Longitudinal Health Insurance Database 2000,,,"air, ambient",Nitrogen Dioxide,13.34 parts per billion,interquartile range,24-hour daily average,"Taiwan, Province of China",,,,no correlation,Mucocutaneous Lymph Node Syndrome,,,
27458717,,2000-2010,,Environmental,Air Pollutants,,,,695,Children,children admitted to hospital for Kawasaki disease,,2.54 years (mean),Both Males and Females,,air monitoring stations | conditional logistic regression | inverse distance weighting | Longitudinal Health Insurance Database 2000,,,"air, ambient",Particulate Matter,40.6 micrograms per cubic meter,interquartile range,"PM10, 24-hour daily average","Taiwan, Province of China",,,,no correlation,Mucocutaneous Lymph Node Syndrome,,,
27458717,,2000-2010,,Environmental,Air Pollutants,,,,695,Children,children admitted to hospital for Kawasaki disease,,2.54 years (mean),Both Males and Females,,air monitoring stations | conditional logistic regression | inverse distance weighting | Longitudinal Health Insurance Database 2000,,,"air, ambient",Sulfur Dioxide,3.47 parts per billion,interquartile range,24-hour daily average,"Taiwan, Province of China",,,,no correlation,Mucocutaneous Lymph Node Syndrome,,,
27458717,,2000-2010,,Environmental,Air Pollutants,,,,695,Subjects with disease:Mucocutaneous Lymph Node Syndrome,children admitted to hospital for Kawasaki disease,,2.54 years (mean),Both Males and Females,,air monitoring stations | conditional logistic regression | inverse distance weighting | Longitudinal Health Insurance Database 2000,,,"air, ambient",Ozone,28.73 parts per billion,interquartile range,8-hour daily average,"Taiwan, Province of China",,,,positive correlation,Mucocutaneous Lymph Node Syndrome,,,"IQR increase of ozone was positively associated with Kawasaki disease, adjusted odds ratio = 1.21 (95% CI: 1.01, 1.44)"
27458717,,2000-2010,,Environmental,Air Pollutants,,,,695,Subjects with disease:Mucocutaneous Lymph Node Syndrome,children admitted to hospital for Kawasaki disease,,2.54 years (mean),Both Males and Females,,air monitoring stations | conditional logistic regression | inverse distance weighting | Longitudinal Health Insurance Database 2000,,,"air, ambient",Carbon Monoxide,0.34 parts per million,interquartile range,24-hour daily average,"Taiwan, Province of China",,,,no correlation,Mucocutaneous Lymph Node Syndrome,,,
27458717,,2000-2010,,Environmental,Air Pollutants,,,,695,Subjects with disease:Mucocutaneous Lymph Node Syndrome,children admitted to hospital for Kawasaki disease,,2.54 years (mean),Both Males and Females,,air monitoring stations | conditional logistic regression | inverse distance weighting | Longitudinal Health Insurance Database 2000,,,"air, ambient",Nitrogen Dioxide,13.34 parts per billion,interquartile range,24-hour daily average,"Taiwan, Province of China",,,,no correlation,Mucocutaneous Lymph Node Syndrome,,,
27458717,,2000-2010,,Environmental,Air Pollutants,,,,695,Subjects with disease:Mucocutaneous Lymph Node Syndrome,children admitted to hospital for Kawasaki disease,,2.54 years (mean),Both Males and Females,,air monitoring stations | conditional logistic regression | inverse distance weighting | Longitudinal Health Insurance Database 2000,,,"air, ambient",Particulate Matter,40.6 micrograms per cubic meter,interquartile range,"PM10, 24-hour daily average","Taiwan, Province of China",,,,no correlation,Mucocutaneous Lymph Node Syndrome,,,
27458717,,2000-2010,,Environmental,Air Pollutants,,,,695,Subjects with disease:Mucocutaneous Lymph Node Syndrome,children admitted to hospital for Kawasaki disease,,2.54 years (mean),Both Males and Females,,air monitoring stations | conditional logistic regression | inverse distance weighting | Longitudinal Health Insurance Database 2000,,,"air, ambient",Sulfur Dioxide,3.47 parts per billion,interquartile range,24-hour daily average,"Taiwan, Province of China",,,,no correlation,Mucocutaneous Lymph Node Syndrome,,,
26142402,Multi-Ethnic Study of Atherosclerosis (MESA),2000-2002,race,Environmental,Air Pollutants,,,,735,Study subjects,Chinese men and women,,45-84 years (range),Both Males and Females,100% Chinese,high-resolution B-mode ultrasound | predicted by MESA Air,,,"air, ambient",Particulate Matter,,,PM2.5,United States,California|Illinois|Maryland|Minnesota|New York|North Carolina,,,positive correlation,Carotid Intimal Medial Thickness 1,,,association of Chinese ethnicity with smaller carotid intima-media thickness compared with Caucasian- American became stronger after accounting for the higher PM2.5 exposures
31153356,,2012-2014,disease,Environmental,Air Pollutants,,,,921,Subjects with disease:Diabetes Mellitus,subset of fatal intracerebral hemorrhage cases with diabetes,,,,,acute stroke mortality database | conditional logistic regression | Shanghai Environmental Monitoring Center | time-stratified case-crossover approach,,,"air, ambient",Particulate Matter,,,PM2.5,China,,Shanghai,,positive correlation,Hemorrhagic Stroke,,,
31153356,,2012-2014,disease,Environmental,Air Pollutants,,,,921,Subjects with disease:Diabetes Mellitus,subset of fatal intracerebral hemorrhage cases with diabetes,,,,,acute stroke mortality database | conditional logistic regression | Shanghai Environmental Monitoring Center | time-stratified case-crossover approach,,,"air, ambient",Particulate Matter,,,PM2.5,China,,Shanghai,,positive correlation,Cerebral Hemorrhage,,,
34338552,Danish Nurse Cohort,,,Environmental,Air Pollutants,,,,"1,522",Subjects with disease:Atrial Fibrillation,nurses from cohort with atrial fibrillation,38% Current smoker|32% Former smoker|31% Never smoker,57.0 years (mean),100% Females (Only),,Danish Address Register | Danish air pollution modeling system DEHM/UBM/ AirGIS,,,"air, ambient",Particulate Matter,20.7 micrograms per cubic meter,mean,PM2.5,Denmark,,,,,,,,
34338552,Danish Nurse Cohort,,,Environmental,Air Pollutants,,,,"1,522",Subjects with disease:Atrial Fibrillation,nurses from cohort with atrial fibrillation,38% Current smoker|32% Former smoker|31% Never smoker,57.0 years (mean),100% Females (Only),,Danish Address Register | Danish air pollution modeling system DEHM/UBM/ AirGIS,,,"air, ambient",Nitrogen Dioxide,13.2 micrograms per cubic meter,mean,,Denmark,,,,,,,,
30476760,,2009-2013,genetics,Environmental,Air Pollutants,,,,"1,868",Subjects with gene influence:CDH13,,,48.9 years (mean),100% Males (Only),,QuickGene DNA whole-blood kit,,,"air, ambient",Particulate Matter,,,PM10,"Korea, Republic of",,,,positive correlation,Hypertension,regulation of blood pressure,Blood,"rs7500599 intronic SNP of CDH13 had strongest signals for systolic blood pressure, diastolic blood pressure, and hypertension, by interacting with PM10 exposure"
27649843,Reasons for Geographic And Racial Differences in Stroke (REGARDS),2003-2007,,Environmental,Air Pollutants,,,,"2,140",Subjects with disease:Atrial Premature Complexes,,13% Current smoker,69 years (mean),53% Males (Only)|47% Females (Only),45% Black,electrocardiograms | geographic information system data | logistic regression analysis | NASA MODIS data | US EPA ground observation data,,,"air, ambient",Particulate Matter,13.4 micrograms per cubic meter,mean,"PM2.5, 2-week (short-term)",United States,Alabama|Arkansas|Georgia|Louisiana|Mississippi|North Carolina|South Carolina|Tennessee,,,no correlation,Atrial Premature Complexes,,,"short-term PM2.5 (per 10 micrograms per cubic meter) not associated with PACs, OR = 1.09 (95% CI: 0.98, 1.23)"
27649843,Reasons for Geographic And Racial Differences in Stroke (REGARDS),2003-2007,,Environmental,Air Pollutants,,,,"2,140",Subjects with disease:Atrial Premature Complexes,,13% Current smoker,69 years (mean),53% Males (Only)|47% Females (Only),45% Black,electrocardiograms | geographic information system data | logistic regression analysis | NASA MODIS data | US EPA ground observation data,,,"air, ambient",Particulate Matter,12.8 micrograms per cubic meter,median,"PM2.5, 2-week (short-term)",United States,Alabama|Arkansas|Georgia|Louisiana|Mississippi|North Carolina|South Carolina|Tennessee,,,,,,,
27649843,Reasons for Geographic And Racial Differences in Stroke (REGARDS),2003-2007,,Environmental,Air Pollutants,,,,"2,140",Subjects with disease:Atrial Premature Complexes,,13% Current smoker,69 years (mean),53% Males (Only)|47% Females (Only),45% Black,electrocardiograms | geographic information system data | logistic regression analysis | NASA MODIS data | US EPA ground observation data,,,"air, ambient",Particulate Matter,13.5 micrograms per cubic meter,mean,"PM2.5, 1-year (long-term)",United States,Alabama|Arkansas|Georgia|Louisiana|Mississippi|North Carolina|South Carolina|Tennessee,,,positive correlation,Atrial Premature Complexes,,,"long-term PM2.5 (per 10 micrograms per cubic meter) associated with PACs, OR = 1.40 (95% CI: 1.10, 1.78)"
27649843,Reasons for Geographic And Racial Differences in Stroke (REGARDS),2003-2007,,Environmental,Air Pollutants,,,,"2,140",Subjects with disease:Atrial Premature Complexes,,13% Current smoker,69 years (mean),53% Males (Only)|47% Females (Only),45% Black,electrocardiograms | geographic information system data | logistic regression analysis | NASA MODIS data | US EPA ground observation data,,,"air, ambient",Particulate Matter,13.7 micrograms per cubic meter,median,"PM2.5, 1-year (long-term)",United States,Alabama|Arkansas|Georgia|Louisiana|Mississippi|North Carolina|South Carolina|Tennessee,,,,,,,
31153356,,2012-2014,disease,Environmental,Air Pollutants,,,,"5,286",Subjects with disease:Hemorrhagic Stroke,fatal intracerebral hemorrhage cases,30% Current smoker|70% Non-smoker,,58% Males (Only)|42% Females (Only),,acute stroke mortality database | conditional logistic regression | Shanghai Environmental Monitoring Center | time-stratified case-crossover approach,,,"air, ambient",Particulate Matter,,,PM2.5,China,,Shanghai,,positive correlation,Hemorrhagic Stroke,,,
31153356,,2012-2014,disease,Environmental,Air Pollutants,,,,"5,286",Subjects with disease:Hemorrhagic Stroke,fatal intracerebral hemorrhage cases,30% Current smoker|70% Non-smoker,,58% Males (Only)|42% Females (Only),,acute stroke mortality database | conditional logistic regression | Shanghai Environmental Monitoring Center | time-stratified case-crossover approach,,,"air, ambient",Particulate Matter,,,PM2.5,China,,Shanghai,,positive correlation,Cerebral Hemorrhage,,,
31153356,,2012-2014,disease,Environmental,Air Pollutants,,,,"5,286",Subjects with disease:Hemorrhagic Stroke,fatal intracerebral hemorrhage cases,30% Current smoker|70% Non-smoker,,58% Males (Only)|42% Females (Only),,acute stroke mortality database | conditional logistic regression | Shanghai Environmental Monitoring Center | time-stratified case-crossover approach,,,"air, ambient",Particulate Matter,77.45 micrograms per cubic meter,mean,PM2.5,China,,Shanghai,,,,,,
31153356,,2012-2014,disease,Environmental,Air Pollutants,,,,"5,286",Subjects with disease:Hemorrhagic Stroke,fatal intracerebral hemorrhage cases,30% Current smoker|70% Non-smoker,,58% Males (Only)|42% Females (Only),,acute stroke mortality database | conditional logistic regression | Shanghai Environmental Monitoring Center | time-stratified case-crossover approach,,,"air, ambient",Particulate Matter,40 micrograms per cubic meter,25th percentile,PM2.5,China,,Shanghai,,,,,,
31153356,,2012-2014,disease,Environmental,Air Pollutants,,,,"5,286",Subjects with disease:Hemorrhagic Stroke,fatal intracerebral hemorrhage cases,30% Current smoker|70% Non-smoker,,58% Males (Only)|42% Females (Only),,acute stroke mortality database | conditional logistic regression | Shanghai Environmental Monitoring Center | time-stratified case-crossover approach,,,"air, ambient",Particulate Matter,65 micrograms per cubic meter,median,PM2.5,China,,Shanghai,,,,,,
31153356,,2012-2014,disease,Environmental,Air Pollutants,,,,"5,286",Subjects with disease:Hemorrhagic Stroke,fatal intracerebral hemorrhage cases,30% Current smoker|70% Non-smoker,,58% Males (Only)|42% Females (Only),,acute stroke mortality database | conditional logistic regression | Shanghai Environmental Monitoring Center | time-stratified case-crossover approach,,,"air, ambient",Particulate Matter,98 micrograms per cubic meter,75th percentile,PM2.5,China,,Shanghai,,,,,,
31153356,,2012-2014,disease,Environmental,Air Pollutants,,,,"5,286",Subjects with disease:Hemorrhagic Stroke,fatal intracerebral hemorrhage cases,30% Current smoker|70% Non-smoker,,58% Males (Only)|42% Females (Only),,acute stroke mortality database | conditional logistic regression | Shanghai Environmental Monitoring Center | time-stratified case-crossover approach,,,"air, ambient",Sulfur Dioxide,21.22 micrograms per cubic meter,mean,,China,,Shanghai,,,,,,
31153356,,2012-2014,disease,Environmental,Air Pollutants,,,,"5,286",Subjects with disease:Hemorrhagic Stroke,fatal intracerebral hemorrhage cases,30% Current smoker|70% Non-smoker,,58% Males (Only)|42% Females (Only),,acute stroke mortality database | conditional logistic regression | Shanghai Environmental Monitoring Center | time-stratified case-crossover approach,,,"air, ambient",Sulfur Dioxide,12 micrograms per cubic meter,25th percentile,,China,,Shanghai,,,,,,
31153356,,2012-2014,disease,Environmental,Air Pollutants,,,,"5,286",Subjects with disease:Hemorrhagic Stroke,fatal intracerebral hemorrhage cases,30% Current smoker|70% Non-smoker,,58% Males (Only)|42% Females (Only),,acute stroke mortality database | conditional logistic regression | Shanghai Environmental Monitoring Center | time-stratified case-crossover approach,,,"air, ambient",Sulfur Dioxide,16 micrograms per cubic meter,median,,China,,Shanghai,,,,,,
31153356,,2012-2014,disease,Environmental,Air Pollutants,,,,"5,286",Subjects with disease:Hemorrhagic Stroke,fatal intracerebral hemorrhage cases,30% Current smoker|70% Non-smoker,,58% Males (Only)|42% Females (Only),,acute stroke mortality database | conditional logistic regression | Shanghai Environmental Monitoring Center | time-stratified case-crossover approach,,,"air, ambient",Sulfur Dioxide,25 micrograms per cubic meter,75th percentile,,China,,Shanghai,,,,,,
31153356,,2012-2014,disease,Environmental,Air Pollutants,,,,"5,286",Subjects with disease:Hemorrhagic Stroke,fatal intracerebral hemorrhage cases,30% Current smoker|70% Non-smoker,,58% Males (Only)|42% Females (Only),,acute stroke mortality database | conditional logistic regression | Shanghai Environmental Monitoring Center | time-stratified case-crossover approach,,,"air, ambient",Nitrogen Dioxide,57.59 micrograms per cubic meter,mean,,China,,Shanghai,,,,,,
31153356,,2012-2014,disease,Environmental,Air Pollutants,,,,"5,286",Subjects with disease:Hemorrhagic Stroke,fatal intracerebral hemorrhage cases,30% Current smoker|70% Non-smoker,,58% Males (Only)|42% Females (Only),,acute stroke mortality database | conditional logistic regression | Shanghai Environmental Monitoring Center | time-stratified case-crossover approach,,,"air, ambient",Nitrogen Dioxide,40 micrograms per cubic meter,25th percentile,,China,,Shanghai,,,,,,
31153356,,2012-2014,disease,Environmental,Air Pollutants,,,,"5,286",Subjects with disease:Hemorrhagic Stroke,fatal intracerebral hemorrhage cases,30% Current smoker|70% Non-smoker,,58% Males (Only)|42% Females (Only),,acute stroke mortality database | conditional logistic regression | Shanghai Environmental Monitoring Center | time-stratified case-crossover approach,,,"air, ambient",Nitrogen Dioxide,54 micrograms per cubic meter,median,,China,,Shanghai,,,,,,
31153356,,2012-2014,disease,Environmental,Air Pollutants,,,,"5,286",Subjects with disease:Hemorrhagic Stroke,fatal intracerebral hemorrhage cases,30% Current smoker|70% Non-smoker,,58% Males (Only)|42% Females (Only),,acute stroke mortality database | conditional logistic regression | Shanghai Environmental Monitoring Center | time-stratified case-crossover approach,,,"air, ambient",Nitrogen Dioxide,73 micrograms per cubic meter,75th percentile,,China,,Shanghai,,,,,,
27939045,,1991-1991,,Environmental,Air Pollutants,,,,"7,529",Study subjects,combined NSHE and SABRE cohorts,26% Current smoker|31% Former smoker|43% Non-smoker,48.5 years (mean),66% Males (Only)|34% Females (Only),,competing risk hazards regression modeling | land-use regression modeling,,,"air, ambient",Smoke,,,contemporaneous 1991 estimates,United Kingdom,,,,positive correlation,Cardiovascular Diseases,,,"elevated non-significant hazard ratios for cardiovascular disease mortality, HR = 1.11 (95% CI: 0.76, 1.61) per 10 microgram per cubic meter increase black smoke"
27939045,,1991-1991,,Environmental,Air Pollutants,,,,"7,529",Study subjects,combined NSHE and SABRE cohorts,26% Current smoker|31% Former smoker|43% Non-smoker,48.5 years (mean),66% Males (Only)|34% Females (Only),,competing risk hazards regression modeling | land-use regression modeling,,,"air, ambient",Sulfur Dioxide,,,contemporaneous 1991 estimates,United Kingdom,,,,positive correlation,Cardiovascular Diseases,,,"elevated non-significant hazard ratios for cardiovascular disease mortality, HR = 1.05 (95% CI: 0.91, 1.22) per 10 microgram per cubic meter increase SO2"
27939045,,2010-2011,,Environmental,Air Pollutants,,,,"7,529",Study subjects,combined NSHE and SABRE cohorts,26% Current smoker|31% Former smoker|43% Non-smoker,48.5 years (mean),66% Males (Only)|34% Females (Only),,competing risk hazards regression modeling | land-use regression modeling,,,"air, ambient",Particulate Matter,,,"PM10 and PM2.5, ESCAPE 2010-11 estimates",United Kingdom,,,,positive correlation,Cardiovascular Diseases,,,"elevated non-significant hazard ratios for cardiovascular disease mortality, HR = 1.16 (95% CI: 0.70, 1.92) per 10 microgram per cubic meter increase particulate matter PM10, HR = 1.30 (95% CI: 0.39, 4.34) for PM2.5"
21695220,,1998-2009,body mass index | sex | tobacco,Environmental,Air Pollutants,,,,"12,584",Study subjects,,Current smoker|Former smoker|Non-smoker,35-103 years (range),Both Males and Females,,,,,"air, ambient",Particulate Matter,,,,China,,Shenyang,,positive correlation,Cardiovascular Diseases,,,
21695220,,1998-2009,body mass index | sex | tobacco,Environmental,Air Pollutants,,,,"12,584",Study subjects,,Current smoker|Former smoker|Non-smoker,35-103 years (range),Both Males and Females,,,,,"air, ambient",Sulfur Dioxide,,,,China,,Shenyang,,positive correlation,Cerebrovascular Disorders,,,
34338552,Danish Nurse Cohort,,,Environmental,Air Pollutants,,,,"22,006",Controls for disease:Atrial Fibrillation,nurses from cohort without atrial fibrillation,35% Current smoker|30% Former smoker|35% Never smoker,52.3 years (mean),100% Females (Only),,Danish Address Register | Danish air pollution modeling system DEHM/UBM/ AirGIS,,,"air, ambient",Particulate Matter,19.6 micrograms per cubic meter,mean,PM2.5,Denmark,,,,,,,,
34338552,Danish Nurse Cohort,,,Environmental,Air Pollutants,,,,"22,006",Controls for disease:Atrial Fibrillation,nurses from cohort without atrial fibrillation,35% Current smoker|30% Former smoker|35% Never smoker,52.3 years (mean),100% Females (Only),,Danish Address Register | Danish air pollution modeling system DEHM/UBM/ AirGIS,,,"air, ambient",Nitrogen Dioxide,12.6 micrograms per cubic meter,mean,,Denmark,,,,,,,,
34338552,Danish Nurse Cohort,,,Environmental,Air Pollutants,,,,"23,528",Workers,"nurses, total cohort",35% Current smoker|30% Former smoker|35% Never smoker,52.6 years (mean),100% Females (Only),,Danish Address Register | Danish air pollution modeling system DEHM/UBM/ AirGIS,,,"air, ambient",Particulate Matter,,,PM2.5,Denmark,,,,positive correlation,Atrial Fibrillation,,,"3.9-ug/m3 increase in 3-year mean PM2.5 associated with incident atrial fibrillation before (HR = 1.09 (95% CI: 1.00, 1.20)) and after (HR = 1.08 (95% CI: 0.97, 1.19) adjustment for concurrent exposure to road traffic noise"
27649843,Reasons for Geographic And Racial Differences in Stroke (REGARDS),2003-2007,,Environmental,Air Pollutants,,,,"23,929",Controls for disease:Atrial Premature Complexes,,15% Current smoker,64 years (mean),45% Males (Only)|55% Females (Only),41% Black,electrocardiograms | geographic information system data | logistic regression analysis | NASA MODIS data | US EPA ground observation data,,,"air, ambient",Particulate Matter,13.4 micrograms per cubic meter,mean,"PM2.5, 2-week (short-term)",United States,Alabama|Arkansas|Georgia|Louisiana|Mississippi|North Carolina|South Carolina|Tennessee,,,,,,,
27649843,Reasons for Geographic And Racial Differences in Stroke (REGARDS),2003-2007,,Environmental,Air Pollutants,,,,"23,929",Controls for disease:Atrial Premature Complexes,,15% Current smoker,64 years (mean),45% Males (Only)|55% Females (Only),41% Black,electrocardiograms | geographic information system data | logistic regression analysis | NASA MODIS data | US EPA ground observation data,,,"air, ambient",Particulate Matter,12.8 micrograms per cubic meter,median,"PM2.5, 2-week (short-term)",United States,Alabama|Arkansas|Georgia|Louisiana|Mississippi|North Carolina|South Carolina|Tennessee,,,,,,,
27649843,Reasons for Geographic And Racial Differences in Stroke (REGARDS),2003-2007,,Environmental,Air Pollutants,,,,"23,929",Controls for disease:Atrial Premature Complexes,,15% Current smoker,64 years (mean),45% Males (Only)|55% Females (Only),41% Black,electrocardiograms | geographic information system data | logistic regression analysis | NASA MODIS data | US EPA ground observation data,,,"air, ambient",Particulate Matter,13.4 micrograms per cubic meter,mean,"PM2.5, 1-year (long-term)",United States,Alabama|Arkansas|Georgia|Louisiana|Mississippi|North Carolina|South Carolina|Tennessee,,,,,,,
27649843,Reasons for Geographic And Racial Differences in Stroke (REGARDS),2003-2007,,Environmental,Air Pollutants,,,,"23,929",Controls for disease:Atrial Premature Complexes,,15% Current smoker,64 years (mean),45% Males (Only)|55% Females (Only),41% Black,electrocardiograms | geographic information system data | logistic regression analysis | NASA MODIS data | US EPA ground observation data,,,"air, ambient",Particulate Matter,13.5 micrograms per cubic meter,median,"PM2.5, 1-year (long-term)",United States,Alabama|Arkansas|Georgia|Louisiana|Mississippi|North Carolina|South Carolina|Tennessee,,,,,,,
22004949,,2001-2002,physical activity,Environmental,Air Pollutants,,,,"30,007",Study subjects,,,21-54 years (range),Both Males and Females,40% Other|60% White,,,,,,,,,United States,California,Los Angeles,all residents in study,positive correlation,Myocardial Ischemia,,,in combination with physical inactivity
22004949,,2001-2002,physical activity,Environmental,Air Pollutants,,,,"30,007",Study subjects,,,21-54 years (range),Both Males and Females,40% Other|60% White,,,,,,,,,United States,California,Los Angeles,all residents in study,positive correlation,Myocardial Ischemia,,,in combination with physical inactivity
22004949,,2001-2002,physical activity,Environmental,Air Pollutants,,,,"30,007",Study subjects,,,21-54 years (range),Both Males and Females,40% Other|60% White,,,,,,,,,United States,California,Los Angeles,all residents in study,positive correlation,Myocardial Ischemia,,,in combination with physical inactivity
28521192,Women's Health Initiative (WHI) Clinical Trials,1993-1998,race,Environmental,Air Pollutants,,,,"44,255",Study subjects,post-menopausal women,,62 years (mean),100% Females (Only),7% Black|8% Other|85% White,kriging model | partial least-squares regression models | U.S. EPA Air Quality System and IMPROVE networks,,,"air, ambient",Particulate Matter,13.2 micrograms per cubic meter,mean,PM2.5 (residential fine),United States,,,,positive correlation,Hypertension,,,"adjusted hazard ratio per interquartile range increase in PM2.5 = 1.13 (95% CI: 1.08, 1.17)"
28521192,Women's Health Initiative (WHI) Clinical Trials,1993-1998,race,Environmental,Air Pollutants,,,,"44,255",Study subjects,post-menopausal women,,62 years (mean),100% Females (Only),7% Black|8% Other|85% White,kriging model | partial least-squares regression models | U.S. EPA Air Quality System and IMPROVE networks,,,"air, ambient",Particulate Matter,22.9 micrograms per cubic meter,mean,PM10 (respirable),United States,,,,positive correlation,Hypertension,,,"adjusted hazard ratio per interquartile range increase in PM10 = 1.06 (95% CI: 1.03, 1.10)"
22052517,"Danish Diet, Cancer, and Health Study (DCH)",1993-1997,,Environmental,Air Pollutants,,,,"52,215",Study subjects,,,50-65 years (range),Both Males and Females,,air pollution exposure modeling | hospital admissions data analysis | survey method,,,,Nitrogen Dioxide,,,,Denmark,,Aarhus | Copenhagen,,no correlation,Cerebral Hemorrhage,,,
22052517,"Danish Diet, Cancer, and Health Study (DCH)",1993-1997,,Environmental,Air Pollutants,,,,"52,215",Study subjects,,,50-65 years (range),Both Males and Females,,air pollution exposure modeling | hospital admissions data analysis | survey method,,,,Nitrogen Dioxide,,,,Denmark,,Aarhus | Copenhagen,,positive correlation,Brain Ischemia,,,
22052517,"Danish Diet, Cancer, and Health Study (DCH)",1993-1997,,Environmental,Air Pollutants,,,,"52,215",Study subjects,,,50-65 years (range),Both Males and Females,,air pollution exposure modeling | hospital admissions data analysis | survey method,,,,Nitrogen Dioxide,,,,Denmark,,Aarhus | Copenhagen,,positive correlation,Stroke,,,
25956005,Nurses' Health Study (NHS),1992-2008,sex,Environmental,Air Pollutants,,,,"115,745",Study subjects,nurses,Current smoker|Former smoker|Non-smoker,65.9 years (mean),Females (Only),97% White,Cox proportional hazards models | spatiotemporal models,,,"air, ambient",Particulate Matter,,,,United States,,,,positive correlation,Pulmonary Embolism,,,
21768054,American Cancer Society Cancer Prevention Study II (ACS CPS-II),,tobacco,Environmental,Air Pollutants,,,,"794,784",Study subjects,Adults,Current smoker|Former smoker,56 years (mean),Both Males and Females,94% White,statistical analysis and modeling objective,,,,,,,,United States,,,,positive correlation,Cardiovascular Diseases,,,
32555635,,1998-2013,,Environmental,Air Pollutants,,,,"4,689,134",Study subjects,residents,,,,,Atmospheric Composition Analysis Group | conditional Poisson regression model,,,"air, ambient",Particulate Matter,,,,Australia,Queensland,,,positive correlation,Cardiovascular Diseases,,,
31796478,European Study of Cohorts for Air Pollution Effects (ESCAPE),2010-2011,,Environmental,Air Pollutants,,,,"13,600,000",Study subjects,approximate number of residents of London and Oxford area of England,,,,,air monitoring stations | energy dispersive X-ray fluorescence | Harvard impactors | land use regression models | Poisson regression models,,,"air, ambient",Copper,5.7 nanograms per cubic meter,90th percentile,"Cu-PM2.5, modelled metal concentrations using land use regression",United Kingdom,,London | Oxford,England,positive correlation,Cardiovascular Diseases,,,"associations between cardiovascular mortality and PM2.5 copper with interdecile range (2.6-5.7 ng/m3) and IDR relative risk = 1.005 (95% CI: 1.001, 1.009)"
30992518,,2000-2008,,Environmental,Air Pollutants,,,,"22,159,190",Study subjects,Medicare enrollees,,65-120 years (range),,,air quality monitors from US EPA | enrollment data from Centers for Medicare and Medicaid Services,,,"air, ambient",Ozone,,,,United States,,,260 metropolitan areas across the US,positive correlation,Cardiovascular Diseases,,,"risk ratio = 1.005 (95% CI: 1.003, 1.007): 0.5% increased risk in cardiovascular mortality per 10 ppb increase in warm-season average, 1-h maximum ozone exposure in PM2.5-adjusted models"
31888884,,2014-2017,,Environmental,Air Pollutants,,,,"197,230,556",Study subjects,"enrolled individuals, from 184 total Chinese cities",,,54% Males (Only)|46% Females (Only),,National Air Pollution Monitoring System | UEBMI national health insurance database,,,"air, ambient",Particulate Matter,50 micrograms per cubic meter,mean,"annual average, nationwide",China,,,184 total cities,positive correlation,Myocardial Ischemia,,,"an increase of 10 ug/m3 in PM2.5 associated with 0.31% (95% CI: 0.22, 0.40) increase in hospital admissions for ischemic heart disease"
31888884,,2014-2017,,Environmental,Air Pollutants,,,,"197,230,556",Study subjects,"enrolled individuals, from 184 total Chinese cities",,,54% Males (Only)|46% Females (Only),,National Air Pollution Monitoring System | UEBMI national health insurance database,,,"air, ambient",Particulate Matter,50 micrograms per cubic meter,mean,"annual average, nationwide",China,,,184 total cities,positive correlation,Heart Failure,,,"an increase of 10 ug/m3 in PM2.5 associated with 0.27% (95% CI: 0.04, 0.51) increase in hospital admissions for heart failure"
31888884,,2014-2017,,Environmental,Air Pollutants,,,,"197,230,556",Study subjects,"enrolled individuals, from 184 total Chinese cities",,,54% Males (Only)|46% Females (Only),,National Air Pollution Monitoring System | UEBMI national health insurance database,,,"air, ambient",Particulate Matter,50 micrograms per cubic meter,mean,"annual average, nationwide",China,,,184 total cities,positive correlation,"Arrhythmias, Cardiac",,,"an increase of 10 ug/m3 in PM2.5 associated with 0.29% (95% CI: 0.12, 0.46) increase in hospital admissions for heart rhythm disturbances"
31888884,,2014-2017,,Environmental,Air Pollutants,,,,"197,230,556",Study subjects,"enrolled individuals, from 184 total Chinese cities",,,54% Males (Only)|46% Females (Only),,National Air Pollution Monitoring System | UEBMI national health insurance database,,,"air, ambient",Particulate Matter,50 micrograms per cubic meter,mean,"annual average, nationwide",China,,,184 total cities,positive correlation,Ischemic Stroke,,,"an increase of 10 ug/m3 in PM2.5 associated with 0.29% (95% CI: 0.18, 0.40) increase in hospital admissions for ischaemic stroke"
31888884,,2014-2017,,Environmental,Air Pollutants,,,,"197,230,556",Study subjects,"enrolled individuals, from 184 total Chinese cities",,,54% Males (Only)|46% Females (Only),,National Air Pollution Monitoring System | UEBMI national health insurance database,,,"air, ambient",Particulate Matter,50 micrograms per cubic meter,mean,"annual average, nationwide",China,,,184 total cities,no correlation,Hemorrhagic Stroke,,,"an increase of 10 ug/m3 in PM2.5 not associatd with increase in hospital admissions for hemorrhagic stroke, -0.02% (95% CI: -0.23, 0.19)"
29666509,,2009-2010,,Environmental,Air Pollutants,,,,,Study subjects,Beijing citywide residents,,,,,generalized additive mixed model,,,"air, ambient",Particulate Matter,,,PM10,China,,Beijing,,positive correlation,Cardiovascular Diseases,,,"PM10 interquartile increase associated with 2.46% (95% CI: 1.22%, 3.72%) increase in daily cardiovascular mortality by generalized additive mixed model"
29666509,,2009-2010,,Environmental,Air Pollutants,,,,,Study subjects,Beijing citywide residents,,,,,generalized additive mixed model,,,"air, ambient",Nitrogen Dioxide,,,,China,,Beijing,,positive correlation,Cardiovascular Diseases,,,"interquartile increase associated with 4.11% (95% CI: 2.82%, 5.45%) increase in daily cardiovascular mortality by generalized additive mixed model"
29666509,,2009-2010,,Environmental,Air Pollutants,,,,,Study subjects,Beijing citywide residents,,,,,generalized additive mixed model,,,"air, ambient",Carbon Monoxide,,,,China,,Beijing,,positive correlation,Cardiovascular Diseases,,,"interquartile increase associated with 2.23% (95% CI: 1.14%, 3.33%) increase in daily cardiovascular mortality by generalized additive mixed model"
14754572,,1980-1996,,Environmental,Air Pollutants,,,,,Study subjects,,,,,,,,,,,,,,Ireland,,Dublin,same and subsequent days after exposure,positive correlation,Cardiovascular Diseases,,,
17229464,,2004-2005,,Environmental,Air Pollutants,,,,,Study subjects,,,,,,Shanghai Environmental Monitoring Center,,,"air, ambient",Particulate Matter,56.4 micrograms per cubic meter,mean,24-hour monitoring average,China,,Shanghai,,positive correlation,Cardiovascular Diseases,,,
30369511,,2012-2014,,Environmental,Air Pollutants,,,,,Study subjects,,,,,,ambient air pollution monitoring station,,,"air, ambient",Particulate Matter,,,fine PM2.5,Japan,,,,positive correlation,Cardiovascular Diseases,,,fine PM2.5 positively associated with cardiovascular and respiratory mortality
26174436,,2000-2010,,Environmental,Air Pollutants,,,,,,,,,,,EPA AirData,,,"air, ambient",Particulate Matter,,,,United States,New York,Bronx County | Erie County | Queens County | Suffolk County,,positive correlation,Cardiovascular Diseases,,,substantial number of cardiovascular hospital admissions attributable to PM2.5 exposure even when PM2.5 was not the driver pollutant
31745179,,2010-2016,,Environmental,Air Pollutants,,,,,,,,,,,ER visits | Poisson regression,,,"air, ambient",Particulate Matter,,,,Peru,,Lima,,positive correlation,Myocardial Ischemia,,,"for each PM2.5 interquartile range increase, ischemic heart disease ER visits increased 11% (95% CI: -1%, 24%)"
31745179,,2010-2016,,Environmental,Air Pollutants,,,,,,,,,,,ER visits | Poisson regression,,,"air, ambient",Particulate Matter,,,,Peru,,Lima,,positive correlation,Stroke,,,"for each PM2.5 interquartile range increase, stroke ER visits increased 10% (95% CI: 3%, 18%)"
29467106,,2009-2014,,Environmental,Air Pollutants,,,,,,,,,,,nanoparticle surface area monitor | scanning mobility particle sizer | time-series data | urban background monitoring site,,,"air, ambient",Particulate Matter,1437.3 particles per cubic centimeter,median,PNC size 100-750 nm (FP),Germany,Ruhr,Essen | Mulheim | Oberhausen,,positive correlation,Cardiovascular Diseases,,,cardiovascular mortality
22389181,,2004-2008,,Environmental,Air Pollutants,,,,,,,,,,,,,,air,Chlorides,,,,China,Shanxi,Xi'an,,positive correlation,Cardiovascular Diseases,,,
22389181,,2004-2008,,Environmental,Air Pollutants,,,,,,,,,,,,,,air,Chlorine,,,,China,Shanxi,Xi'an,,positive correlation,Cardiovascular Diseases,,,
22389181,,2004-2008,,Environmental,Air Pollutants,,,,,,,,,,,,,,air,Nickel,,,,China,Shanxi,Xi'an,,positive correlation,Cardiovascular Diseases,,,
22389181,,2004-2008,,Environmental,Air Pollutants,,,,,,,,,,,,,,air,Nitrates,,,,China,Shanxi,Xi'an,,positive correlation,Cardiovascular Diseases,,,
17612400,,,,Environmental,Air Pollutants,,,,,,,,,,,,,,,,,,,Canada,Ontario,Sarnia,,prediction/hypothesis,Cardiovascular Diseases,,,
7518422,,1990-1992,,Environmental|Occupational,"Air Pollutants, Occupational",,,,277,Workers,gasoline depot workers (exposed),,,,,air sampling,,,"air, ambient",Lead,84.8 micrograms per cubic meter,mean,,China,Hubei,,,positive correlation,Bradycardia,,,
14769641,Agricultural Health Study (AHS),1993-2000,,Occupational,alachlor,Pesticide application,,,"49,980",Workers,Pesticide Applicators,Current smoker|Former smoker|Never smoker,,Both Males and Females,,survey method,,,,,,,,United States,Iowa|North Carolina,,,positive correlation,Multiple Myeloma,,,
30031113,,2010-2011,,Environmental,Aluminum,,,,13,Subjects with disease:Scimitar Syndrome,fetal subset of CHD,,,,,inductively coupled plasma mass spectrometry,0.28 nanograms per milliliter,,"serum, cord",Aluminum,135.5 nanograms per milliliter,25th percentile,fetal subset of CHD,China,,,,,,,,
30031113,,2010-2011,,Environmental,Aluminum,,,,13,Subjects with disease:Scimitar Syndrome,fetal subset of CHD,,,,,inductively coupled plasma mass spectrometry,0.28 nanograms per milliliter,,"serum, cord",Aluminum,157.53 nanograms per milliliter,median,fetal subset of CHD,China,,,,,,,,
30031113,,2010-2011,,Environmental,Aluminum,,,,13,Subjects with disease:Scimitar Syndrome,fetal subset of CHD,,,,,inductively coupled plasma mass spectrometry,0.28 nanograms per milliliter,,"serum, cord",Aluminum,242.59 nanograms per milliliter,75th percentile,fetal subset of CHD,China,,,,,,,,
30031113,,2010-2011,,Environmental,Aluminum,,,,17,Subjects with disease:Ventricular Outflow Obstruction,"fetal subset of CHD, left-sided outflow tract deformity",,,,,inductively coupled plasma mass spectrometry,0.28 nanograms per milliliter,,"serum, cord",Aluminum,150.15 nanograms per milliliter,25th percentile,"fetal subset of CHD, left-sided outflow tract deformity",China,,,,,,,,
30031113,,2010-2011,,Environmental,Aluminum,,,,17,Subjects with disease:Ventricular Outflow Obstruction,"fetal subset of CHD, left-sided outflow tract deformity",,,,,inductively coupled plasma mass spectrometry,0.28 nanograms per milliliter,,"serum, cord",Aluminum,179.47 nanograms per milliliter,median,"fetal subset of CHD, left-sided outflow tract deformity, significantly different from controls, p = 0.005",China,,,,,,,,
30031113,,2010-2011,,Environmental,Aluminum,,,,17,Subjects with disease:Ventricular Outflow Obstruction,"fetal subset of CHD, left-sided outflow tract deformity",,,,,inductively coupled plasma mass spectrometry,0.28 nanograms per milliliter,,"serum, cord",Aluminum,224.17 nanograms per milliliter,75th percentile,"fetal subset of CHD, left-sided outflow tract deformity",China,,,,,,,,
30031113,,2010-2011,,Environmental,Aluminum,,,,38,Subjects with disease:Ventricular Outflow Obstruction,"fetal subset of CHD, right-sided outflow tract deformity",,,,,inductively coupled plasma mass spectrometry,0.28 nanograms per milliliter,,"serum, cord",Aluminum,128.51 nanograms per milliliter,25th percentile,"fetal subset of CHD, right-sided outflow tract deformity",China,,,,,,,,
30031113,,2010-2011,,Environmental,Aluminum,,,,38,Subjects with disease:Ventricular Outflow Obstruction,"fetal subset of CHD, right-sided outflow tract deformity",,,,,inductively coupled plasma mass spectrometry,0.28 nanograms per milliliter,,"serum, cord",Aluminum,168.21 nanograms per milliliter,median,"fetal subset of CHD, right-sided outflow tract deformity, significantly different from controls, p = 0.040",China,,,,,,,,
30031113,,2010-2011,,Environmental,Aluminum,,,,38,Subjects with disease:Ventricular Outflow Obstruction,"fetal subset of CHD, right-sided outflow tract deformity",,,,,inductively coupled plasma mass spectrometry,0.28 nanograms per milliliter,,"serum, cord",Aluminum,232.89 nanograms per milliliter,75th percentile,"fetal subset of CHD, right-sided outflow tract deformity",China,,,,,,,,
30031113,,2010-2011,,Environmental,Aluminum,,,,50,Subjects with disease:Conotruncal cardiac defects,fetal subset of CHD,,,,,inductively coupled plasma mass spectrometry,0.28 nanograms per milliliter,,"serum, cord",Aluminum,127.94 nanograms per milliliter,25th percentile,fetal subset of CHD,China,,,,,,,,
30031113,,2010-2011,,Environmental,Aluminum,,,,50,Subjects with disease:Conotruncal cardiac defects,fetal subset of CHD,,,,,inductively coupled plasma mass spectrometry,0.28 nanograms per milliliter,,"serum, cord",Aluminum,168.42 nanograms per milliliter,median,"fetal subset of CHD, significantly different from controls, p = 0.021",China,,,,,,,,
30031113,,2010-2011,,Environmental,Aluminum,,,,50,Subjects with disease:Conotruncal cardiac defects,fetal subset of CHD,,,,,inductively coupled plasma mass spectrometry,0.28 nanograms per milliliter,,"serum, cord",Aluminum,214.28 nanograms per milliliter,75th percentile,fetal subset of CHD,China,,,,,,,,
30031113,,2010-2011,,Environmental,Aluminum,,,,64,Subjects with disease:Heart Septal Defects,fetal subset of CHD,,,,,inductively coupled plasma mass spectrometry,0.28 nanograms per milliliter,,"serum, cord",Aluminum,125.59 nanograms per milliliter,25th percentile,fetal subset of CHD,China,,,,,,,,
30031113,,2010-2011,,Environmental,Aluminum,,,,64,Subjects with disease:Heart Septal Defects,fetal subset of CHD,,,,,inductively coupled plasma mass spectrometry,0.28 nanograms per milliliter,,"serum, cord",Aluminum,157.76 nanograms per milliliter,median,fetal subset of CHD,China,,,,,,,,
30031113,,2010-2011,,Environmental,Aluminum,,,,64,Subjects with disease:Heart Septal Defects,fetal subset of CHD,,,,,inductively coupled plasma mass spectrometry,0.28 nanograms per milliliter,,"serum, cord",Aluminum,214.75 nanograms per milliliter,75th percentile,fetal subset of CHD,China,,,,,,,,
30031113,,2010-2011,,Environmental,Aluminum,,,,97,"Subjects with disease:Heart Defects, Congenital",all fetal cases of CHD,,,47% Males (Only)|46% Females (Only),,inductively coupled plasma mass spectrometry,0.28 nanograms per milliliter,,"serum, cord",Aluminum,128.84 nanograms per milliliter,25th percentile,cases,China,,,,,,,,
30031113,,2010-2011,,Environmental,Aluminum,,,,97,"Subjects with disease:Heart Defects, Congenital",all fetal cases of CHD,,,47% Males (Only)|46% Females (Only),,inductively coupled plasma mass spectrometry,0.28 nanograms per milliliter,,"serum, cord",Aluminum,166.68 nanograms per milliliter,median,"cases, significantly different from controls, p = 0.004",China,,,,,,,,
30031113,,2010-2011,,Environmental,Aluminum,,,,97,"Subjects with disease:Heart Defects, Congenital",all fetal cases of CHD,,,47% Males (Only)|46% Females (Only),,inductively coupled plasma mass spectrometry,0.28 nanograms per milliliter,,"serum, cord",Aluminum,214.58 nanograms per milliliter,75th percentile,cases,China,,,,,,,,
30031113,,2010-2011,,Environmental,Aluminum,,,,201,"Controls for disease:Heart Defects, Congenital",fetal controls,,,52% Males (Only)|46% Females (Only),,inductively coupled plasma mass spectrometry,0.28 nanograms per milliliter,,"serum, cord",Aluminum,123.15 nanograms per milliliter,25th percentile,controls,China,,,,,,,,
30031113,,2010-2011,,Environmental,Aluminum,,,,201,"Controls for disease:Heart Defects, Congenital",fetal controls,,,52% Males (Only)|46% Females (Only),,inductively coupled plasma mass spectrometry,0.28 nanograms per milliliter,,"serum, cord",Aluminum,148.69 nanograms per milliliter,median,"controls, significantly different from cases, p = 0.004",China,,,,,,,,
30031113,,2010-2011,,Environmental,Aluminum,,,,201,"Controls for disease:Heart Defects, Congenital",fetal controls,,,52% Males (Only)|46% Females (Only),,inductively coupled plasma mass spectrometry,0.28 nanograms per milliliter,,"serum, cord",Aluminum,172.13 nanograms per milliliter,75th percentile,controls,China,,,,,,,,
30031113,,2010-2011,,Environmental,Aluminum,,,,298,Fetuses,total cohort (cases and controls),,,51% Males (Only)|46% Females (Only),,inductively coupled plasma mass spectrometry,0.28 nanograms per milliliter,,"serum, cord",Aluminum,,,,China,,,,positive correlation,"Heart Defects, Congenital",,,"risk of congenital heart disease increased in highly elevated aluminum group, aOR = 2.08 (95%CI: 1.11, 3.88), p < 0.05"
29064788,Dongfeng-Tongji (DFTJ) Cohort,2008-2010,,Occupational,Aluminum,,,,"1,621",Controls for disease:Coronary Disease,employed at Dongfeng Motor Corporation,19% Current smoker|11% Former smoker|70% Never smoker,65.6 years (mean),49% Males (Only)|51% Females (Only),,inductively coupled plasma mass spectrometry,,,plasma,Aluminum,48.95 micrograms per liter,median,,China,,Shiyan,,,,,,
29064788,Dongfeng-Tongji (DFTJ) Cohort,2008-2010,,Occupational,Aluminum,,,,"1,621",Controls for disease:Coronary Disease,employed at Dongfeng Motor Corporation,19% Current smoker|11% Former smoker|70% Never smoker,65.6 years (mean),49% Males (Only)|51% Females (Only),,inductively coupled plasma mass spectrometry,,,plasma,Aluminum,31 micrograms per liter,25th percentile,,China,,Shiyan,,,,,,
29064788,Dongfeng-Tongji (DFTJ) Cohort,2008-2010,,Occupational,Aluminum,,,,"1,621",Controls for disease:Coronary Disease,employed at Dongfeng Motor Corporation,19% Current smoker|11% Former smoker|70% Never smoker,65.6 years (mean),49% Males (Only)|51% Females (Only),,inductively coupled plasma mass spectrometry,,,plasma,Aluminum,97.29 micrograms per liter,75th percentile,,China,,Shiyan,,,,,,
29064788,Dongfeng-Tongji (DFTJ) Cohort,2008-2010,,Occupational,Aluminum,,,,"1,621",Subjects with disease:Coronary Disease,employed at Dongfeng Motor Corporation,21% Current smoker|13% Former smoker|66% Never smoker,65.7 years (mean),49% Males (Only)|51% Females (Only),,inductively coupled plasma mass spectrometry,,,plasma,Aluminum,57.41 micrograms per liter,median,,China,,Shiyan,,,,,,
29064788,Dongfeng-Tongji (DFTJ) Cohort,2008-2010,,Occupational,Aluminum,,,,"1,621",Subjects with disease:Coronary Disease,employed at Dongfeng Motor Corporation,21% Current smoker|13% Former smoker|66% Never smoker,65.7 years (mean),49% Males (Only)|51% Females (Only),,inductively coupled plasma mass spectrometry,,,plasma,Aluminum,33.14 micrograms per liter,25th percentile,,China,,Shiyan,,,,,,
29064788,Dongfeng-Tongji (DFTJ) Cohort,2008-2010,,Occupational,Aluminum,,,,"1,621",Subjects with disease:Coronary Disease,employed at Dongfeng Motor Corporation,21% Current smoker|13% Former smoker|66% Never smoker,65.7 years (mean),49% Males (Only)|51% Females (Only),,inductively coupled plasma mass spectrometry,,,plasma,Aluminum,144.75 micrograms per liter,75th percentile,,China,,Shiyan,,,,,,
29064788,Dongfeng-Tongji (DFTJ) Cohort,2008-2010,,Occupational,Aluminum,,,,"3,242",Study subjects,"mix of 1,621 subjects and 1,621 controls for Coronary Disease, employed at Dongfeng Motor Corporation",21% Current smoker|13% Former smoker|66% Never smoker,65.7 years (mean),49% Males (Only)|51% Females (Only),,conditional logistic regression analysis,,,,,,,,China,,Shiyan,,prediction/hypothesis,Coronary Disease,,,
22203459,Italian Longitudinal Study on Aging (ILSA),1992-1996,,Medicinal,Angiotensin-Converting Enzyme Inhibitors,,,,204,Subjects with disease:Hypertension,,,65-84 years (range),Both Males and Females,,,,,,,,,,Italy,,,,no correlation,Cognitive Dysfunction,,,"angiotensin-converting enzyme inhibitors as a class were not associated with incident mild cognitive impairment in older hypertensive adults , hazard ratio = 0.45 (95% CI: 0.16, 1.28)"
27023119,,2012-2013,,Environmental,anthracene,,,,170,Subjects with disease:Hypertension,housewives,67% Non-smoker|33% Passive smoker,>=30 years (range),100% Females (Only),,gas chromatography-mass spectrometry,,91.0,hair,anthracene,11.7 nanograms per gram,median,,China,Shanxi Province,,,,,,,
27023119,,2012-2013,,Environmental,anthracene,,,,170,Subjects with disease:Hypertension,housewives,67% Non-smoker|33% Passive smoker,>=30 years (range),100% Females (Only),,gas chromatography-mass spectrometry,,91.0,hair,anthracene,4.78-21 nanograms per gram,interquartile range,,China,Shanxi Province,,,,,,,
27023119,,2012-2013,,Environmental,anthracene,,,,235,Controls for disease:Hypertension,housewives,61% Non-smoker|39% Passive smoker,>=30 years (range),100% Females (Only),,gas chromatography-mass spectrometry,,82.0,hair,anthracene,11.5 nanograms per gram,median,,China,Shanxi Province,,,,,,,
27023119,,2012-2013,,Environmental,anthracene,,,,235,Controls for disease:Hypertension,housewives,61% Non-smoker|39% Passive smoker,>=30 years (range),100% Females (Only),,gas chromatography-mass spectrometry,,82.0,hair,anthracene,3.15-23.1 nanograms per gram,interquartile range,,China,Shanxi Province,,,,,,,
26596772,,2010-2013,,Environmental|Occupational|Residential,Antigens,,,,49,Subjects with disease:Granulomatosis with Polyangiitis,,,64.9 years (mean),Both Males and Females,,structured questionnaire to identify environmental factors,,,,,,,,New Zealand,Canterbury,,,positive correlation,Granulomatosis with Polyangiitis,,,
26596772,,2010-2013,,Environmental|Occupational|Residential,Antigens,,,,196,Controls for disease:Granulomatosis with Polyangiitis,,,65.1 years (mean),Both Males and Females,,structured questionnaire to identify environmental factors,,,,,,,,New Zealand,Canterbury,,,,,,,
29064788,Dongfeng-Tongji (DFTJ) Cohort,2008-2010,,Occupational,Antimony,,,,"1,621",Controls for disease:Coronary Disease,employed at Dongfeng Motor Corporation,19% Current smoker|11% Former smoker|70% Never smoker,65.6 years (mean),49% Males (Only)|51% Females (Only),,inductively coupled plasma mass spectrometry,,,plasma,Antimony,0.14 micrograms per liter,median,,China,,Shiyan,,,,,,
29064788,Dongfeng-Tongji (DFTJ) Cohort,2008-2010,,Occupational,Antimony,,,,"1,621",Controls for disease:Coronary Disease,employed at Dongfeng Motor Corporation,19% Current smoker|11% Former smoker|70% Never smoker,65.6 years (mean),49% Males (Only)|51% Females (Only),,inductively coupled plasma mass spectrometry,,,plasma,Antimony,0.09 micrograms per liter,25th percentile,,China,,Shiyan,,,,,,
29064788,Dongfeng-Tongji (DFTJ) Cohort,2008-2010,,Occupational,Antimony,,,,"1,621",Controls for disease:Coronary Disease,employed at Dongfeng Motor Corporation,19% Current smoker|11% Former smoker|70% Never smoker,65.6 years (mean),49% Males (Only)|51% Females (Only),,inductively coupled plasma mass spectrometry,,,plasma,Antimony,0.22 micrograms per liter,75th percentile,,China,,Shiyan,,,,,,
29064788,Dongfeng-Tongji (DFTJ) Cohort,2008-2010,,Occupational,Antimony,,,,"1,621",Subjects with disease:Coronary Disease,employed at Dongfeng Motor Corporation,21% Current smoker|13% Former smoker|66% Never smoker,65.7 years (mean),49% Males (Only)|51% Females (Only),,inductively coupled plasma mass spectrometry,,,plasma,Antimony,0.14 micrograms per liter,median,,China,,Shiyan,,,,,,
29064788,Dongfeng-Tongji (DFTJ) Cohort,2008-2010,,Occupational,Antimony,,,,"1,621",Subjects with disease:Coronary Disease,employed at Dongfeng Motor Corporation,21% Current smoker|13% Former smoker|66% Never smoker,65.7 years (mean),49% Males (Only)|51% Females (Only),,inductively coupled plasma mass spectrometry,,,plasma,Antimony,0.09 micrograms per liter,25th percentile,,China,,Shiyan,,,,,,
29064788,Dongfeng-Tongji (DFTJ) Cohort,2008-2010,,Occupational,Antimony,,,,"1,621",Subjects with disease:Coronary Disease,employed at Dongfeng Motor Corporation,21% Current smoker|13% Former smoker|66% Never smoker,65.7 years (mean),49% Males (Only)|51% Females (Only),,inductively coupled plasma mass spectrometry,,,plasma,Antimony,0.21 micrograms per liter,75th percentile,,China,,Shiyan,,,,,,
22536276,,,age,Commercial product|Environmental|Occupational,Arsenic,Pesticide Application,,,,Controls for disease:Hypertension,Farmers,,<60 years (range),Males (Only),,inductively coupled plasma mass spectrometry | survey method,,,nail,Arsenic,7.453 micrograms per gram,mean,,Malaysia,,Kedah,,,,,,
22536276,,,age,Commercial product|Environmental|Occupational,Arsenic,Pesticide Application,,,,Subjects with disease:Hypertension,Farmers,,<60 years (range),Males (Only),,inductively coupled plasma mass spectrometry | survey method,,,nail,Arsenic,8.267 micrograms per gram,mean,,Malaysia,,Kedah,,,,,,
25889926,,2006-2011,,Dietary,Arsenic,contaminated drinking water,,water arsenic >=100 micrograms per liter,4,Subjects with disease:Cardiovascular Diseases,,Current smoker|Former smoker|Never smoker,18-70 years (range),Both Males and Females,,,,,"nail, toe",Arsenic,3.38 micrograms per gram,mean,,Mongolia,,Ba Men region,,,,,,
25889926,,2006-2011,,Dietary,Arsenic,contaminated drinking water,,water arsenic >=100 micrograms per liter,4,Subjects with disease:Cardiovascular Diseases,,Current smoker|Former smoker|Never smoker,18-70 years (range),Both Males and Females,,,,,"nail, toe",Arsenic,3.42 micrograms per gram,median,,Mongolia,,Ba Men region,,,,,,
25889926,,2006-2011,,Dietary,Arsenic,contaminated drinking water,,water arsenic >=100 micrograms per liter,4,Subjects with disease:Cardiovascular Diseases,,Current smoker|Former smoker|Never smoker,18-70 years (range),Both Males and Females,,,,,"nail, toe",Arsenic,2.72 micrograms per gram,minimum,,Mongolia,,Ba Men region,,,,,,
25889926,,2006-2011,,Dietary,Arsenic,contaminated drinking water,,water arsenic >=100 micrograms per liter,4,Subjects with disease:Cardiovascular Diseases,,Current smoker|Former smoker|Never smoker,18-70 years (range),Both Males and Females,,,,,"nail, toe",Arsenic,3.95 micrograms per gram,maximum,,Mongolia,,Ba Men region,,,,,,
25889926,,2006-2011,,Dietary,Arsenic,contaminated drinking water,,,560,Study subjects,mix of 288 cases of Cardiovascular Diseases and 272 controls,Current smoker|Former smoker|Never smoker,18-70 years (range),Both Males and Females,,logistic regression analysis,,,,,,,,Mongolia,,Ba Men region,,positive correlation,Cardiovascular Diseases,,,"Odds ratio adjusted for age, sex, smoking, diet, family risk factors and BMI for a 10 microgram per liter increase in water arsenic (AOR) was 1.19 (95% CI: 1.03, 1.38)"
26988683,,2012-2015,diet,Dietary,Arsenic,drinking water,,,86,Study subjects,high arsenic exposure group (drinking water arsenic more than 200 micrograms per liter),,,,,real-time PCR,,,blood,CYP1A1,,,mRNA expression significantly higher than in control group,China,Inner Mongolia Autonomous Region,Bayannao'er,,positive correlation,Long QT Syndrome,,,
23757599,,,diet,Dietary,Arsenic,drinking water,,,195,Children,,,5.26 years (mean),Both Males and Females,,hydride generation-atomic fluorescence spectrometry,,,urine,Arsenicals,,,,Mexico,,Zimapan,,positive correlation,Carotid Intimal Medial Thickness 1,,,
26637202,,,,Dietary,Arsenic,drinking water,,,261,Study subjects,arsenic-edemic residents,,38.32 years (mean),55% Males (Only)|45% Females (Only),,,,,serum,MMP2,,,,Bangladesh,,Bheramara | Dutpatila | Jajri | Kestopur | Marua | Vultie,arsenic-endemic areas (north-west region),prediction/hypothesis,Cardiovascular Diseases,,,significant positive associations were observed between MMP2 and cardiovascular disease marker VCAM1 concentrations (p < 0.05)
26637202,,,,Dietary,Arsenic,drinking water,,,265,Study subjects,arsenic-edemic residents,,38.32 years (mean),55% Males (Only)|45% Females (Only),,,,,serum,MMP9,,,,Bangladesh,,Bheramara | Dutpatila | Jajri | Kestopur | Marua | Vultie,arsenic-endemic areas (north-west region),prediction/hypothesis,Cardiovascular Diseases,,,significant inverse relationship between MMP9 and cardiovascular disease markers HDL-C plasma concentrations (p < 0.01) and  significant positive associations with VCAM1 (p < 0.05) and with ICAM1 (p < 0.01) concentrations
30071456,"Danish Diet, Cancer, and Health Study (DCH)",1993-2009,diet,Dietary,Arsenic,drinking water,,,"53,941",Study subjects,,36% Current smoker|28% Former smoker|36% Never smoker,50-64 years (range),47% Males (Only)|53% Females (Only),,geocoded residential addresses | Jupiter database | time-weighted average calculations,,,"water, drinking",Arsenic,,,,Denmark,,Aarhus | Copenhagen,,positive correlation,Stroke,,,"highest IRR = 1.21 (95% CI: 1.07, 1.36) seen in the second quartile (0.57-0.76 micrograms per liter), and association between highest ever arsenic concentration at an address and incidence rate for stroke (>10 micrograms per liter vs. <10), adjusted IRR = 1.44 (95% CI: 1.00, 2.08)"
30071456,"Danish Diet, Cancer, and Health Study (DCH)",1993-2009,diet,Dietary,Arsenic,drinking water,,,"53,941",Study subjects,,36% Current smoker|28% Former smoker|36% Never smoker,50-64 years (range),47% Males (Only)|53% Females (Only),,geocoded residential addresses | Jupiter database | time-weighted average calculations,,,"water, drinking",Arsenic,,,,Denmark,,Aarhus | Copenhagen,,positive correlation,Myocardial Infarction,,,"association between highest ever arsenic concentration at an address and incidence rate for ischemic stroke (>10 micrograms per liter vs. <10), adjusted IRR = 1.63 (95% CI: 1.11, 2.39)"
24593923,Health Effects of Arsenic Longitudinal Study (HEALS),2000-2011,diet,Dietary,Arsenic,well water,,,,Subjects with gene influence:AS3MT,"rs10883790, rs11191442, rs3740392, rs4919694",,,,,,,,"water, well",Arsenic,40.4 micrograms per liter,median,exposure equal to or greater than median arsenic well water levels,Bangladesh,,,,prediction/hypothesis,Carotid Intimal Medial Thickness 1,,,"although not statistically significant after correcting for multiple testing, nine SNPs in APOE, AS3MT, PNP, and TNF genes had a nominally statistically significant interaction with well-water/urinary arsenic in carotid artery intima-media thickness"
24593923,Health Effects of Arsenic Longitudinal Study (HEALS),2000-2011,diet,Dietary,Arsenic,well water,,,,Subjects with gene influence:AS3MT,"rs10883790, rs11191442, rs3740392, rs4919694",,,,,,,,urine,Arsenic,183 micrograms per gram creatinine,median,exposure equal to or greater than median urinary arsenic levels,Bangladesh,,,,prediction/hypothesis,Carotid Intimal Medial Thickness 1,,,"although not statistically significant after correcting for multiple testing, nine SNPs in APOE, AS3MT, PNP, and TNF genes had a nominally statistically significant interaction with well-water/urinary arsenic in carotid artery intima-media thickness"
24593923,Health Effects of Arsenic Longitudinal Study (HEALS),2000-2011,diet,Dietary,Arsenic,well water,,,,Subjects with gene influence:PNP,"rs17886095, rs17882804",,,,,,,,"water, well",Arsenic,40.4 micrograms per liter,median,exposure equal to or greater than median arsenic well water levels,Bangladesh,,,,prediction/hypothesis,Carotid Intimal Medial Thickness 1,,,"although not statistically significant after correcting for multiple testing, nine SNPs in APOE, AS3MT, PNP, and TNF genes had a nominally statistically significant interaction with well-water/urinary arsenic in carotid artery intima-media thickness"
24593923,Health Effects of Arsenic Longitudinal Study (HEALS),2000-2011,diet,Dietary,Arsenic,well water,,,,Subjects with gene influence:PNP,"rs17886095, rs17882804",,,,,,,,urine,Arsenic,183 micrograms per gram creatinine,median,exposure equal to or greater than median urinary arsenic levels,Bangladesh,,,,prediction/hypothesis,Carotid Intimal Medial Thickness 1,,,"although not statistically significant after correcting for multiple testing, nine SNPs in APOE, AS3MT, PNP, and TNF genes had a nominally statistically significant interaction with well-water/urinary arsenic in carotid artery intima-media thickness"
24593923,Health Effects of Arsenic Longitudinal Study (HEALS),2000-2011,diet,Dietary,Arsenic,well water,,,,Subjects with gene influence:TNF,rs3093661,,,,,,,,"water, well",Arsenic,40.4 micrograms per liter,median,exposure equal to or greater than median arsenic well water levels,Bangladesh,,,,prediction/hypothesis,Carotid Intimal Medial Thickness 1,,,"although not statistically significant after correcting for multiple testing, nine SNPs in APOE, AS3MT, PNP, and TNF genes had a nominally statistically significant interaction with well-water/urinary arsenic in carotid artery intima-media thickness"
24593923,Health Effects of Arsenic Longitudinal Study (HEALS),2000-2011,diet,Dietary,Arsenic,well water,,,,Subjects with gene influence:TNF,rs3093661,,,,,,,,urine,Arsenic,183 micrograms per gram creatinine,median,exposure equal to or greater than median urinary arsenic levels,Bangladesh,,,,prediction/hypothesis,Carotid Intimal Medial Thickness 1,,,"although not statistically significant after correcting for multiple testing, nine SNPs in APOE, AS3MT, PNP, and TNF genes had a nominally statistically significant interaction with well-water/urinary arsenic in carotid artery intima-media thickness"
24593923,Health Effects of Arsenic Longitudinal Study (HEALS),2000-2011,diet,Dietary,Arsenic,well water,,,,Subjects with gene influence:APOE,rs7256173,,,,,,,,"water, well",Arsenic,40.4 micrograms per liter,median,exposure equal to or greater than median arsenic well water levels,Bangladesh,,,,prediction/hypothesis,Carotid Intimal Medial Thickness 1,,,"although not statistically significant after correcting for multiple testing, nine SNPs in APOE, AS3MT, PNP, and TNF genes had a nominally statistically significant interaction with well-water/urinary arsenic in carotid artery intima-media thickness"
24593923,Health Effects of Arsenic Longitudinal Study (HEALS),2000-2011,diet,Dietary,Arsenic,well water,,,,Subjects with gene influence:APOE,rs7256173,,,,,,,,urine,Arsenic,183 micrograms per gram creatinine,median,exposure equal to or greater than median urinary arsenic levels,Bangladesh,,,,prediction/hypothesis,Carotid Intimal Medial Thickness 1,,,"although not statistically significant after correcting for multiple testing, nine SNPs in APOE, AS3MT, PNP, and TNF genes had a nominally statistically significant interaction with well-water/urinary arsenic in carotid artery intima-media thickness"
24548416,,2003-2010,diet | sex,Dietary,Arsenic,,,,"1,033",Subjects with disease:Stroke,died from stroke death,,,,,hydride generation atomic absorption spectrophotometer,1 micrograms per liter,,"water, well",Arsenic,101.3 micrograms per liter,median,"arsenic concentration at baseline for subjects who died from stroke (1,033)",Bangladesh,,Matlab,,,,,,
24548416,,2003-2010,diet | sex,Dietary,Arsenic,,,,"25,967",Study subjects,males only,,,100% Males (Only),,Cox proportional hazards models,,,"water, well",Arsenic,,,,Bangladesh,,Matlab,,positive correlation,Stroke,,,"HR = 1.12 (95% CI: 0.78, 1.60) for males only, multivariable adjusted HR for stroke for well water arsenic concentrations between 10-49 micrograms per liter"
24548416,,2003-2010,diet | sex,Dietary,Arsenic,,,,"25,967",Study subjects,males only,,,100% Males (Only),,Cox proportional hazards models,,,"water, well",Arsenic,,,,Bangladesh,,Matlab,,positive correlation,Stroke,,,"HR = 1.07 (95% CI: 0.75, 1.51) for males only, multivariable adjusted HR for stroke for well water arsenic concentrations more than 50 micrograms per liter"
24548416,,2003-2010,diet | sex,Dietary,Arsenic,,,,"35,107",Study subjects,females only,,,100% Females (Only),,Cox proportional hazards models,,,"water, well",Arsenic,,,,Bangladesh,,Matlab,,positive correlation,Stroke,,,"HR = 1.31 (95% CI: 0.87, 1.98) for females only, multivariable adjusted HR for stroke for well water arsenic concentrations between 10-49 micrograms per liter"
24548416,,2003-2010,diet | sex,Dietary,Arsenic,,,,"35,107",Study subjects,females only,,,100% Females (Only),,Cox proportional hazards models,,,"water, well",Arsenic,,,,Bangladesh,,Matlab,,positive correlation,Stroke,,,"HR = 1.72 (95% CI: 1.15, 2.57) for females only, multivariable adjusted HR for stroke for well water arsenic concentrations more than 50 micrograms per liter"
24548416,,2003-2010,diet | sex,Dietary,Arsenic,,,,"58,179",Controls for disease:Stroke,did not die from stroke death,,,,,hydride generation atomic absorption spectrophotometer,1 micrograms per liter,,"water, well",Arsenic,86.8 micrograms per liter,median,"arsenic concentration at baseline for subjects who did not die from stroke (58,179)",Bangladesh,,Matlab,,,,,,
24548416,,2003-2010,diet | sex,Dietary,Arsenic,,,,"61,074",Study subjects,,,37 years (mean),43% Males (Only)|57% Females (Only),,Cox proportional hazards models,,,"water, well",Arsenic,,,,Bangladesh,,Matlab,,positive correlation,Stroke,,,"HR = 1.20 (95% CI: 0.92, 1.57) multivariable adjusted HR for stroke for well water arsenic concentrations between 10-49 micrograms per liter"
24548416,,2003-2010,diet | sex,Dietary,Arsenic,,,,"61,074",Study subjects,,,37 years (mean),43% Males (Only)|57% Females (Only),,Cox proportional hazards models,,,"water, well",Arsenic,,,,Bangladesh,,Matlab,,positive correlation,Stroke,,,"HR = 1.35 (95% CI: 1.04, 1.75) multivariable adjusted HR for stroke for well water arsenic concentrations more than 50 micrograms per liter"
25224535,,2003-2008,,Dietary,Arsenic,,,,"688,532",Infants or newborns,,,,,,,,,,,,,,United States,North Carolina,,,negative correlation,Hypoplastic Left Heart Syndrome,,,
19440430,,2004-2004,,Dietary|Environmental,Arsenic,contaminated drinking supply,,,"6,202",Study subjects,,,,Males (Only),100% Asian,inductively coupled plasma mass spectrometry | physical examination | survey method,0.1 micrograms per liter,,water,Arsenic,,,,China,,"Ba men region, Hangjin Hou county, Shahai village",,positive correlation,Cardiovascular Diseases,,,
19440436,,1997-2004,,Dietary|Environmental,Arsenic,contaminated drinking supply,,,,Study subjects,,,,Both Males and Females,100% Asian,,,,,,,,,China,,"Ba men region, Hangjin Hou county, Shahai village",,positive correlation,Coronary Disease,,,
21546419,,2000-2002,tobacco,Dietary|Environmental,Arsenic,contaminated drinking water,"5,966","water samples from 5,966 tube wells","11,746",Study subjects,,Current smoker|Never smoker|Non-smoker,18-75 years (range),Both Males and Females,,graphite furnace atomic absorption spectrometry | inductively coupled plasma mass spectrometry,,,"water, drinking",,,,present study includes follow up from 2002-2009,Bangladesh,,Araihazar,,positive correlation,Cardiovascular Diseases,,,"hazard ratio of cardiovascular mortality per 1 SD (115 micrograms/liter) increase in well arsenic was 1.11 (95% CI: 0.97, 1.26); increased by smoking"
21546419,,2000-2002,tobacco,Dietary|Environmental,Arsenic,contaminated drinking water,"5,966","water samples from 5,966 tube wells","11,746",Study subjects,,Current smoker|Never smoker|Non-smoker,18-75 years (range),Both Males and Females,,graphite furnace atomic absorption spectrometry | inductively coupled plasma mass spectrometry,,,"water, drinking",,,,present study includes follow up from 2002-2009,Bangladesh,,Araihazar,,positive correlation,Myocardial Ischemia,,,"hazard ratio of myocardial ischemia mortality per 1 SD (115 micrograms/liter) increase in well arsenic was 1.25 (95% CI: 1.03, 1.52); increased by smoking"
23602086,,,,Dietary|Environmental,Arsenic,contaminated drinking water,,cumulative arsenic exposure,360,Study subjects,,,,Both Males and Females,100% Asian,univariate logistic regression,,,,,,,,China,Shanxi,Shanyin,,positive correlation,Hypertension,,,"positive association between highest tertile of cumulative arsenic exposure and hypertention in dose-dependent manner, odds ratio = 1.871 (95% CI: 1.022, 3.424, p = 0.013) after adjustment"
23602086,,,,Dietary|Environmental,Arsenic,contaminated drinking water,,inorganic arsenic,168,Subjects with disease:Hypertension,,29% Current smoker|71% Non-smoker,57.58 years (mean),44% Males (Only)|57% Females (Only),100% Asian,atomic absorption spectroscopy,,,urine,Arsenic,17.11 micrograms per gram creatinine,geometric mean,,China,Shanxi,Shanyin,,,,,,
23602086,,,,Dietary|Environmental,Arsenic,contaminated drinking water,,inorganic arsenic,436,Controls for disease:Hypertension,,33% Current smoker|67% Non-smoker,46.37 years (mean),42% Males (Only)|58% Females (Only),100% Asian,atomic absorption spectroscopy,,,urine,Arsenic,12.83 micrograms per gram creatinine,geometric mean,,China,Shanxi,Shanyin,,,,,,
23602086,,,,Dietary|Environmental,Arsenic,contaminated drinking water,,total arsenic,168,Subjects with disease:Hypertension,,29% Current smoker|71% Non-smoker,57.58 years (mean),44% Males (Only)|57% Females (Only),100% Asian,atomic absorption spectroscopy,,,urine,Arsenic,178.33 micrograms per gram creatinine,geometric mean,total Arsenic,China,Shanxi,Shanyin,,,,,,
23602086,,,,Dietary|Environmental,Arsenic,contaminated drinking water,,total arsenic,168,Subjects with disease:Hypertension,,29% Current smoker|71% Non-smoker,57.58 years (mean),44% Males (Only)|57% Females (Only),100% Asian,multiple logistic regression,,,,,,,,China,Shanxi,Shanyin,,positive correlation,Hypertension,,,"subjects in highest tertile of urinary total arsenic concentration showed higher risk of Hypertension, odds ratio = 1.893 (95% CI: 1.219-2.940) compared to lowest tertile prior to adjustment, and trend remained significant after adjustment (p= 0.046)"
23602086,,,,Dietary|Environmental,Arsenic,contaminated drinking water,,total arsenic,436,Controls for disease:Hypertension,,33% Current smoker|67% Non-smoker,46.37 years (mean),42% Males (Only)|58% Females (Only),100% Asian,atomic absorption spectroscopy,,,urine,Arsenic,135.59 micrograms per gram creatinine,geometric mean,total Arsenic,China,Shanxi,Shanyin,,,,,,
23665672,Health Effects of Arsenic Longitudinal Study (HEALS),2000-2002,age,Dietary|Environmental,Arsenic,contaminated drinking water,,,52,Study subjects,subjects exposed to 108-864 micrograms per liter well water arsenic,Current smoker|Former smoker|Never smoker,,Both Males and Females,,,,,,,,,,Bangladesh,,Araihazar,,prediction/hypothesis,Stroke,,,"adjusted hazard ratio was 1.38 (95% CI: 0.84, 2.27)"
17195567,Health Effects of Arsenic Longitudinal Study (HEALS),2000-2002,,Dietary|Environmental,Arsenic,contaminated drinking water,,,66,Study subjects,,,>=18 years (range),Both Males and Females,,logistic regression analysis,,,,,,,,Bangladesh,,Araihazar,,prediction/hypothesis,Atherosclerosis,,,
23665672,Health Effects of Arsenic Longitudinal Study (HEALS),2000-2002,age,Dietary|Environmental,Arsenic,contaminated drinking water,,,75,Study subjects,subjects exposed to 108-864 micrograms per liter well water arsenic,Current smoker|Former smoker|Never smoker,,Both Males and Females,,,,,,,,,,Bangladesh,,Araihazar,,positive correlation,Heart Diseases,,,"risk of Heart Disease was 1.54 (95% CI: 1.02, 2.31)"
25350952,San Luis Valley Diabetes Study (SLVDS),1984-1998,sex,Dietary|Environmental,Arsenic,contaminated drinking water,,,96,Subjects with disease:Coronary Disease,,37% Current smoker,66-75 years (range),50% Males (Only)|25% Females (Only),37% Hispanic|63% White,,,,urine,Arsenic,27.1 micrograms per gram creatinine,concentration,"included toxic urine arsenic species As3+, As5+, monomethylarsinic acid, and dimethylarsinic acid",United States,Colorado,Alamosa and Conejos counties,,,,,,
23665672,Health Effects of Arsenic Longitudinal Study (HEALS),2000-2002,age,Dietary|Environmental,Arsenic,contaminated drinking water,,,148,Subjects with disease:Stroke,,Current smoker|Former smoker|28% Never smoker,51.5 years (mean),78% Males (Only)|22% Females (Only),,,,,"water, well",Arsenic,95.5 micrograms per liter,mean,,Bangladesh,,Araihazar,,,,,,
23665672,Health Effects of Arsenic Longitudinal Study (HEALS),2000-2002,age,Dietary|Environmental,Arsenic,contaminated drinking water,,,148,Subjects with disease:Stroke,,Current smoker|Former smoker|28% Never smoker,51.5 years (mean),78% Males (Only)|22% Females (Only),,,,,urine,Arsenic,249.4 micrograms per liter,mean,,Bangladesh,,Araihazar,,,,,,
23665672,Health Effects of Arsenic Longitudinal Study (HEALS),2000-2002,age,Dietary|Environmental,Arsenic,contaminated drinking water,,,148,Subjects with disease:Stroke,,Current smoker|Former smoker|28% Never smoker,51.5 years (mean),78% Males (Only)|22% Females (Only),,,,,,Arsenic,14.1 percent,concentration,,Bangladesh,,Araihazar,,,,,,
23665672,Health Effects of Arsenic Longitudinal Study (HEALS),2000-2002,age,Dietary|Environmental,Arsenic,contaminated drinking water,,,148,Subjects with disease:Stroke,,Current smoker|Former smoker|28% Never smoker,51.5 years (mean),78% Males (Only)|22% Females (Only),,,,,urine,monomethylarsonic acid,14.3 percent,concentration,,Bangladesh,,Araihazar,,,,,,
23665672,Health Effects of Arsenic Longitudinal Study (HEALS),2000-2002,age,Dietary|Environmental,Arsenic,contaminated drinking water,,,148,Subjects with disease:Stroke,,Current smoker|Former smoker|28% Never smoker,51.5 years (mean),78% Males (Only)|22% Females (Only),,,,,urine,Cacodylic Acid,71.7 percent,concentration,,Bangladesh,,Araihazar,,,,,,
23602086,,,,Dietary|Environmental,Arsenic,contaminated drinking water,,,168,Subjects with disease:Hypertension,,29% Current smoker|71% Non-smoker,57.58 years (mean),44% Males (Only)|57% Females (Only),100% Asian,atomic absorption spectroscopy,,,urine,monomethylarsonic acid,23.75 micrograms per gram creatinine,geometric mean,,China,Shanxi,Shanyin,,,,,,
23602086,,,,Dietary|Environmental,Arsenic,contaminated drinking water,,,168,Subjects with disease:Hypertension,,29% Current smoker|71% Non-smoker,57.58 years (mean),44% Males (Only)|57% Females (Only),100% Asian,atomic absorption spectroscopy,,,urine,Cacodylic Acid,123.95 micrograms per gram creatinine,geometric mean,,China,Shanxi,Shanyin,,,,,,
23665672,Health Effects of Arsenic Longitudinal Study (HEALS),2000-2002,age,Dietary|Environmental,Arsenic,contaminated drinking water,,,211,Subjects with disease:Heart Diseases,,Current smoker|Former smoker|30% Never smoker,46.3 years (mean),71% Males (Only)|29% Females (Only),,,,,"water, well",Arsenic,110.5 micrograms per liter,mean,,Bangladesh,,Araihazar,,,,,,
23665672,Health Effects of Arsenic Longitudinal Study (HEALS),2000-2002,age,Dietary|Environmental,Arsenic,contaminated drinking water,,,211,Subjects with disease:Heart Diseases,,Current smoker|Former smoker|30% Never smoker,46.3 years (mean),71% Males (Only)|29% Females (Only),,,,,urine,Arsenic,268 micrograms per liter,mean,,Bangladesh,,Araihazar,,,,,,
23665672,Health Effects of Arsenic Longitudinal Study (HEALS),2000-2002,age,Dietary|Environmental,Arsenic,contaminated drinking water,,,211,Subjects with disease:Heart Diseases,,Current smoker|Former smoker|30% Never smoker,46.3 years (mean),71% Males (Only)|29% Females (Only),,,,,,Arsenic,14.5 percent,concentration,,Bangladesh,,Araihazar,,,,,,
23665672,Health Effects of Arsenic Longitudinal Study (HEALS),2000-2002,age,Dietary|Environmental,Arsenic,contaminated drinking water,,,211,Subjects with disease:Heart Diseases,,Current smoker|Former smoker|30% Never smoker,46.3 years (mean),71% Males (Only)|29% Females (Only),,,,,urine,monomethylarsonic acid,14.5 percent,concentration,,Bangladesh,,Araihazar,,,,,,
23665672,Health Effects of Arsenic Longitudinal Study (HEALS),2000-2002,age,Dietary|Environmental,Arsenic,contaminated drinking water,,,211,Subjects with disease:Heart Diseases,,Current smoker|Former smoker|30% Never smoker,46.3 years (mean),71% Males (Only)|29% Females (Only),,,,,urine,Cacodylic Acid,71 percent,concentration,,Bangladesh,,Araihazar,,,,,,
23384555,Health Effects of Arsenic Longitudinal Study (HEALS),2000-2008,sex,Dietary|Environmental,Arsenic,contaminated drinking water,,,237,"Subjects with disease:Arrhythmias, Cardiac",,18% Current smoker|6% Former smoker|76% Never smoker,46.1 years (mean),25% Males (Only)|76% Females (Only),,high-resolution inductively-coupled plasma mass spectrometry,0.2 micrograms per liter,,"water, well",Arsenic,106 micrograms per liter,mean,,Bangladesh,,Araihazar,,,,,,
23384555,Health Effects of Arsenic Longitudinal Study (HEALS),2000-2008,sex,Dietary|Environmental,Arsenic,contaminated drinking water,,,237,"Subjects with disease:Arrhythmias, Cardiac",,18% Current smoker|6% Former smoker|76% Never smoker,46.1 years (mean),25% Males (Only)|76% Females (Only),,graphite furnace atomic absorption,2 micrograms per liter,,urine,Arsenic,280.8 micrograms per gram creatinine,mean,,Bangladesh,,Araihazar,,,,,,
30503971,Health Effects of Arsenic Longitudinal Study (HEALS),2015-2016,,Dietary|Environmental,Arsenic,contaminated drinking water,,,249,Study subjects,,Current smoker|Former smoker|Never smoker,48.6 years (mean),41% Males (Only)|59% Females (Only),,multivariable linear regression analysis,,,,,,,,Bangladesh,,,,prediction/hypothesis,Carotid Intimal Medial Thickness 1,,,"significant interaction between Citrobacter and time-weighted water arsenic, in intima-media thickness (P for interaction = 0.04)"
30503971,Health Effects of Arsenic Longitudinal Study (HEALS),2015-2016,,Dietary|Environmental,Arsenic,contaminated drinking water,,,249,Study subjects,,Current smoker|Former smoker|Never smoker,48.6 years (mean),41% Males (Only)|59% Females (Only),,multivariable linear regression analysis,,,,,,,,Bangladesh,,,,prediction/hypothesis,Atherosclerosis,,,"significant interaction between Citrobacter and time-weighted water arsenic, in intima-media thickness (P for interaction = 0.04)"
8624771,,1973-1986,age | disease,Dietary|Environmental,Arsenic,contaminated drinking water,,,352,Controls for disease:Peripheral Vascular Diseases,,,0-79 years (range),Both Males and Females,,calculated from water monitoring record analysis,,,,Arsenic,0.1-9.9 milligrams per liter,cumulative,arsenic concentration in well water (in milligrams per liter) multiplied by the duration of water consumption (in years),"Taiwan, Province of China",,,,positive correlation,Myocardial Ischemia,,,
8624771,,1973-1986,age | disease,Dietary|Environmental,Arsenic,contaminated drinking water,,,352,Subjects with disease:Peripheral Vascular Diseases,,,0-79 years (range),Both Males and Females,,calculated from water monitoring record analysis,,,,Arsenic,0.1-9.9 milligrams per liter,cumulative,arsenic concentration in well water (in milligrams per liter) multiplied by the duration of water consumption (in years),"Taiwan, Province of China",,,,positive correlation,Myocardial Ischemia,,,
23665672,Health Effects of Arsenic Longitudinal Study (HEALS),2000-2002,age,Dietary|Environmental,Arsenic,contaminated drinking water,,,364,Study subjects,subjects exposed to 108-864 micrograms per liter well water arsenic,Current smoker|Former smoker|Never smoker,,Both Males and Females,,,,,,,,,,Bangladesh,,Araihazar,,positive correlation,Cardiovascular Diseases,,,"risk of Cardiovascular Disease was 1.49 (95% CI: 1.06, 2.11)"
23665672,Health Effects of Arsenic Longitudinal Study (HEALS),2000-2002,age,Dietary|Environmental,Arsenic,contaminated drinking water,,,369,Subjects with disease:Cardiovascular Diseases,,Current smoker|Former smoker|30% Never smoker,48.5 years (mean),74% Males (Only)|26% Females (Only),,,,,"water, well",Arsenic,104.2 micrograms per liter,mean,,Bangladesh,,Araihazar,,,,,,
23665672,Health Effects of Arsenic Longitudinal Study (HEALS),2000-2002,age,Dietary|Environmental,Arsenic,contaminated drinking water,,,369,Subjects with disease:Cardiovascular Diseases,,Current smoker|Former smoker|30% Never smoker,48.5 years (mean),74% Males (Only)|26% Females (Only),,,,,urine,Arsenic,259.9 micrograms per liter,mean,,Bangladesh,,Araihazar,,,,,,
23665672,Health Effects of Arsenic Longitudinal Study (HEALS),2000-2002,age,Dietary|Environmental,Arsenic,contaminated drinking water,,,369,Subjects with disease:Cardiovascular Diseases,,Current smoker|Former smoker|30% Never smoker,48.5 years (mean),74% Males (Only)|26% Females (Only),,,,,,Arsenic,14.3 percent,concentration,,Bangladesh,,Araihazar,,,,,,
23665672,Health Effects of Arsenic Longitudinal Study (HEALS),2000-2002,age,Dietary|Environmental,Arsenic,contaminated drinking water,,,369,Subjects with disease:Cardiovascular Diseases,,Current smoker|Former smoker|30% Never smoker,48.5 years (mean),74% Males (Only)|26% Females (Only),,,,,urine,monomethylarsonic acid,14.4 percent,concentration,,Bangladesh,,Araihazar,,,,,,
23665672,Health Effects of Arsenic Longitudinal Study (HEALS),2000-2002,age,Dietary|Environmental,Arsenic,contaminated drinking water,,,369,Subjects with disease:Cardiovascular Diseases,,Current smoker|Former smoker|30% Never smoker,48.5 years (mean),74% Males (Only)|26% Females (Only),,,,,urine,Cacodylic Acid,71.3 percent,concentration,,Bangladesh,,Araihazar,,,,,,
12934964,,1996-1996,,Dietary|Environmental,Arsenic,contaminated drinking water,,,431,Study subjects,"residents of arsenic-affected village, mix of subjects with and without Skin Diseases",43% Current smoker,32.6 years (mean),48% Males (Only)|52% Females (Only),,clinical assessment | logistic regression analysis | survey method,,,,,,,,Mongolia,,Wuyuan County,,positive correlation,"Arrhythmias, Cardiac",,,odds ratio of palpitations (OR) = 3.6 (95% CI: 1.5-8.2)
8624771,,1973-1986,age | disease,Dietary|Environmental,Arsenic,contaminated drinking water,,,433,Controls for disease:Peripheral Vascular Diseases,,,0-79 years (range),Both Males and Females,,calculated from water monitoring record analysis,,,,Arsenic,>20.0 milligrams per liter,cumulative,arsenic concentration in well water (in milligrams per liter) multiplied by the duration of water consumption (in years),"Taiwan, Province of China",,,,positive correlation,Myocardial Ischemia,,,
8624771,,1973-1986,age | disease,Dietary|Environmental,Arsenic,contaminated drinking water,,,433,Subjects with disease:Peripheral Vascular Diseases,,,0-79 years (range),Both Males and Females,,calculated from water monitoring record analysis,,,,Arsenic,>20.0 milligrams per liter,cumulative,arsenic concentration in well water (in milligrams per liter) multiplied by the duration of water consumption (in years),"Taiwan, Province of China",,,,positive correlation,Myocardial Ischemia,,,
23602086,,,,Dietary|Environmental,Arsenic,contaminated drinking water,,,436,Controls for disease:Hypertension,,33% Current smoker|67% Non-smoker,46.37 years (mean),42% Males (Only)|58% Females (Only),100% Asian,atomic absorption spectroscopy,,,urine,monomethylarsonic acid,17.35 micrograms per gram creatinine,geometric mean,,China,Shanxi,Shanyin,,,,,,
23602086,,,,Dietary|Environmental,Arsenic,contaminated drinking water,,,436,Controls for disease:Hypertension,,33% Current smoker|67% Non-smoker,46.37 years (mean),42% Males (Only)|58% Females (Only),100% Asian,atomic absorption spectroscopy,,,urine,Cacodylic Acid,94.17 micrograms per gram creatinine,geometric mean,,China,Shanxi,Shanyin,,,,,,
25350952,San Luis Valley Diabetes Study (SLVDS),1984-1998,sex,Dietary|Environmental,Arsenic,contaminated drinking water,,,459,Controls for disease:Coronary Disease,,37% Current smoker,66-75 years (range),50% Males (Only)|25% Females (Only),37% Hispanic|63% White,,,,urine,Arsenic,20.5 micrograms per gram creatinine,concentration,"included toxic urine arsenic species As3+, As5+, monomethylarsinic acid, and dimethylarsinic acid",United States,Colorado,Alamosa and Conejos counties,,,,,,
12505429,,1993-1993,,Dietary|Environmental,Arsenic,contaminated drinking water,,,462,Study subjects,,,,44% Males (Only)|56% Females (Only),,logistic regression analysis,,,,Arsenic,>15 milligrams per liter,cumulative,arsenic concentration in well water (in milligrams per liter) multiplied by the duration of water consumption (in years),"Taiwan, Province of China",,Fuhsin | Homei | Hsinming,,positive correlation,Myocardial Ischemia,,,"odds ratios for myocardial ischemica for those with cumulative arsenic exposure of 0.1-14.9, and >=15 milligrams/liter-years were 1.6 (95% CI:0.48, 5.34), and 3.6 (95% CI: 1.11, 11.65), p < 0.05"
11956123,,,,Dietary|Environmental,Arsenic,contaminated drinking water,,,463,Study subjects,,,,43% Males (Only)|57% Females (Only),,logistic regression analysis,,,,Arsenic,>20 milligrams per liter,cumulative,arsenic concentration in well water (in milligrams per liter) multiplied by the duration of water consumption (in years),"Taiwan, Province of China",,Fuhsin | Homei | Hsinming,,positive correlation,Carotid Artery Diseases,,,"odds ratio for carotid atherosclerosis for those with cumulative arsenic exposure of >=20 milligrams/liter-years was 3.1 (95% CI:1.3, 7.4), p = 0.008"
8624771,,1973-1986,age | disease,Dietary|Environmental,Arsenic,contaminated drinking water,,,470,Controls for disease:Peripheral Vascular Diseases,,,0-79 years (range),Both Males and Females,,calculated from water monitoring record analysis,,,,Arsenic,10.0-19.9 milligrams per liter,cumulative,arsenic concentration in well water (in milligrams per liter) multiplied by the duration of water consumption (in years),"Taiwan, Province of China",,,,positive correlation,Myocardial Ischemia,,,
8624771,,1973-1986,age | disease,Dietary|Environmental,Arsenic,contaminated drinking water,,,470,Subjects with disease:Peripheral Vascular Diseases,,,0-79 years (range),Both Males and Females,,calculated from water monitoring record analysis,,,,Arsenic,10.0-19.9 milligrams per liter,cumulative,arsenic concentration in well water (in milligrams per liter) multiplied by the duration of water consumption (in years),"Taiwan, Province of China",,,,positive correlation,Myocardial Ischemia,,,
8624771,,1973-1986,age | disease,Dietary|Environmental,Arsenic,contaminated drinking water,,,509,Controls for disease:Peripheral Vascular Diseases,,,0-79 years (range),Both Males and Females,,water monitoring record analysis,,,"water, drinking",Arsenic,0 milligrams per liter,mean,,"Taiwan, Province of China",,,,positive correlation,Myocardial Ischemia,,,
8624771,,1973-1986,age | disease,Dietary|Environmental,Arsenic,contaminated drinking water,,,509,Controls for disease:Peripheral Vascular Diseases,,,0-79 years (range),Both Males and Females,,calculated from water monitoring record analysis,,,,Arsenic,0 milligrams per liter,cumulative,arsenic concentration in well water (in milligrams per liter) multiplied by the duration of water consumption (in years),"Taiwan, Province of China",,,,positive correlation,Myocardial Ischemia,,,
8624771,,1973-1986,age | disease,Dietary|Environmental,Arsenic,contaminated drinking water,,,509,Subjects with disease:Peripheral Vascular Diseases,,,0-79 years (range),Both Males and Females,,water monitoring record analysis,,,"water, drinking",Arsenic,0 milligrams per liter,mean,,"Taiwan, Province of China",,,,positive correlation,Myocardial Ischemia,,,
8624771,,1973-1986,age | disease,Dietary|Environmental,Arsenic,contaminated drinking water,,,509,Subjects with disease:Peripheral Vascular Diseases,,,0-79 years (range),Both Males and Females,,calculated from water monitoring record analysis,,,,Arsenic,0 milligrams per liter,cumulative,arsenic concentration in well water (in milligrams per liter) multiplied by the duration of water consumption (in years),"Taiwan, Province of China",,,,positive correlation,Myocardial Ischemia,,,
25350952,San Luis Valley Diabetes Study (SLVDS),1984-1998,sex,Dietary|Environmental,Arsenic,contaminated drinking water,,,555,Study subjects,,Current smoker|Non-smoker,57 years (median),Both Males and Females,Hispanic|White,Cox proportional-hazards model analysis,,,,,,,,United States,Colorado,Alamosa and Conejos counties,,positive correlation,Coronary Disease,,,"hazard ratio = 1.38, 95% CI: 1.09, 1.78 per 15 micrograms per liter"
19957052,,1989-1989,,Dietary|Environmental,Arsenic,contaminated drinking water,,,635,Study subjects,,,,44% Males (Only)|56% Females (Only),,multiple linear regression analysis | multivariate Cox's proportional analysis,,,,,,,,"Taiwan, Province of China",,Fuhsin | Homei | Hsinming,,positive correlation,Coronary Artery Disease,,,
19957052,,1989-1989,,Dietary|Environmental,Arsenic,contaminated drinking water,,,635,Study subjects,,,,44% Males (Only)|56% Females (Only),,multiple linear regression analysis | multivariate Cox's proportional analysis,,,,,,,,"Taiwan, Province of China",,Fuhsin | Homei | Hsinming,,positive correlation,Carotid Artery Diseases,,,
7843753,,1988-1989,,Dietary|Environmental,Arsenic,contaminated drinking water,,,898,Study subjects,,,>=30 years (range),43% Males (Only)|58% Females (Only),,logistic regression analysis,,,,,,,,"Taiwan, Province of China",,Fuhsin | Homei | Hsinming,,positive correlation,Hypertension,,,"Duration of artesian well water consumption, average arsenic concentration in drinking water, and cumulative arsenic exposure were all significantly associated with hypertension prevalence."
8624771,,1973-1986,age | disease,Dietary|Environmental,Arsenic,contaminated drinking water,,,995,Controls for disease:Peripheral Vascular Diseases,,,0-79 years (range),Both Males and Females,,water monitoring record analysis,,,"water, drinking",Arsenic,>0.51 milligrams per liter,mean,,"Taiwan, Province of China",,,,positive correlation,Myocardial Ischemia,,,
8624771,,1973-1986,age | disease,Dietary|Environmental,Arsenic,contaminated drinking water,,,995,Subjects with disease:Peripheral Vascular Diseases,,,0-79 years (range),Both Males and Females,,water monitoring record analysis,,,"water, drinking",Arsenic,>0.51 milligrams per liter,mean,,"Taiwan, Province of China",,,,positive correlation,Myocardial Ischemia,,,
8624771,,1973-1986,age | disease,Dietary|Environmental,Arsenic,contaminated drinking water,,,"1,204",Controls for disease:Peripheral Vascular Diseases,,,0-79 years (range),Both Males and Females,,water monitoring record analysis,,,"water, drinking",Arsenic,0.01-0.5 milligrams per liter,mean,,"Taiwan, Province of China",,,,positive correlation,Myocardial Ischemia,,,
8624771,,1973-1986,age | disease,Dietary|Environmental,Arsenic,contaminated drinking water,,,"1,204",Subjects with disease:Peripheral Vascular Diseases,,,0-79 years (range),Both Males and Females,,water monitoring record analysis,,,"water, drinking",Arsenic,0.01-0.5 milligrams per liter,mean,,"Taiwan, Province of China",,,,positive correlation,Myocardial Ischemia,,,
23384555,Health Effects of Arsenic Longitudinal Study (HEALS),2000-2008,sex,Dietary|Environmental,Arsenic,contaminated drinking water,,,"1,474","Controls for disease:Arrhythmias, Cardiac",,27% Current smoker|8% Former smoker|65% Never smoker,46.3 years (mean),39% Males (Only)|61% Females (Only),,high-resolution inductively-coupled plasma mass spectrometry,0.2 micrograms per liter,,"water, well",Arsenic,92.8 micrograms per liter,mean,,Bangladesh,,Araihazar,,,,,,
23384555,Health Effects of Arsenic Longitudinal Study (HEALS),2000-2008,sex,Dietary|Environmental,Arsenic,contaminated drinking water,,,"1,474","Controls for disease:Arrhythmias, Cardiac",,27% Current smoker|8% Former smoker|65% Never smoker,46.3 years (mean),39% Males (Only)|61% Females (Only),,graphite furnace atomic absorption,2 micrograms per liter,,urine,Arsenic,263.8 micrograms per gram creatinine,mean,,Bangladesh,,Araihazar,,,,,,
9931084,,,,Dietary|Environmental,Arsenic,contaminated drinking water,,,"1,595",Study subjects,mix of subjects with and without Hypertension,,>=30 years (range),Both Males and Females,,linear regression analysis,,,,,,,,Bangladesh,,,,positive correlation,Hypertension,,,statistically significant (p<0.001) increase of mean blood pressure by 3.40 mm Hg per milligram per liter and by 0.26 mm Hg per milligram-year per liter of arsenic exposure
23384555,Health Effects of Arsenic Longitudinal Study (HEALS),2000-2008,sex,Dietary|Environmental,Arsenic,contaminated drinking water,,,"1,711",Study subjects,"mix of 237 cases and 1,474 controls for Cardiac Arrhythmias",,18-75 years (range),Both Males and Females,,unconditional logistic regression analysis,,,,,,,,Bangladesh,,Araihazar,,positive correlation,"Arrhythmias, Cardiac",,,"positive association between arsenic exposure and QTc prolongation in women but not men (adjusted odds ratio = 1.24 (95% CI: 1.05, 1.47)"
8624771,,1973-1986,age | disease,Dietary|Environmental,Arsenic,contaminated drinking water,,,"2,556",Study subjects,"mix of 263 cases and 2,293 controls for Peripheral Vascular Diseases",,0-79 years (range),46% Males (Only)|54% Females (Only),,Cox's proportional-hazards regression analysis,,,,,,,,"Taiwan, Province of China",,,,positive correlation,Myocardial Ischemia,,,"significant associations with ischemic heart disease mortality were observed for three different long-term arsenic exposure indexes, with a significantly increased risk for Blackfoot Disease patients"
21546419,,2000-2002,tobacco,Dietary|Environmental,Arsenic,contaminated drinking water,,,"11,224",Study subjects,,Current smoker|Never smoker|Non-smoker,18-75 years (range),Both Males and Females,,graphite furnace atomic absorption spectrometry,,,urine,,,,present study includes follow up from 2002-2009,Bangladesh,,Araihazar,,positive correlation,Cardiovascular Diseases,,,"hazard ratio of cardiovascular mortality per 1 SD (282 micrograms/gram creatinine) increase in urinary arsenic was 1.18 (95% CI: 1.04, 1.33)"
21546419,,2000-2002,tobacco,Dietary|Environmental,Arsenic,contaminated drinking water,,,"11,224",Study subjects,,Current smoker|Never smoker|Non-smoker,18-75 years (range),Both Males and Females,,graphite furnace atomic absorption spectrometry,,,urine,,,,present study includes follow up from 2002-2009,Bangladesh,,Araihazar,,positive correlation,Myocardial Ischemia,,,"hazard ratio of myocardial ischemia mortality per 1 SD (282 micrograms/gram creatinine) increase in urinary arsenic was 1.26 (95% CI: 1.12, 1.42)"
22949133,,1989-2000,,Dietary|Environmental,Arsenic,contaminated drinking water,,,,Study subjects,exposed in utero or as children to drinking water containing arsenic at 800-1300 micrograms per liter,,30-49 years (range),Both Males and Females,,significance and confidence intervals based on Poisson distribution,,,,,,,,Chile,,Antofagasta,,positive correlation,Cardiovascular Diseases,,,"standardized mortality ratio (SMR) = 1.7 (95% CI: 1.5, 2.0; p < 0.001)"
17875584,,1950-2000,,Dietary|Environmental,Arsenic,contaminated drinking water,,,,Study subjects,,,>20 years (range),Both Males and Females,,,,,,,,,,Chile,,Antofagasta | Mejillones,,positive correlation,Myocardial Infarction,,,
24061511,Strong Heart Study (SHS),1989-1991,,Dietary|Environmental,Arsenic,contaminated food and drinking water,,,"3,575",Study subjects,,34% Current smoker|34% Former smoker|33% Never smoker,56 years (mean),40% Males (Only)|60% Females (Only),American Indian,Cox proportional hazards,,,,,,,,United States,Arizona|North Dakota|Oklahoma|South Dakota,,,positive correlation,Cardiovascular Diseases,,,"cardiovascular incidence hazard ratio = 1.32 (95% CI: 1.09, 1.59) after adjustment for socio-demographic factors, smoking, body mass index, and lipids"
24061511,Strong Heart Study (SHS),1989-1991,,Dietary|Environmental,Arsenic,contaminated food and drinking water,,,"3,575",Study subjects,,34% Current smoker|34% Former smoker|33% Never smoker,56 years (mean),40% Males (Only)|60% Females (Only),American Indian,Cox proportional hazards,,,,,,,,United States,Arizona|North Dakota|Oklahoma|South Dakota,,,positive correlation,Coronary Disease,,,"coronary heart disease incidence hazard ratio = 1.30 (95% CI: 1.04, 1.62) after adjustment for socio-demographic factors, smoking, body mass index, and lipids"
24061511,Strong Heart Study (SHS),1989-1991,,Dietary|Environmental,Arsenic,contaminated food and drinking water,,,"3,575",Study subjects,,34% Current smoker|34% Former smoker|33% Never smoker,56 years (mean),40% Males (Only)|60% Females (Only),American Indian,Cox proportional hazards,,,,,,,,United States,Arizona|North Dakota|Oklahoma|South Dakota,,,positive correlation,Stroke,,,"stroke incidence hazard ratio = 1.47 (95% CI: 0.97, 2.21) after adjustment for socio-demographic factors, smoking, body mass index, and lipids"
15743725,,1999-2000,,Dietary|Environmental,Arsenic,drinking water,,,54,Study subjects,,,36.2 years (mean),Both Males and Females,,atomic absorption spectroscopy,,,,,,,,China,Inner Mongolia,Baotou,,positive correlation,Vascular Diseases,,,
15514231,,2000-2002,,Dietary|Environmental,Arsenic,drinking water,,,"1,185",Study subjects,,,62 years (mean),,,,,,water,Arsenic,>10 micrograms per liter,third strata,,United States,,,,positive correlation,Heart Diseases,,,
15514231,,2000-2002,,Dietary|Environmental,Arsenic,drinking water,,,"1,185",Study subjects,,,62 years (mean),,,,,,water,Arsenic,>10 micrograms per liter,third strata,,United States,,,,positive correlation,Hypertension,,,
17938729,Health Effects of Arsenic Longitudinal Study (HEALS),,,Dietary|Environmental,Arsenic,,,,115,Subjects with disease:Skin Ulcer,,,46.8 years (mean),Both Males and Females,,ELISA | graphite furnace atomic absorption spectrometry,,,water,Arsenic,,,,Bangladesh,,Araihazar,,prediction/hypothesis,Cardiovascular Diseases,,,
27951440,,2012-2013,,Dietary|Environmental,Arsenic,,,,163,Subjects with disease:Hypertension,,40% Current smoker|60% Non-smoker,,,,inductively coupled plasma mass spectroscopy,,,hair,Arsenic,0.211 micrograms per gram,median,,China,Shanxi Province,,,,,,,
27951440,,2012-2013,,Dietary|Environmental,Arsenic,,,,163,Subjects with disease:Hypertension,,40% Current smoker|60% Non-smoker,,,,inductively coupled plasma mass spectroscopy,,,hair,Arsenic,0.114 micrograms per gram,25th percentile,,China,Shanxi Province,,,,,,,
27951440,,2012-2013,,Dietary|Environmental,Arsenic,,,,163,Subjects with disease:Hypertension,,40% Current smoker|60% Non-smoker,,,,inductively coupled plasma mass spectroscopy,,,hair,Arsenic,0.395 micrograms per gram,75th percentile,,China,Shanxi Province,,,,,,,
27951440,,2012-2013,,Dietary|Environmental,Arsenic,,,,235,Controls for disease:Hypertension,,27% Current smoker|73% Non-smoker,,,,inductively coupled plasma mass spectroscopy,,,hair,Arsenic,0.101 micrograms per gram,median,,China,Shanxi Province,,,,,,,
27951440,,2012-2013,,Dietary|Environmental,Arsenic,,,,235,Controls for disease:Hypertension,,27% Current smoker|73% Non-smoker,,,,inductively coupled plasma mass spectroscopy,,,hair,Arsenic,0.048 micrograms per gram,25th percentile,,China,Shanxi Province,,,,,,,
27951440,,2012-2013,,Dietary|Environmental,Arsenic,,,,235,Controls for disease:Hypertension,,27% Current smoker|73% Non-smoker,,,,inductively coupled plasma mass spectroscopy,,,hair,Arsenic,0.227 micrograms per gram,75th percentile,,China,Shanxi Province,,,,,,,
28270149,,,diet | sex,Dietary|Environmental,Arsenic,,,,236,Study subjects,total cohort (non-endemic and arsenic-endemic subjects combined),34% Current smoker|66% Non-smoker,35.69 years (mean),53% Males (Only)|47% Females (Only),,,,,,,,,,Bangladesh,,,,positive correlation,Hypertension,,,"non-endemic v. arsenic-endemic, p < 0.05"
17520054,,,sex,Dietary|Environmental,Arsenic,,,,307,Study subjects,,,35 years (mean),Both Males and Females,,,,,,,,,,China,,Ba Men,,positive correlation,Cardiovascular Abnormalities,,,
27951440,,2012-2013,,Dietary|Environmental,Arsenic,,,,398,Study subjects,mix of 163 cases and 235 controls for Hypertension,32% Current smoker|68% Non-smoker,,,,logistic regression analysis,,,,,,,,China,Shanxi Province,,,positive correlation,Hypertension,,,unadjusted and adjusted odds ratios were 3.57 (95% CI: 2.34-5.44) and 2.55 (95% CI: 1.55-4.2)
26383851,,1990-2010,sex,Dietary|Environmental,Arsenic,,,,"138,800",Study subjects,,,32 years (mean),Both Males and Females,,Cox proportional model analysis,,,,,,,,Italy,Viterbo province,Tarquinia,,positive correlation,Myocardial Infarction,,,"In males, Hazard Ratio = 2.94 (95% CI: 1.92, 4.51)"
26383851,,1990-2010,sex,Dietary|Environmental,Arsenic,,,,"138,800",Study subjects,,,32 years (mean),Both Males and Females,,Cox proportional model analysis,,,,,,,,Italy,Viterbo province,Tarquinia,,positive correlation,Peripheral Arterial Disease,,,"In males, Hazard Ratio = 2.44 (95% CI: 1.27, 4.66)"
25867198,,2013-2014,,Environmental,Arsenic,,,,142,Controls for disease:Hypertension,,,50-75 years (range),100% Males (Only),,inductively coupled argon plasma optical emission spectrometry,,,blood,Arsenic,7.92 micrograms per liter,arithmetic mean,,Poland,,,,,,,,
25867198,,2013-2014,,Environmental,Arsenic,,,,142,Controls for disease:Hypertension,,,50-75 years (range),100% Males (Only),,inductively coupled argon plasma optical emission spectrometry,,,blood,Arsenic,7.95 micrograms per liter,median,,Poland,,,,,,,,
25867198,,2013-2014,,Environmental,Arsenic,,,,142,Controls for disease:Hypertension,,,50-75 years (range),100% Males (Only),,inductively coupled argon plasma optical emission spectrometry,,,blood,Arsenic,3.83 micrograms per liter,minimum,,Poland,,,,,,,,
25867198,,2013-2014,,Environmental,Arsenic,,,,142,Controls for disease:Hypertension,,,50-75 years (range),100% Males (Only),,inductively coupled argon plasma optical emission spectrometry,,,blood,Arsenic,12.5 micrograms per liter,maximum,,Poland,,,,,,,,
25867198,,2013-2014,,Environmental,Arsenic,,,,171,Subjects with disease:Hypertension,,,50-75 years (range),100% Males (Only),,inductively coupled argon plasma optical emission spectrometry,,,blood,Arsenic,7.76 micrograms per liter,arithmetic mean,,Poland,,,,,,,,
25867198,,2013-2014,,Environmental,Arsenic,,,,171,Subjects with disease:Hypertension,,,50-75 years (range),100% Males (Only),,inductively coupled argon plasma optical emission spectrometry,,,blood,Arsenic,7.8 micrograms per liter,median,,Poland,,,,,,,,
25867198,,2013-2014,,Environmental,Arsenic,,,,171,Subjects with disease:Hypertension,,,50-75 years (range),100% Males (Only),,inductively coupled argon plasma optical emission spectrometry,,,blood,Arsenic,2.48 micrograms per liter,minimum,,Poland,,,,,,,,
25867198,,2013-2014,,Environmental,Arsenic,,,,171,Subjects with disease:Hypertension,,,50-75 years (range),100% Males (Only),,inductively coupled argon plasma optical emission spectrometry,,,blood,Arsenic,15.2 micrograms per liter,maximum,,Poland,,,,,,,,
21206367,National Health and Nutrition Examination Survey (NHANES),2003-2008,,Environmental,Arsenic,,,,"1,761",Subjects with disease:Hypertension,,,>=20 years (range),Both Males and Females,,high-performance liquid chromatography mass spectrometry,0.6 micrograms per liter,99.1,urine,Arsenic,8.3 micrograms per liter,median,,United States,,,limit of detection = 0.74 micrograms per liter for 2005-2008,,,,,
21206367,National Health and Nutrition Examination Survey (NHANES),2003-2008,,Environmental,Arsenic,,,,"1,761",Subjects with disease:Hypertension,,,>=20 years (range),Both Males and Females,,high-performance liquid chromatography mass spectrometry,0.6 micrograms per liter,99.1,urine,Arsenic,4.2 micrograms per liter,25th percentile,,United States,,,limit of detection = 0.74 micrograms per liter for 2005-2008,,,,,
21206367,National Health and Nutrition Examination Survey (NHANES),2003-2008,,Environmental,Arsenic,,,,"1,761",Subjects with disease:Hypertension,,,>=20 years (range),Both Males and Females,,high-performance liquid chromatography mass spectrometry,0.6 micrograms per liter,99.1,urine,Arsenic,16.5 micrograms per liter,75th percentile,,United States,,,limit of detection = 0.74 micrograms per liter for 2005-2008,,,,,
21206367,National Health and Nutrition Examination Survey (NHANES),2003-2008,,Environmental,Arsenic,,,,"2,406",Controls for disease:Hypertension,,,>=20 years (range),Both Males and Females,,high-performance liquid chromatography mass spectrometry,0.6 micrograms per liter,99.1,urine,Arsenic,8.3 micrograms per liter,median,,United States,,,limit of detection = 0.74 micrograms per liter for 2005-2008,,,,,
21206367,National Health and Nutrition Examination Survey (NHANES),2003-2008,,Environmental,Arsenic,,,,"2,406",Controls for disease:Hypertension,,,>=20 years (range),Both Males and Females,,high-performance liquid chromatography mass spectrometry,0.6 micrograms per liter,99.1,urine,Arsenic,4.2 micrograms per liter,25th percentile,,United States,,,limit of detection = 0.74 micrograms per liter for 2005-2008,,,,,
21206367,National Health and Nutrition Examination Survey (NHANES),2003-2008,,Environmental,Arsenic,,,,"2,406",Controls for disease:Hypertension,,,>=20 years (range),Both Males and Females,,high-performance liquid chromatography mass spectrometry,0.6 micrograms per liter,99.1,urine,Arsenic,17.4 micrograms per liter,75th percentile,,United States,,,limit of detection = 0.74 micrograms per liter for 2005-2008,,,,,
26629599,American Cancer Society Cancer Prevention Study II (ACS CPS-II),1982-2004,,Environmental,Arsenic,,,,"445,860",Study subjects,,Current smoker|Former smoker|Non-smoker,56.6 years (mean),Both Males and Females,94% White,Cox proportional hazard models,,,,,,,,United States,,,,positive correlation,Myocardial Ischemia,,,
29064788,Dongfeng-Tongji (DFTJ) Cohort,2008-2010,,Occupational,Arsenic,,,,"1,621",Controls for disease:Coronary Disease,employed at Dongfeng Motor Corporation,19% Current smoker|11% Former smoker|70% Never smoker,65.6 years (mean),49% Males (Only)|51% Females (Only),,inductively coupled plasma mass spectrometry,,,plasma,Arsenic,1.96 micrograms per liter,median,,China,,Shiyan,,,,,,
29064788,Dongfeng-Tongji (DFTJ) Cohort,2008-2010,,Occupational,Arsenic,,,,"1,621",Controls for disease:Coronary Disease,employed at Dongfeng Motor Corporation,19% Current smoker|11% Former smoker|70% Never smoker,65.6 years (mean),49% Males (Only)|51% Females (Only),,inductively coupled plasma mass spectrometry,,,plasma,Arsenic,1.27 micrograms per liter,25th percentile,,China,,Shiyan,,,,,,
29064788,Dongfeng-Tongji (DFTJ) Cohort,2008-2010,,Occupational,Arsenic,,,,"1,621",Controls for disease:Coronary Disease,employed at Dongfeng Motor Corporation,19% Current smoker|11% Former smoker|70% Never smoker,65.6 years (mean),49% Males (Only)|51% Females (Only),,inductively coupled plasma mass spectrometry,,,plasma,Arsenic,3.49 micrograms per liter,75th percentile,,China,,Shiyan,,,,,,
29064788,Dongfeng-Tongji (DFTJ) Cohort,2008-2010,,Occupational,Arsenic,,,,"1,621",Subjects with disease:Coronary Disease,employed at Dongfeng Motor Corporation,21% Current smoker|13% Former smoker|66% Never smoker,65.7 years (mean),49% Males (Only)|51% Females (Only),,inductively coupled plasma mass spectrometry,,,plasma,Arsenic,2.32 micrograms per liter,median,,China,,Shiyan,,,,,,
29064788,Dongfeng-Tongji (DFTJ) Cohort,2008-2010,,Occupational,Arsenic,,,,"1,621",Subjects with disease:Coronary Disease,employed at Dongfeng Motor Corporation,21% Current smoker|13% Former smoker|66% Never smoker,65.7 years (mean),49% Males (Only)|51% Females (Only),,inductively coupled plasma mass spectrometry,,,plasma,Arsenic,1.42 micrograms per liter,25th percentile,,China,,Shiyan,,,,,,
29064788,Dongfeng-Tongji (DFTJ) Cohort,2008-2010,,Occupational,Arsenic,,,,"1,621",Subjects with disease:Coronary Disease,employed at Dongfeng Motor Corporation,21% Current smoker|13% Former smoker|66% Never smoker,65.7 years (mean),49% Males (Only)|51% Females (Only),,inductively coupled plasma mass spectrometry,,,plasma,Arsenic,4.49 micrograms per liter,75th percentile,,China,,Shiyan,,,,,,
29064788,Dongfeng-Tongji (DFTJ) Cohort,2008-2010,,Occupational,Arsenic,,,,"3,242",Study subjects,"mix of 1,621 subjects and 1,621 controls for Coronary Disease, employed at Dongfeng Motor Corporation",21% Current smoker|13% Former smoker|66% Never smoker,65.7 years (mean),49% Males (Only)|51% Females (Only),,conditional logistic regression analysis,,,,,,,,China,,Shiyan,,positive correlation,Coronary Disease,,,"odds ratio = 1.78 (95% CI: 1.29, 2.46; p-trend=0.001)"
27539918,Lee-Fraumeni Cohort,1938-1990,,Occupational,Arsenic Trioxide,,702,measurements of airborn arsenic trioxide,"8,014",Workers,copper smelter workers,,32 years (median),Males (Only),,"estimated exposure based on air monitoring, work area and employment classification",,,,,,,,United States,Montana,Anaconda,,prediction/hypothesis,Heart Diseases,,,
21206367,National Health and Nutrition Examination Survey (NHANES),2003-2008,,Environmental,arsenobetaine,,,,"1,761",Subjects with disease:Hypertension,,,>=20 years (range),Both Males and Females,,high-performance liquid chromatography mass spectrometry,0.6 micrograms per liter,99.1,urine,arsenobetaine,1.5 micrograms per liter,median,,United States,,,limit of detection = 0.74 micrograms per liter for 2005-2008,,,,,
21206367,National Health and Nutrition Examination Survey (NHANES),2003-2008,,Environmental,arsenobetaine,,,,"1,761",Subjects with disease:Hypertension,,,>=20 years (range),Both Males and Females,,high-performance liquid chromatography mass spectrometry,0.6 micrograms per liter,99.1,urine,arsenobetaine,0.3 micrograms per liter,25th percentile,,United States,,,limit of detection = 0.74 micrograms per liter for 2005-2008,,,,,
21206367,National Health and Nutrition Examination Survey (NHANES),2003-2008,,Environmental,arsenobetaine,,,,"1,761",Subjects with disease:Hypertension,,,>=20 years (range),Both Males and Females,,high-performance liquid chromatography mass spectrometry,0.6 micrograms per liter,99.1,urine,arsenobetaine,6.4 micrograms per liter,75th percentile,,United States,,,limit of detection = 0.74 micrograms per liter for 2005-2008,,,,,
21206367,National Health and Nutrition Examination Survey (NHANES),2003-2008,,Environmental,arsenobetaine,,,,"2,406",Controls for disease:Hypertension,,,>=20 years (range),Both Males and Females,,high-performance liquid chromatography mass spectrometry,0.6 micrograms per liter,99.1,urine,arsenobetaine,1.3 micrograms per liter,median,,United States,,,limit of detection = 0.74 micrograms per liter for 2005-2008,,,,,
21206367,National Health and Nutrition Examination Survey (NHANES),2003-2008,,Environmental,arsenobetaine,,,,"2,406",Controls for disease:Hypertension,,,>=20 years (range),Both Males and Females,,high-performance liquid chromatography mass spectrometry,0.6 micrograms per liter,99.1,urine,arsenobetaine,0.3 micrograms per liter,25th percentile,,United States,,,limit of detection = 0.74 micrograms per liter for 2005-2008,,,,,
21206367,National Health and Nutrition Examination Survey (NHANES),2003-2008,,Environmental,arsenobetaine,,,,"2,406",Controls for disease:Hypertension,,,>=20 years (range),Both Males and Females,,high-performance liquid chromatography mass spectrometry,0.6 micrograms per liter,99.1,urine,arsenobetaine,6.1 micrograms per liter,75th percentile,,United States,,,limit of detection = 0.74 micrograms per liter for 2005-2008,,,,,
29064788,Dongfeng-Tongji (DFTJ) Cohort,2008-2010,,Occupational,Barium,,,,"1,621",Controls for disease:Coronary Disease,employed at Dongfeng Motor Corporation,19% Current smoker|11% Former smoker|70% Never smoker,65.6 years (mean),49% Males (Only)|51% Females (Only),,inductively coupled plasma mass spectrometry,,,plasma,Barium,25.47 micrograms per liter,median,,China,,Shiyan,,,,,,
29064788,Dongfeng-Tongji (DFTJ) Cohort,2008-2010,,Occupational,Barium,,,,"1,621",Controls for disease:Coronary Disease,employed at Dongfeng Motor Corporation,19% Current smoker|11% Former smoker|70% Never smoker,65.6 years (mean),49% Males (Only)|51% Females (Only),,inductively coupled plasma mass spectrometry,,,plasma,Barium,23.25 micrograms per liter,25th percentile,,China,,Shiyan,,,,,,
29064788,Dongfeng-Tongji (DFTJ) Cohort,2008-2010,,Occupational,Barium,,,,"1,621",Controls for disease:Coronary Disease,employed at Dongfeng Motor Corporation,19% Current smoker|11% Former smoker|70% Never smoker,65.6 years (mean),49% Males (Only)|51% Females (Only),,inductively coupled plasma mass spectrometry,,,plasma,Barium,62.55 micrograms per liter,75th percentile,,China,,Shiyan,,,,,,
29064788,Dongfeng-Tongji (DFTJ) Cohort,2008-2010,,Occupational,Barium,,,,"1,621",Subjects with disease:Coronary Disease,employed at Dongfeng Motor Corporation,21% Current smoker|13% Former smoker|66% Never smoker,65.7 years (mean),49% Males (Only)|51% Females (Only),,inductively coupled plasma mass spectrometry,,,plasma,Barium,40.53 micrograms per liter,median,,China,,Shiyan,,,,,,
29064788,Dongfeng-Tongji (DFTJ) Cohort,2008-2010,,Occupational,Barium,,,,"1,621",Subjects with disease:Coronary Disease,employed at Dongfeng Motor Corporation,21% Current smoker|13% Former smoker|66% Never smoker,65.7 years (mean),49% Males (Only)|51% Females (Only),,inductively coupled plasma mass spectrometry,,,plasma,Barium,25.98 micrograms per liter,25th percentile,,China,,Shiyan,,,,,,
29064788,Dongfeng-Tongji (DFTJ) Cohort,2008-2010,,Occupational,Barium,,,,"1,621",Subjects with disease:Coronary Disease,employed at Dongfeng Motor Corporation,21% Current smoker|13% Former smoker|66% Never smoker,65.7 years (mean),49% Males (Only)|51% Females (Only),,inductively coupled plasma mass spectrometry,,,plasma,Barium,71.05 micrograms per liter,75th percentile,,China,,Shiyan,,,,,,
29064788,Dongfeng-Tongji (DFTJ) Cohort,2008-2010,,Occupational,Barium,,,,"3,242",Study subjects,"mix of 1,621 subjects and 1,621 controls for Coronary Disease, employed at Dongfeng Motor Corporation",21% Current smoker|13% Former smoker|66% Never smoker,65.7 years (mean),49% Males (Only)|51% Females (Only),,conditional logistic regression analysis,,,,,,,,China,,Shiyan,,prediction/hypothesis,Coronary Disease,,,
22363351,National Health and Nutrition Examination Survey (NHANES),2003-2004,,Commercial product,bisphenol A,,,,"1,380",Study subjects,,,46.2 years (mean),Both Males and Females,10% Black|18% Mexican-American|72% White,,,,urine,bisphenol A,,,,United States,,,,positive correlation,Hypertension,,,
20084273,National Health and Nutrition Examination Survey (NHANES),2003-2004,,Commercial product|Dietary,bisphenol A,food and drink packaging,,,"1,455",Study subjects,,Current smoker|Former smoker|Non-smoker,18-74 years (range),48% Males (Only)|52% Females (Only),12% Black|4% Hispanic|9% Mexican-American|6% Other|69% White,multivariable-adjusted logistic regression analysis,,,,,,,,United States,,,,positive correlation,Myocardial Infarction,,,
20084273,National Health and Nutrition Examination Survey (NHANES),2003-2004,,Commercial product|Dietary,bisphenol A,food and drink packaging,,,"1,455",Study subjects,,Current smoker|Former smoker|Non-smoker,18-74 years (range),48% Males (Only)|52% Females (Only),12% Black|4% Hispanic|9% Mexican-American|6% Other|69% White,multivariable-adjusted logistic regression analysis,,,,,,,,United States,,,,positive correlation,Coronary Disease,,,
20084273,National Health and Nutrition Examination Survey (NHANES),2003-2004,,Commercial product|Dietary,bisphenol A,food and drink packaging,,,"1,455",Study subjects,,Current smoker|Former smoker|Non-smoker,18-74 years (range),48% Males (Only)|52% Females (Only),12% Black|4% Hispanic|9% Mexican-American|6% Other|69% White,multivariable-adjusted logistic regression analysis,,,,,,,,United States,,,,positive correlation,Angina Pectoris,,,
20084273,National Health and Nutrition Examination Survey (NHANES),2005-2006,,Commercial product|Dietary,bisphenol A,food and drink packaging,,,"1,493",Study subjects,,Current smoker|Former smoker|Non-smoker,18-74 years (range),49% Males (Only)|51% Females (Only),12% Black|3% Hispanic|8% Mexican-American|6% Other|71% White,multivariable-adjusted logistic regression analysis,,,,,,,,United States,,,,positive correlation,Coronary Disease,,,
20084273,National Health and Nutrition Examination Survey (NHANES),2005-2006,,Commercial product|Dietary,bisphenol A,food and drink packaging,,,"1,493",Study subjects,,Current smoker|Former smoker|Non-smoker,18-74 years (range),49% Males (Only)|51% Females (Only),12% Black|3% Hispanic|8% Mexican-American|6% Other|71% White,multivariable-adjusted logistic regression analysis,,,,,,,,United States,,,,prediction/hypothesis,Myocardial Infarction,,,
20084273,National Health and Nutrition Examination Survey (NHANES),2005-2006,,Commercial product|Dietary,bisphenol A,food and drink packaging,,,"1,493",Study subjects,,Current smoker|Former smoker|Non-smoker,18-74 years (range),49% Males (Only)|51% Females (Only),12% Black|3% Hispanic|8% Mexican-American|6% Other|71% White,multivariable-adjusted logistic regression analysis,,,,,,,,United States,,,,prediction/hypothesis,Angina Pectoris,,,
20084273,National Health and Nutrition Examination Survey (NHANES),2003-2006,,Commercial product|Dietary,bisphenol A,food and drink packaging,,,"2,948",Study subjects,,Current smoker|Former smoker|Non-smoker,18-74 years (range),Both Males and Females,Black|Hispanic|Mexican-American|Other|White,multivariable-adjusted logistic regression analysis,,,,,,,,United States,,,,positive correlation,Myocardial Infarction,,,
20084273,National Health and Nutrition Examination Survey (NHANES),2003-2006,,Commercial product|Dietary,bisphenol A,food and drink packaging,,,"2,948",Study subjects,,Current smoker|Former smoker|Non-smoker,18-74 years (range),Both Males and Females,Black|Hispanic|Mexican-American|Other|White,multivariable-adjusted logistic regression analysis,,,,,,,,United States,,,,positive correlation,Coronary Disease,,,
20084273,National Health and Nutrition Examination Survey (NHANES),2003-2006,,Commercial product|Dietary,bisphenol A,food and drink packaging,,,"2,948",Study subjects,,Current smoker|Former smoker|Non-smoker,18-74 years (range),Both Males and Females,Black|Hispanic|Mexican-American|Other|White,multivariable-adjusted logistic regression analysis,,,,,,,,United States,,,,positive correlation,Angina Pectoris,,,
23227235,National Health and Nutrition Examination Survey (NHANES),2003-2004,,Commercial product|Dietary,bisphenol A,"resins, plastics",,,"1,057",Study subjects,,,,Both Males and Females,,,,,urine,,,,,United States,,,,no correlation,Heart Diseases,,,
23227235,National Health and Nutrition Examination Survey (NHANES),2005-2006,,Commercial product|Dietary,bisphenol A,"resins, plastics",,,"1,082",Study subjects,,,,Both Males and Females,,,,,urine,,,,,United States,,,,no correlation,Heart Diseases,,,
23227235,National Health and Nutrition Examination Survey (NHANES),2007-2008,,Commercial product|Dietary,bisphenol A,"resins, plastics",,,"1,302",Study subjects,,,,Both Males and Females,,,,,urine,,,,,United States,,,,no correlation,Heart Diseases,,,
23227235,National Health and Nutrition Examination Survey (NHANES),2009-2010,,Commercial product|Dietary,bisphenol A,"resins, plastics",,,"1,370",Study subjects,,,,Both Males and Females,,,,,urine,,,,,United States,,,,no correlation,Heart Diseases,,,
22645278,National Health and Nutrition Examination Survey (NHANES),2003-2004,race | sex | tobacco,Commercial product|Dietary,bisphenol A,"resins, plastics, and food and beverage packaging",,,745,Study subjects,,Current smoker|Former smoker|Never smoker,>40 years (range),Both Males and Females,Black|Other|White,multivariable logistic regression analysis,,,urine,,,,,United States,,,,positive correlation,Peripheral Arterial Disease,,,
21621210,Prospective Investigation of the Vasculature in Uppsala Seniors (PIVUS),,,Commercial product|Environmental,bisphenol A,man-made high volume chemical used as components in plastics,,,"1,016",Study subjects,eldery,11% Current smoker,70 years (mean),50% Males (Only)|50% Females (Only),,API 4000 liquid chromatography with tandem mass spectrometery,,,serum,bisphenol A,3.76 nanograms per milliliter,median,BPA,Sweden,,Uppsala,,positive correlation,Carotid Stenosis,,,
21621210,Prospective Investigation of the Vasculature in Uppsala Seniors (PIVUS),,,Commercial product|Environmental,bisphenol A,man-made high volume chemical used as components in plastics,,,"1,016",Study subjects,eldery,11% Current smoker,70 years (mean),50% Males (Only)|50% Females (Only),,API 4000 liquid chromatography with tandem mass spectrometery,,,serum,bisphenol A,3.76 nanograms per milliliter,median,BPA,Sweden,,Uppsala,,positive correlation,Atherosclerosis,,,
25996886,,2012-2013,,Commercial product|Environmental,bisphenol A,numerous consumer products,,,29,"Subjects with disease:Cardiomyopathy, Dilated",females only,,62.7 years (mean),100% Females (Only),,ELISA,,,blood,bisphenol A,6.5 nanograms per milliliter,mean,"females only, statistically different from controls, p < 0.001",China,,Nanchang,,positive correlation,"Cardiomyopathy, Dilated",,,
25996886,,2012-2013,,Commercial product|Environmental,bisphenol A,numerous consumer products,,,33,"Controls for disease:Cardiomyopathy, Dilated",females only,,62.8 years (mean),100% Females (Only),,ELISA,,,blood,bisphenol A,3.8 nanograms per milliliter,mean,"females only, statistically different from patients, p < 0.001",China,,Nanchang,,,,,,
25996886,,2012-2013,,Commercial product|Environmental,bisphenol A,numerous consumer products,,,55,"Controls for disease:Cardiomyopathy, Dilated",males only,,56.7 years (mean),100% Males (Only),,ELISA,,,blood,bisphenol A,3.9 nanograms per milliliter,mean,"males only, statistically different from patients, p < 0.001",China,,Nanchang,,,,,,
25996886,,2012-2013,,Commercial product|Environmental,bisphenol A,numerous consumer products,,,59,"Subjects with disease:Cardiomyopathy, Dilated",males only,,58 years (mean),100% Males (Only),,ELISA,,,blood,bisphenol A,7 nanograms per milliliter,mean,"males only, statistically different from controls, p < 0.001",China,,Nanchang,,positive correlation,"Cardiomyopathy, Dilated",,,
25996886,,2012-2013,,Commercial product|Environmental,bisphenol A,numerous consumer products,,,88,"Controls for disease:Cardiomyopathy, Dilated",,,59 years (mean),63% Males (Only)|37% Females (Only),,ELISA,,,blood,bisphenol A,3.8 nanograms per milliliter,mean,"statistically different from patients, p < 0.001",China,,Nanchang,,,,,,
25996886,,2012-2013,,Commercial product|Environmental,bisphenol A,numerous consumer products,,,88,"Subjects with disease:Cardiomyopathy, Dilated",,,59.6 years (mean),67% Males (Only)|33% Females (Only),,ELISA,,,blood,bisphenol A,6.9 nanograms per milliliter,mean,"statistically different from controls, p < 0.001",China,,Nanchang,,positive correlation,"Cardiomyopathy, Dilated",,,
22851732,Korean Elderly Environmental Panel (KEEP),2008-2010,,Commercial product|Environmental,bisphenol A,used in manufacture of polycarbonate plastics and epoxy resin,,,521,Study subjects,total cohort,5% Current smoker|7% Former smoker|86% Non-smoker,70.6 years (mean),27% Males (Only)|73% Females (Only),,automatic sphygmomanometer | high-performance liquid chromatography tandem mass spectrometry | spot urine samples,,,urine,bisphenol A,,,,"Korea, Republic of",,Seoul,,positive correlation,Hypertension,,,"fourth quartile compared with first quartile associated with hypertension, OR = 1.27 (95% CI: 0.85, 1.88); if restricted to subjects who did not report previous history of hypertension (n = 258), OR = 2.35 (95% CI: 1.33, 4.17)"
32804211,National Health and Nutrition Examination Survey (NHANES),2003-2008,age | race | sex | socioeconomic status,Commercial product|Environmental,bisphenol A,,,,"3,883",Study subjects,,,43.6 years (mean),49% Males (Only)|51% Females (Only),,high-performance liquid chromatography-isotope dilution tandem mass spectrometry | NHANES Public-Use Linked Mortality File | online solid-phase extraction,,,urine,bisphenol A,,,,United States,,,,positive correlation,Cardiovascular Diseases,,,"highest vs lowest tertile urinary BPA, HR = 1.46 (95% CI: 0.67, 3.15) for cardiovascular disease mortality"
22354940,European Prospective Investigation into Cancer and Nutrition (EPIC),1993-1997,,Dietary,bisphenol A,,,,758,Subjects with disease:Coronary Artery Disease,,17% Current smoker|52% Former smoker|32% Never smoker,64.1 years (mean),66% Males (Only)|34% Females (Only),,high-performance liquid chromatography isotope dilution tandem mass spectrometry,<0.5 nanograms per milliliter,,urine,bisphenol A,1.35 nanograms per milliliter,median,,United Kingdom,,,,,,,,
22354940,European Prospective Investigation into Cancer and Nutrition (EPIC),1993-1997,,Dietary,bisphenol A,,,,758,Subjects with disease:Coronary Artery Disease,,17% Current smoker|52% Former smoker|32% Never smoker,64.1 years (mean),66% Males (Only)|34% Females (Only),,high-performance liquid chromatography isotope dilution tandem mass spectrometry,<0.5 nanograms per milliliter,,urine,bisphenol A,0.67 nanograms per milliliter,25th percentile,,United Kingdom,,,,,,,,
22354940,European Prospective Investigation into Cancer and Nutrition (EPIC),1993-1997,,Dietary,bisphenol A,,,,758,Subjects with disease:Coronary Artery Disease,,17% Current smoker|52% Former smoker|32% Never smoker,64.1 years (mean),66% Males (Only)|34% Females (Only),,high-performance liquid chromatography isotope dilution tandem mass spectrometry,<0.5 nanograms per milliliter,,urine,bisphenol A,2.7 nanograms per milliliter,75th percentile,,United Kingdom,,,,,,,,
22354940,European Prospective Investigation into Cancer and Nutrition (EPIC),1993-1997,,Dietary,bisphenol A,,,,758,Subjects with disease:Coronary Artery Disease,,17% Current smoker|52% Former smoker|32% Never smoker,64.1 years (mean),66% Males (Only)|34% Females (Only),,high-performance liquid chromatography isotope dilution tandem mass spectrometry,<0.5 nanograms per milliliter,,urine,bisphenol A,1.39 nanograms per milliliter,geometric mean,,United Kingdom,,,,,,,,
22354940,European Prospective Investigation into Cancer and Nutrition (EPIC),1993-1997,,Dietary,bisphenol A,,,,861,Controls for disease:Coronary Artery Disease,,10% Current smoker|46% Former smoker|44% Never smoker,63.8 years (mean),62% Males (Only)|38% Females (Only),,high-performance liquid chromatography isotope dilution tandem mass spectrometry,<0.5 nanograms per milliliter,,urine,bisphenol A,1.24 nanograms per milliliter,median,,United Kingdom,,,,,,,,
22354940,European Prospective Investigation into Cancer and Nutrition (EPIC),1993-1997,,Dietary,bisphenol A,,,,861,Controls for disease:Coronary Artery Disease,,10% Current smoker|46% Former smoker|44% Never smoker,63.8 years (mean),62% Males (Only)|38% Females (Only),,high-performance liquid chromatography isotope dilution tandem mass spectrometry,<0.5 nanograms per milliliter,,urine,bisphenol A,0.59 nanograms per milliliter,25th percentile,,United Kingdom,,,,,,,,
22354940,European Prospective Investigation into Cancer and Nutrition (EPIC),1993-1997,,Dietary,bisphenol A,,,,861,Controls for disease:Coronary Artery Disease,,10% Current smoker|46% Former smoker|44% Never smoker,63.8 years (mean),62% Males (Only)|38% Females (Only),,high-performance liquid chromatography isotope dilution tandem mass spectrometry,<0.5 nanograms per milliliter,,urine,bisphenol A,2.52 nanograms per milliliter,75th percentile,,United Kingdom,,,,,,,,
22354940,European Prospective Investigation into Cancer and Nutrition (EPIC),1993-1997,,Dietary,bisphenol A,,,,861,Controls for disease:Coronary Artery Disease,,10% Current smoker|46% Former smoker|44% Never smoker,63.8 years (mean),62% Males (Only)|38% Females (Only),,high-performance liquid chromatography isotope dilution tandem mass spectrometry,<0.5 nanograms per milliliter,,urine,bisphenol A,1.23 nanograms per milliliter,geometric mean,,United Kingdom,,,,,,,,
22354940,European Prospective Investigation into Cancer and Nutrition (EPIC),1993-1997,,Dietary,bisphenol A,,,,"1,619",Study subjects,mix of 758 cases and 861 controls for Coronary Artery Disease,Current smoker|Former smoker|Never smoker,45-79 years (range),Both Males and Females,,high-performance liquid chromatography isotope dilution tandem mass spectrometry,<0.5 nanograms per milliliter,,urine,,,,,United Kingdom,,,,positive correlation,Coronary Artery Disease,,,
27518881,,1999-2004,sex,Dietary,bromoacetate,drinking water contamination with disinfection by-products,,,"9,944",Fetuses,,,0-1 years (range),Both Males and Females,,water monitoring,,,,,,,,United States,Massachusetts,,,positive correlation,Cardiovascular Abnormalities,,,
27518881,,1999-2004,sex,Dietary,bromoacetate,drinking water contamination with disinfection by-products,,,"9,944",Fetuses,,,0-1 years (range),Both Males and Females,,water monitoring,,,,,,,,United States,Massachusetts,,,positive correlation,Tetralogy of Fallot,,,
27518881,,1999-2004,sex,Dietary,bromoacetate,drinking water contamination with disinfection by-products,,,"9,944",Fetuses,,,0-1 years (range),Both Males and Females,,water monitoring,,,,,,,,United States,Massachusetts,,,prediction/hypothesis,Transposition of Great Vessels,,,
27518881,,1999-2004,sex,Dietary,bromoacetate,drinking water contamination with disinfection by-products,,,"9,944",Fetuses,,,0-1 years (range),Both Males and Females,,water monitoring,,,,,,,,United States,Massachusetts,,,negative correlation,Transposition of Great Vessels,,,
27518881,,1999-2004,sex,Dietary,bromoacetate,drinking water contamination with disinfection by-products,,,"9,944",Fetuses,,,0-1 years (range),Both Males and Females,,water monitoring,,,,,,,,United States,Massachusetts,,,positive correlation,"Heart Septal Defects, Ventricular",,,
27518881,,1999-2004,sex,Dietary,bromoacetate,drinking water contamination with disinfection by-products,,,"9,944",Fetuses,,,0-1 years (range),Both Males and Females,,water monitoring,,,,,,,,United States,Massachusetts,,,positive correlation,"Heart Septal Defects, Ventricular",,,
27518881,,1999-2004,sex,Dietary,bromodichloromethane,drinking water contamination with disinfection by-products,,,"9,944",Fetuses,,,0-1 years (range),Both Males and Females,,water monitoring,,,,,,,,United States,Massachusetts,,,negative correlation,Transposition of Great Vessels,,,
27518881,,1999-2004,sex,Dietary,bromodichloromethane,drinking water contamination with disinfection by-products,,,"9,944",Fetuses,,,0-1 years (range),Both Males and Females,,water monitoring,,,,,,,,United States,Massachusetts,,,negative correlation,Tetralogy of Fallot,,,
27518881,,1999-2004,sex,Dietary,bromodichloromethane,drinking water contamination with disinfection by-products,,,"9,944",Fetuses,,,0-1 years (range),Both Males and Females,,water monitoring,,,,,,,,United States,Massachusetts,,,negative correlation,Tetralogy of Fallot,,,
27518881,,1999-2004,sex,Dietary,bromodichloromethane,drinking water contamination with disinfection by-products,,,"9,944",Fetuses,,,0-1 years (range),Both Males and Females,,water monitoring,,,,,,,,United States,Massachusetts,,,negative correlation,Tetralogy of Fallot,,,
27518881,,1999-2004,sex,Dietary,bromodichloromethane,drinking water contamination with disinfection by-products,,,"9,944",Fetuses,,,0-1 years (range),Both Males and Females,,water monitoring,,,,,,,,United States,Massachusetts,,,positive correlation,"Heart Septal Defects, Atrial",,,
27518881,,1999-2004,sex,Dietary,bromodichloromethane,drinking water contamination with disinfection by-products,,,"9,944",Fetuses,,,0-1 years (range),Both Males and Females,,water monitoring,,,,,,,,United States,Massachusetts,,,positive correlation,"Heart Septal Defects, Ventricular",,,
27518881,,1999-2004,sex,Dietary,bromodichloromethane,drinking water contamination with disinfection by-products,,,"9,944",Fetuses,,,0-1 years (range),Both Males and Females,,water monitoring,,,,,,,,United States,Massachusetts,,,positive correlation,"Heart Septal Defects, Ventricular",,,
27518881,,1999-2004,sex,Dietary,bromodichloromethane,drinking water contamination with disinfection by-products,,,"9,944",Fetuses,,,0-1 years (range),Both Males and Females,,water monitoring,,,,,,,,United States,Massachusetts,,,positive correlation,"Heart Septal Defects, Ventricular",,,
27518881,,1999-2004,sex,Dietary,bromoform,drinking water contamination with disinfection by-products,,,"9,944",Fetuses,,,0-1 years (range),Both Males and Females,,water monitoring,,,,,,,,United States,Massachusetts,,,positive correlation,Cardiovascular Abnormalities,,,
27518881,,1999-2004,sex,Dietary,bromoform,drinking water contamination with disinfection by-products,,,"9,944",Fetuses,,,0-1 years (range),Both Males and Females,,water monitoring,,,,,,,,United States,Massachusetts,,,positive correlation,Transposition of Great Vessels,,,
27518881,,1999-2004,sex,Dietary,bromoform,drinking water contamination with disinfection by-products,,,"9,944",Fetuses,,,0-1 years (range),Both Males and Females,,water monitoring,,,,,,,,United States,Massachusetts,,,negative correlation,Transposition of Great Vessels,,,
27518881,,1999-2004,sex,Dietary,bromoform,drinking water contamination with disinfection by-products,,,"9,944",Fetuses,,,0-1 years (range),Both Males and Females,,water monitoring,,,,,,,,United States,Massachusetts,,,negative correlation,Tetralogy of Fallot,,,
27518881,,1999-2004,sex,Dietary,bromoform,drinking water contamination with disinfection by-products,,,"9,944",Fetuses,,,0-1 years (range),Both Males and Females,,water monitoring,,,,,,,,United States,Massachusetts,,,negative correlation,Tetralogy of Fallot,,,
27518881,,1999-2004,sex,Dietary,bromoform,drinking water contamination with disinfection by-products,,,"9,944",Fetuses,,,0-1 years (range),Both Males and Females,,water monitoring,,,,,,,,United States,Massachusetts,,,positive correlation,Pulmonary Valve Stenosis,,,
27518881,,1999-2004,sex,Dietary,bromoform,drinking water contamination with disinfection by-products,,,"9,944",Fetuses,,,0-1 years (range),Both Males and Females,,water monitoring,,,,,,,,United States,Massachusetts,,,positive correlation,"Heart Septal Defects, Atrial",,,
27518881,,1999-2004,sex,Dietary,bromoform,drinking water contamination with disinfection by-products,,,"9,944",Fetuses,,,0-1 years (range),Both Males and Females,,water monitoring,,,,,,,,United States,Massachusetts,,,positive correlation,"Heart Septal Defects, Atrial",,,
27518881,,1999-2004,sex,Dietary,bromoform,drinking water contamination with disinfection by-products,,,"9,944",Fetuses,,,0-1 years (range),Both Males and Females,,water monitoring,,,,,,,,United States,Massachusetts,,,positive correlation,"Heart Septal Defects, Ventricular",,,
27518881,,1999-2004,sex,Dietary,bromoform,drinking water contamination with disinfection by-products,,,"9,944",Fetuses,,,0-1 years (range),Both Males and Females,,water monitoring,,,,,,,,United States,Massachusetts,,,positive correlation,"Heart Septal Defects, Ventricular",,,
27518881,,1999-2004,sex,Dietary,bromoform,drinking water contamination with disinfection by-products,,,"9,944",Fetuses,,,0-1 years (range),Both Males and Females,,water monitoring,,,,,,,,United States,Massachusetts,,,positive correlation,"Heart Septal Defects, Ventricular",,,
27518881,,1999-2004,sex,Dietary,bromoform,drinking water contamination with disinfection by-products,,,"9,944",Fetuses,,,0-1 years (range),Both Males and Females,,water monitoring,,,,,,,,United States,Massachusetts,,,positive correlation,"Heart Septal Defects, Ventricular",,,
23665672,Health Effects of Arsenic Longitudinal Study (HEALS),2000-2002,age,Dietary|Environmental,Cacodylic Acid,contaminated drinking water,,,367,Study subjects,subjects with moderate DMA%,Current smoker|Former smoker|Never smoker,,Both Males and Females,,,,,,,,,,Bangladesh,,Araihazar,,negative correlation,Heart Diseases,,,
21206367,National Health and Nutrition Examination Survey (NHANES),2003-2008,,Environmental,Cacodylic Acid,,,,"1,761",Subjects with disease:Hypertension,,,>=20 years (range),Both Males and Females,,high-performance liquid chromatography mass spectrometry,0.6 micrograms per liter,99.1,urine,Cacodylic Acid,3.6 micrograms per liter,median,,United States,,,limit of detection = 0.74 micrograms per liter for 2005-2008,,,,,
21206367,National Health and Nutrition Examination Survey (NHANES),2003-2008,,Environmental,Cacodylic Acid,,,,"1,761",Subjects with disease:Hypertension,,,>=20 years (range),Both Males and Females,,high-performance liquid chromatography mass spectrometry,0.6 micrograms per liter,99.1,urine,Cacodylic Acid,2 micrograms per liter,25th percentile,,United States,,,limit of detection = 0.74 micrograms per liter for 2005-2008,,,,,
21206367,National Health and Nutrition Examination Survey (NHANES),2003-2008,,Environmental,Cacodylic Acid,,,,"1,761",Subjects with disease:Hypertension,,,>=20 years (range),Both Males and Females,,high-performance liquid chromatography mass spectrometry,0.6 micrograms per liter,99.1,urine,Cacodylic Acid,5.8 micrograms per liter,75th percentile,,United States,,,limit of detection = 0.74 micrograms per liter for 2005-2008,,,,,
21206367,National Health and Nutrition Examination Survey (NHANES),2003-2008,,Environmental,Cacodylic Acid,,,,"2,406",Controls for disease:Hypertension,,,>=20 years (range),Both Males and Females,,high-performance liquid chromatography mass spectrometry,0.6 micrograms per liter,99.1,urine,Cacodylic Acid,3.7 micrograms per liter,median,,United States,,,limit of detection = 0.74 micrograms per liter for 2005-2008,,,,,
21206367,National Health and Nutrition Examination Survey (NHANES),2003-2008,,Environmental,Cacodylic Acid,,,,"2,406",Controls for disease:Hypertension,,,>=20 years (range),Both Males and Females,,high-performance liquid chromatography mass spectrometry,0.6 micrograms per liter,99.1,urine,Cacodylic Acid,2.1 micrograms per liter,25th percentile,,United States,,,limit of detection = 0.74 micrograms per liter for 2005-2008,,,,,
21206367,National Health and Nutrition Examination Survey (NHANES),2003-2008,,Environmental,Cacodylic Acid,,,,"2,406",Controls for disease:Hypertension,,,>=20 years (range),Both Males and Females,,high-performance liquid chromatography mass spectrometry,0.6 micrograms per liter,99.1,urine,Cacodylic Acid,6 micrograms per liter,75th percentile,,United States,,,limit of detection = 0.74 micrograms per liter for 2005-2008,,,,,
27312901,Survey on Prevalence in East China for Metabolic Diseases and Risk Factors (SPECT-China),2014-2014,sex | tobacco,Commercial product|Dietary|Environmental,Cadmium,"food consumption, tobacco smoke inhalation",,,"2,545",Controls for disease:Hypertension,,100% Non-smoker,>=18 years (range),Both Males and Females,,graphite furnace atomic absorption spectroscopy,0.01 micrograms per liter,,blood,Cadmium,1.64 micrograms per liter,median,,China,,"Shanghai, Jiangxi province, and Zhejiang province",,,,,,
27312901,Survey on Prevalence in East China for Metabolic Diseases and Risk Factors (SPECT-China),2014-2014,sex | tobacco,Commercial product|Dietary|Environmental,Cadmium,"food consumption, tobacco smoke inhalation",,,"2,545",Controls for disease:Hypertension,,100% Non-smoker,>=18 years (range),Both Males and Females,,graphite furnace atomic absorption spectroscopy,0.01 micrograms per liter,,blood,Cadmium,0.54 micrograms per liter,25th percentile,,China,,"Shanghai, Jiangxi province, and Zhejiang province",,,,,,
27312901,Survey on Prevalence in East China for Metabolic Diseases and Risk Factors (SPECT-China),2014-2014,sex | tobacco,Commercial product|Dietary|Environmental,Cadmium,"food consumption, tobacco smoke inhalation",,,"2,545",Controls for disease:Hypertension,,100% Non-smoker,>=18 years (range),Both Males and Females,,graphite furnace atomic absorption spectroscopy,0.01 micrograms per liter,,blood,Cadmium,3.56 micrograms per liter,75th percentile,,China,,"Shanghai, Jiangxi province, and Zhejiang province",,,,,,
27312901,Survey on Prevalence in East China for Metabolic Diseases and Risk Factors (SPECT-China),2014-2014,sex | tobacco,Commercial product|Dietary|Environmental,Cadmium,"food consumption, tobacco smoke inhalation",,,"2,999",Subjects with disease:Hypertension,,100% Current smoker,>=18 years (range),Both Males and Females,,graphite furnace atomic absorption spectroscopy,0.01 micrograms per liter,,blood,Cadmium,1.81 micrograms per liter,median,,China,,"Shanghai, Jiangxi province, and Zhejiang province",,,,,,
27312901,Survey on Prevalence in East China for Metabolic Diseases and Risk Factors (SPECT-China),2014-2014,sex | tobacco,Commercial product|Dietary|Environmental,Cadmium,"food consumption, tobacco smoke inhalation",,,"2,999",Subjects with disease:Hypertension,,100% Current smoker,>=18 years (range),Both Males and Females,,graphite furnace atomic absorption spectroscopy,0.01 micrograms per liter,,blood,Cadmium,0.6 micrograms per liter,25th percentile,,China,,"Shanghai, Jiangxi province, and Zhejiang province",,,,,,
27312901,Survey on Prevalence in East China for Metabolic Diseases and Risk Factors (SPECT-China),2014-2014,sex | tobacco,Commercial product|Dietary|Environmental,Cadmium,"food consumption, tobacco smoke inhalation",,,"2,999",Subjects with disease:Hypertension,,100% Current smoker,>=18 years (range),Both Males and Females,,graphite furnace atomic absorption spectroscopy,0.01 micrograms per liter,,blood,Cadmium,3.8 micrograms per liter,75th percentile,,China,,"Shanghai, Jiangxi province, and Zhejiang province",,,,,,
27316775,National Health and Nutrition Examination Survey (NHANES),2003-2012,,Commercial product|Dietary|Environmental,Cadmium,"vegetables consumption, cigarettes",,,"12,511",Study subjects,,Current smoker|Former smoker|Never smoker,45-79 years (range),Both Males and Females,,logistic regression analysis,,,,,,,,United States,,,,positive correlation,Myocardial Infarction,,,Cadmium positively associated with Cardiovascular Diseases even after adjustment for smoking status
27316775,National Health and Nutrition Examination Survey (NHANES),2003-2012,,Commercial product|Dietary|Environmental,Cadmium,"vegetables consumption, cigarettes",,,"12,511",Study subjects,,Current smoker|Former smoker|Never smoker,45-79 years (range),Both Males and Females,,logistic regression analysis,,,,,,,,United States,,,,positive correlation,Stroke,,,Cadmium positively associated with Cardiovascular Diseases even after adjustment for smoking status
22536276,,,age,Commercial product|Environmental|Occupational,Cadmium,Pesticide Application,,,,Controls for disease:Hypertension,Farmers,,<60 years (range),Males (Only),,inductively coupled plasma mass spectrometry | survey method,,,nail,Cadmium,0.784 micrograms per gram,mean,,Malaysia,,Kedah,,,,,,
22536276,,,age,Commercial product|Environmental|Occupational,Cadmium,Pesticide Application,,,,Subjects with disease:Hypertension,Farmers,,<60 years (range),Males (Only),,inductively coupled plasma mass spectrometry | survey method,,,nail,Cadmium,1.012 micrograms per gram,mean,,Malaysia,,Kedah,,,,,,
20561611,,2009-2009,sex,Dietary,Cadmium,consumption of rice grown in cadmium-contaminated areas,,,"5,273",Study subjects,total cohort,34% Current smoker|16% Former smoker|50% Never smoker,52.8 years (mean),45% Males (Only)|55% Females (Only),,graphite tube atomic absorption spectrometry,,,urine,Cadmium,,,tertile 3 vs. tertile 1,Thailand,Tak Province,Mae Sot District,,positive correlation,Hypertension,,,"hypertension prevalence significantly increased from 25% (tertile 1) vs 35% (in tertile 3), p < 0.001"
22033168,,2010-2010,,Dietary,Cadmium,excessive dietary cadmium intake effectively reduced (2004-2007) via government purchase of all rice grown in area,,,436,Study subjects,at 5-year follow-up (year 2010),31% Current smoker,56.8 years (mean),34% Males (Only)|66% Females (Only),,,,,,,,,,Thailand,Tak Province,Mae Sot District,,positive correlation,Hypertension,,,significant increase in prevalence of hypertension at follow-up (p = 0.022)
26517380,Malmo Diet and Cancer Study,1991-1994,tobacco,Dietary|Environmental,Cadmium,,,,"4,819",Study subjects,,Current smoker|Former smoker|Never smoker,45-64 years (range),Both Males and Females,White,Cox proportional hazards regression analysis,,,,,,,,Sweden,,Malmo,,positive correlation,Cardiovascular Diseases,,,
26517380,Malmo Diet and Cancer Study,1991-1994,tobacco,Dietary|Environmental,Cadmium,,,,"4,819",Study subjects,,Current smoker|Former smoker|Never smoker,45-64 years (range),Both Males and Females,White,Cox proportional hazards regression analysis,,,,,,,,Sweden,,Malmo,,positive correlation,Stroke,,,
26517380,Malmo Diet and Cancer Study,1991-1994,tobacco,Dietary|Environmental,Cadmium,,,,"4,819",Study subjects,,Current smoker|Former smoker|Never smoker,45-64 years (range),Both Males and Females,White,Cox proportional hazards regression analysis,,,,,,,,Sweden,,Malmo,,positive correlation,Myocardial Ischemia,,,
28248635,National Health and Nutrition Examination Survey (NHANES),1999-2004,,Dietary|Environmental,Cadmium,,,,"6,456",Study subjects,,,>=40 years (range),,,,,,urine,,,,,United States,,,"from Tellez-Plaza et al., 2010",positive correlation,Vascular Diseases,,,Urinary Cadmium levels >=0.69 micrograms per gram creatinine were associated with  peripheral artery disease
22472185,National Health and Nutrition Examination Survey (NHANES),1999-2004,tobacco,Dietary|Environmental,Cadmium,,,,"8,989",Study subjects,,Current smoker|Former smoker|Never smoker,>=20 years (range),Both Males and Females,Black|Mexican-American|White,Cox regression analysis,,,,,,,,United States,,,,positive correlation,Cardiovascular Diseases,,,
28431391,,,,Environmental,Cadmium,,,,63,Subjects with disease:Coronary Artery Disease,,,59.29 years (mean),56% Males (Only)|44% Females (Only),,graphite furnace atomic absorption spectroscopy with Zeeman correction,,,serum,Cadmium,0.938 micrograms per liter,mean,,"Iran, Islamic Republic of",,,,,,,,
28431391,,,,Environmental,Cadmium,,,,63,Subjects with disease:Coronary Artery Disease,,,59.29 years (mean),56% Males (Only)|44% Females (Only),,graphite furnace atomic absorption spectroscopy with Zeeman correction,,,serum,Cadmium,2.44 micrograms per liter,mean,"adjusted for gender, hypertension, diabetes and dyslipidemia","Iran, Islamic Republic of",,,,,,,,
28431391,,,,Environmental,Cadmium,,,,64,Controls for disease:Coronary Artery Disease,,,57.81 years (mean),34% Males (Only)|66% Females (Only),,graphite furnace atomic absorption spectroscopy with Zeeman correction,,,serum,Cadmium,0.448 micrograms per liter,mean,,"Iran, Islamic Republic of",,,,,,,,
28431391,,,,Environmental,Cadmium,,,,64,Controls for disease:Coronary Artery Disease,,,57.81 years (mean),34% Males (Only)|66% Females (Only),,graphite furnace atomic absorption spectroscopy with Zeeman correction,,,serum,Cadmium,1.15 micrograms per liter,mean,"adjusted for gender, hypertension, diabetes and dyslipidemia","Iran, Islamic Republic of",,,,,,,,
28431391,,,,Environmental,Cadmium,,,,127,Study subjects,mix of 63 subjects and 64 controls for Coronary Artery Disease,,50-70 years (range),45% Males (Only)|55% Females (Only),,binary logistic regression analysis,,,,,,,,"Iran, Islamic Republic of",,,,positive correlation,Coronary Artery Disease,,,
25867198,,2013-2014,,Environmental,Cadmium,,,,142,Controls for disease:Hypertension,,,50-75 years (range),100% Males (Only),,inductively coupled argon plasma optical emission spectrometry,,,blood,Cadmium,1.54 micrograms per liter,arithmetic mean,,Poland,,,,,,,,
25867198,,2013-2014,,Environmental,Cadmium,,,,142,Controls for disease:Hypertension,,,50-75 years (range),100% Males (Only),,inductively coupled argon plasma optical emission spectrometry,,,blood,Cadmium,1.53 micrograms per liter,median,,Poland,,,,,,,,
25867198,,2013-2014,,Environmental,Cadmium,,,,142,Controls for disease:Hypertension,,,50-75 years (range),100% Males (Only),,inductively coupled argon plasma optical emission spectrometry,,,blood,Cadmium,0.59 micrograms per liter,minimum,,Poland,,,,,,,,
25867198,,2013-2014,,Environmental,Cadmium,,,,142,Controls for disease:Hypertension,,,50-75 years (range),100% Males (Only),,inductively coupled argon plasma optical emission spectrometry,,,blood,Cadmium,2.24 micrograms per liter,maximum,,Poland,,,,,,,,
25867198,,2013-2014,,Environmental,Cadmium,,,,171,Subjects with disease:Hypertension,,,50-75 years (range),100% Males (Only),,inductively coupled argon plasma optical emission spectrometry,,,blood,Cadmium,1.55 micrograms per liter,arithmetic mean,,Poland,,,,,,,,
25867198,,2013-2014,,Environmental,Cadmium,,,,171,Subjects with disease:Hypertension,,,50-75 years (range),100% Males (Only),,inductively coupled argon plasma optical emission spectrometry,,,blood,Cadmium,1.57 micrograms per liter,median,,Poland,,,,,,,,
25867198,,2013-2014,,Environmental,Cadmium,,,,171,Subjects with disease:Hypertension,,,50-75 years (range),100% Males (Only),,inductively coupled argon plasma optical emission spectrometry,,,blood,Cadmium,0.63 micrograms per liter,minimum,,Poland,,,,,,,,
25867198,,2013-2014,,Environmental,Cadmium,,,,171,Subjects with disease:Hypertension,,,50-75 years (range),100% Males (Only),,inductively coupled argon plasma optical emission spectrometry,,,blood,Cadmium,3.06 micrograms per liter,maximum,,Poland,,,,,,,,
20693268,National Health and Nutrition Examination Survey (NHANES),1999-2004,sex,Environmental,Cadmium,,,,223,Subjects with disease:Peripheral Arterial Disease,,,67.9 years (mean),Females (Only),15% Black|3% Mexican-American|78% White,atomic absorption spectrometry | inductively coupled plasma-mass spectrometry,0.2 micrograms per liter,86.5,blood,Cadmium,0.62 micrograms per liter,geometric mean,"LOD = .3 micrograms per liter and .2 micrograms per liter for atomic absorption and inductively coupled plasma-mass spectrometry, respectively",United States,,,,,,,,
20693268,National Health and Nutrition Examination Survey (NHANES),1999-2004,sex,Environmental,Cadmium,,,,223,Subjects with disease:Peripheral Arterial Disease,,,67.9 years (mean),Females (Only),15% Black|3% Mexican-American|78% White,inductively coupled plasma-mass spectrometry,0.06 micrograms per liter,98.0,urine,Cadmium,0.45 micrograms per liter,geometric mean,,United States,,,,,,,,
20693268,National Health and Nutrition Examination Survey (NHANES),1999-2004,sex,Environmental,Cadmium,,,,223,Subjects with disease:Peripheral Arterial Disease,,,67.9 years (mean),Females (Only),15% Black|3% Mexican-American|78% White,inductively coupled plasma-mass spectrometry,0.06 micrograms per liter,98.0,urine,Cadmium,0.51 micrograms per gram creatinine,geometric mean,,United States,,,,,,,,
20693268,National Health and Nutrition Examination Survey (NHANES),1999-2004,sex,Environmental,Cadmium,,,,245,Subjects with disease:Peripheral Arterial Disease,,,67.6 years (mean),Males (Only),13% Black|4% Mexican-American|80% White,atomic absorption spectrometry | inductively coupled plasma-mass spectrometry,0.2 micrograms per liter,86.5,blood,Cadmium,0.65 micrograms per liter,geometric mean,"LOD = .3 micrograms per liter and .2 micrograms per liter for atomic absorption and inductively coupled plasma-mass spectrometry, respectively",United States,,,,,,,,
20693268,National Health and Nutrition Examination Survey (NHANES),1999-2004,sex,Environmental,Cadmium,,,,245,Subjects with disease:Peripheral Arterial Disease,,,67.6 years (mean),Males (Only),13% Black|4% Mexican-American|80% White,inductively coupled plasma-mass spectrometry,0.06 micrograms per liter,98.0,urine,Cadmium,0.73 micrograms per liter,geometric mean,,United States,,,,,,,,
20693268,National Health and Nutrition Examination Survey (NHANES),1999-2004,sex,Environmental,Cadmium,,,,245,Subjects with disease:Peripheral Arterial Disease,,,67.6 years (mean),Males (Only),13% Black|4% Mexican-American|80% White,inductively coupled plasma-mass spectrometry,0.06 micrograms per liter,98.0,urine,Cadmium,0.67 micrograms per gram creatinine,geometric mean,,United States,,,,,,,,
26496294,,,,Environmental,Cadmium,,,,312,Subjects with disease:Renal Insufficiency,maintenance hemodialysis patients with blood cadmium levels >0.521 micrograms per liter,22% Current smoker,57.6 years (mean),50% Males (Only)|50% Females (Only),,Cox multivariate analysis,,,,,,,,"Taiwan, Province of China",,,,positive correlation,Cardiovascular Diseases,,,increased hazard ratio for cardiovascular-related mortality
27301955,National Health and Nutrition Examination Survey (NHANES),1999-2004,age,Environmental,Cadmium,,,,"1,304",Controls for disease:Hypertension,does not have hyptertension,,60-89 years (range),Both Males and Females,,NHANES data | NHANES Linked Mortality Public File,,,blood,Cadmium,0.5 micrograms per liter,geometric mean,unadjusted mean,United States,,,,,,,,
27301955,National Health and Nutrition Examination Survey (NHANES),1999-2004,age,Environmental,Cadmium,,,,"1,304",Controls for disease:Hypertension,does not have hyptertension,,60-89 years (range),Both Males and Females,,NHANES data | NHANES Linked Mortality Public File,,,blood,Cadmium,0.47 micrograms per liter,geometric mean,smoking-adjusted mean,United States,,,,,,,,
26513915,,2012-2012,,Environmental,Cadmium,,,,"1,433",Study subjects,"751 residents of cadmium-contaminated villages, 682 residents of non-contaminated villages",,>=35 years (range),,,,,,,,,,,Thailand,Tak Province,Mae Sot District rural villages,,positive correlation,Hypertension,,,
18053980,National Health and Nutrition Examination Survey (NHANES),1988-1994,sex,Environmental,Cadmium,,,,"2,187",Study subjects,,100% Never smoker,45-79 years (range),30% Males (Only)|70% Females (Only),,adjusted logistic regression analysis,,,,,,,,United States,,,,positive correlation,Myocardial Infarction,,,"Using Framingham risk score, never smokers with urinary Cd >=0.88 micrograms per gram creatinine had an odds ratio of 1.85 (95% CI 1.1-3.14) of myocardial infarction compared to urinary Cd <0.43 micrograms per gram creatinine"
27301955,National Health and Nutrition Examination Survey (NHANES),1999-2004,age,Environmental,Cadmium,,,,"2,760",Subjects with disease:Hypertension,has hypertension,,60-89 years (range),Both Males and Females,,NHANES data | NHANES Linked Mortality Public File,,,blood,Cadmium,0.49 micrograms per liter,geometric mean,unadjusted mean,United States,,,,,,,,
27301955,National Health and Nutrition Examination Survey (NHANES),1999-2004,age,Environmental,Cadmium,,,,"2,760",Subjects with disease:Hypertension,has hypertension,,60-89 years (range),Both Males and Females,,NHANES data | NHANES Linked Mortality Public File,,,blood,Cadmium,0.51 micrograms per liter,geometric mean,smoking-adjusted mean,United States,,,,,,,,
20693268,National Health and Nutrition Examination Survey (NHANES),1999-2004,sex,Environmental,Cadmium,,,,"2,900",Controls for disease:Peripheral Arterial Disease,,,56.1 years (mean),Females (Only),9% Black|4% Mexican-American|78% White,atomic absorption spectrometry | inductively coupled plasma-mass spectrometry,0.2 micrograms per liter,86.5,blood,Cadmium,0.5 micrograms per liter,geometric mean,"LOD = .3 micrograms per liter and .2 micrograms per liter for atomic absorption and inductively coupled plasma-mass spectrometry, respectively",United States,,,,,,,,
20693268,National Health and Nutrition Examination Survey (NHANES),1999-2004,sex,Environmental,Cadmium,,,,"2,900",Controls for disease:Peripheral Arterial Disease,,,56.1 years (mean),Females (Only),9% Black|4% Mexican-American|78% White,inductively coupled plasma-mass spectrometry,0.06 micrograms per liter,98.0,urine,Cadmium,0.31 micrograms per liter,geometric mean,,United States,,,,,,,,
20693268,National Health and Nutrition Examination Survey (NHANES),1999-2004,sex,Environmental,Cadmium,,,,"2,900",Controls for disease:Peripheral Arterial Disease,,,56.1 years (mean),Females (Only),9% Black|4% Mexican-American|78% White,inductively coupled plasma-mass spectrometry,0.06 micrograms per liter,98.0,urine,Cadmium,0.44 micrograms per gram creatinine,geometric mean,,United States,,,,,,,,
20693268,National Health and Nutrition Examination Survey (NHANES),1999-2004,sex,Environmental,Cadmium,,,,"3,088",Controls for disease:Peripheral Arterial Disease,,,54.7 years (mean),Males (Only),8% Black|5% Mexican-American|81% White,atomic absorption spectrometry | inductively coupled plasma-mass spectrometry,0.2 micrograms per liter,86.5,blood,Cadmium,0.43 micrograms per liter,geometric mean,"LOD = .3 micrograms per liter and .2 micrograms per liter for atomic absorption and inductively coupled plasma-mass spectrometry, respectively",United States,,,,,,,,
20693268,National Health and Nutrition Examination Survey (NHANES),1999-2004,sex,Environmental,Cadmium,,,,"3,088",Controls for disease:Peripheral Arterial Disease,,,54.7 years (mean),Males (Only),8% Black|5% Mexican-American|81% White,inductively coupled plasma-mass spectrometry,0.06 micrograms per liter,98.0,urine,Cadmium,0.36 micrograms per liter,geometric mean,,United States,,,,,,,,
20693268,National Health and Nutrition Examination Survey (NHANES),1999-2004,sex,Environmental,Cadmium,,,,"3,088",Controls for disease:Peripheral Arterial Disease,,,54.7 years (mean),Males (Only),8% Black|5% Mexican-American|81% White,inductively coupled plasma-mass spectrometry,0.06 micrograms per liter,98.0,urine,Cadmium,0.3 micrograms per gram creatinine,geometric mean,,United States,,,,,,,,
18053980,National Health and Nutrition Examination Survey (NHANES),1988-1994,sex,Environmental,Cadmium,,,,"4,912",Study subjects,,Current smoker|Former smoker|Non-smoker,45-79 years (range),Both Males and Females,,adjusted logistic regression analysis,,,,,,,,United States,,,,prediction/hypothesis,Myocardial Infarction,,,
19270787,National Health and Nutrition Examination Survey (NHANES),1988-2000,age | tobacco,Environmental,Cadmium,,,,"6,558",Study subjects,,,>20 years (range),Males (Only),,survey method,,,urine,Cadmium,,,,United States,,,,positive correlation,Cardiovascular Diseases,,,
19270787,National Health and Nutrition Examination Survey (NHANES),1988-2000,age | tobacco,Environmental,Cadmium,,,,"7,398",Study subjects,,,>20 years (range),Females (Only),,survey method,,,urine,Cadmium,,,,United States,,,,no correlation,Cardiovascular Diseases,,,
20060521,National Health and Nutrition Examination Survey (NHANES),1999-2006,sex | tobacco,Environmental,Cadmium,,,,"12,031",Study subjects,,,,Both Males and Females,,multi-element atomic absorption spectrometry,,,blood,Cadmium,,,,United States,,,,positive correlation,Heart Failure,,,Association was stronger among smokers than non-smokers
20060521,National Health and Nutrition Examination Survey (NHANES),1999-2006,sex | tobacco,Environmental,Cadmium,,,,"12,031",Study subjects,,,,Both Males and Females,,multi-element atomic absorption spectrometry,,,urine,Cadmium,,,,United States,,,,positive correlation,Heart Failure,,,
20060521,National Health and Nutrition Examination Survey (NHANES),1999-2006,sex | tobacco,Environmental,Cadmium,,,,"12,031",Study subjects,,,,Both Males and Females,,multi-element atomic absorption spectrometry,,,blood,Cadmium,,,,United States,,,,positive correlation,Stroke,,,"Association was stronger for women than for men, and stronger among smokers than non-smokers"
20060521,National Health and Nutrition Examination Survey (NHANES),1999-2006,sex | tobacco,Environmental,Cadmium,,,,"12,031",Study subjects,,,,Both Males and Females,,multi-element atomic absorption spectrometry,,,urine,Cadmium,,,,United States,,,,positive correlation,Stroke,,,
18053980,National Health and Nutrition Examination Survey (NHANES),1988-1994,sex,Environmental,Cadmium,,,,,Study subjects,,Current smoker|Former smoker|Non-smoker,45-79 years (range),100% Females (Only),,adjusted logistic regression analysis,,,,,,,,United States,,,,positive correlation,Myocardial Infarction,,,"Using Framingham risk score, women with urinary Cd >=0.88 micrograms per gram creatinine had an odds ratio of 1.8 (95% CI 1.06-3.04) of myocardial infarction compared to urinary Cd <0.43 micrograms per gram creatinine"
20693268,National Health and Nutrition Examination Survey (NHANES),1999-2004,sex,Environmental,Cadmium,,,,,Study subjects,,,,Both Males and Females,,,,,,,,,"LOD = .3 micrograms per liter and .2 micrograms per liter for atomic absorption and inductively coupled plasma-mass spectrometry, respectively",United States,,,,positive correlation,Peripheral Arterial Disease,,,
29064788,Dongfeng-Tongji (DFTJ) Cohort,2008-2010,,Occupational,Cadmium,,,,"1,621",Controls for disease:Coronary Disease,employed at Dongfeng Motor Corporation,19% Current smoker|11% Former smoker|70% Never smoker,65.6 years (mean),49% Males (Only)|51% Females (Only),,inductively coupled plasma mass spectrometry,,,plasma,Cadmium,0.3 micrograms per liter,median,,China,,Shiyan,,,,,,
29064788,Dongfeng-Tongji (DFTJ) Cohort,2008-2010,,Occupational,Cadmium,,,,"1,621",Controls for disease:Coronary Disease,employed at Dongfeng Motor Corporation,19% Current smoker|11% Former smoker|70% Never smoker,65.6 years (mean),49% Males (Only)|51% Females (Only),,inductively coupled plasma mass spectrometry,,,plasma,Cadmium,0.19 micrograms per liter,25th percentile,,China,,Shiyan,,,,,,
29064788,Dongfeng-Tongji (DFTJ) Cohort,2008-2010,,Occupational,Cadmium,,,,"1,621",Controls for disease:Coronary Disease,employed at Dongfeng Motor Corporation,19% Current smoker|11% Former smoker|70% Never smoker,65.6 years (mean),49% Males (Only)|51% Females (Only),,inductively coupled plasma mass spectrometry,,,plasma,Cadmium,0.53 micrograms per liter,75th percentile,,China,,Shiyan,,,,,,
29064788,Dongfeng-Tongji (DFTJ) Cohort,2008-2010,,Occupational,Cadmium,,,,"1,621",Subjects with disease:Coronary Disease,employed at Dongfeng Motor Corporation,21% Current smoker|13% Former smoker|66% Never smoker,65.7 years (mean),49% Males (Only)|51% Females (Only),,inductively coupled plasma mass spectrometry,,,plasma,Cadmium,0.27 micrograms per liter,median,,China,,Shiyan,,,,,,
29064788,Dongfeng-Tongji (DFTJ) Cohort,2008-2010,,Occupational,Cadmium,,,,"1,621",Subjects with disease:Coronary Disease,employed at Dongfeng Motor Corporation,21% Current smoker|13% Former smoker|66% Never smoker,65.7 years (mean),49% Males (Only)|51% Females (Only),,inductively coupled plasma mass spectrometry,,,plasma,Cadmium,0.17 micrograms per liter,25th percentile,,China,,Shiyan,,,,,,
29064788,Dongfeng-Tongji (DFTJ) Cohort,2008-2010,,Occupational,Cadmium,,,,"1,621",Subjects with disease:Coronary Disease,employed at Dongfeng Motor Corporation,21% Current smoker|13% Former smoker|66% Never smoker,65.7 years (mean),49% Males (Only)|51% Females (Only),,inductively coupled plasma mass spectrometry,,,plasma,Cadmium,0.53 micrograms per liter,75th percentile,,China,,Shiyan,,,,,,
15198925,,1991-1998,,Dietary|Environmental,Calcium,drinking water,,,,Study subjects,,,,Both Males and Females,,rapid inquiry facility-based assessment,,,,,,,,Spain,,Comunidad Valenciana,,negative correlation,Cardiovascular Diseases,,,
16299096,,1998-1999,,Environmental,Calcium,personal,225,,36,Subjects with disease:Cardiovascular Diseases,,Non-smoker,50-84 years (range),,,energy dispersive x-ray fluorescence,,,air,Calcium,72.9 nanograms per cubic meter,median,personal exposure monitoring,Netherlands,,Amsterdam,,,,,,
16299096,,1998-1999,,Environmental,Calcium,personal,225,,36,Subjects with disease:Cardiovascular Diseases,,Non-smoker,50-84 years (range),,,energy dispersive x-ray fluorescence,,,air,Calcium,18.6 nanograms per cubic meter,minimum,personal exposure monitoring,Netherlands,,Amsterdam,,,,,,
16299096,,1998-1999,,Environmental,Calcium,personal,225,,36,Subjects with disease:Cardiovascular Diseases,,Non-smoker,50-84 years (range),,,energy dispersive x-ray fluorescence,,,air,Calcium,1603 nanograms per cubic meter,maximum,personal exposure monitoring,Netherlands,,Amsterdam,,,,,,
16299096,,1998-1999,,Environmental,Calcium,personal,238,,46,Subjects with disease:Cardiovascular Diseases,,Non-smoker,50-84 years (range),,,energy dispersive x-ray fluorescence,,,air,Calcium,68.5 nanograms per cubic meter,median,personal exposure monitoring,Finland,,Helinski,,,,,,
16299096,,1998-1999,,Environmental,Calcium,personal,238,,46,Subjects with disease:Cardiovascular Diseases,,Non-smoker,50-84 years (range),,,energy dispersive x-ray fluorescence,,,air,Calcium,21.6 nanograms per cubic meter,minimum,personal exposure monitoring,Finland,,Helinski,,,,,,
16299096,,1998-1999,,Environmental,Calcium,personal,238,,46,Subjects with disease:Cardiovascular Diseases,,Non-smoker,50-84 years (range),,,energy dispersive x-ray fluorescence,,,air,Calcium,316.3 nanograms per cubic meter,maximum,personal exposure monitoring,Finland,,Helinski,,,,,,
25867198,,2013-2014,,Environmental,Calcium,,,,142,Controls for disease:Hypertension,,,50-75 years (range),100% Males (Only),,inductively coupled argon plasma optical emission spectrometry,,,blood,Calcium,95.1 milligrams per liter,arithmetic mean,,Poland,,,,,,,,
25867198,,2013-2014,,Environmental,Calcium,,,,142,Controls for disease:Hypertension,,,50-75 years (range),100% Males (Only),,inductively coupled argon plasma optical emission spectrometry,,,blood,Calcium,95.5 milligrams per liter,median,,Poland,,,,,,,,
25867198,,2013-2014,,Environmental,Calcium,,,,142,Controls for disease:Hypertension,,,50-75 years (range),100% Males (Only),,inductively coupled argon plasma optical emission spectrometry,,,blood,Calcium,77 milligrams per liter,minimum,,Poland,,,,,,,,
25867198,,2013-2014,,Environmental,Calcium,,,,142,Controls for disease:Hypertension,,,50-75 years (range),100% Males (Only),,inductively coupled argon plasma optical emission spectrometry,,,blood,Calcium,109.5 milligrams per liter,maximum,,Poland,,,,,,,,
25867198,,2013-2014,,Environmental,Calcium,,,,171,Subjects with disease:Hypertension,,,50-75 years (range),100% Males (Only),,inductively coupled argon plasma optical emission spectrometry,,,blood,Calcium,95.39 milligrams per liter,arithmetic mean,,Poland,,,,,,,,
25867198,,2013-2014,,Environmental,Calcium,,,,171,Subjects with disease:Hypertension,,,50-75 years (range),100% Males (Only),,inductively coupled argon plasma optical emission spectrometry,,,blood,Calcium,95 milligrams per liter,median,,Poland,,,,,,,,
25867198,,2013-2014,,Environmental,Calcium,,,,171,Subjects with disease:Hypertension,,,50-75 years (range),100% Males (Only),,inductively coupled argon plasma optical emission spectrometry,,,blood,Calcium,53.5 milligrams per liter,minimum,,Poland,,,,,,,,
25867198,,2013-2014,,Environmental,Calcium,,,,171,Subjects with disease:Hypertension,,,50-75 years (range),100% Males (Only),,inductively coupled argon plasma optical emission spectrometry,,,blood,Calcium,159.6 milligrams per liter,maximum,,Poland,,,,,,,,
20595914,Agricultural Health Study (AHS),1993-2003,,Occupational|Residential,Carbofuran,Pesticide application,,,"22,425",Study subjects,Female pesticide applicators and female spouses of pesticide applicators,Current smoker|Former smoker|Never smoker,17-88 years (range),Females (Only),,logistic regression analysis | survey method,,,,,,,,United States,Iowa|North Carolina,,,positive correlation,Myocardial Infarction,,,
20595914,Agricultural Health Study (AHS),1993-2003,,Occupational|Residential,Carbofuran,Pesticide application,,,"22,425",Workers,Female pesticide applicators and female spouses of pesticide applicators,Current smoker|Former smoker|Never smoker,17-88 years (range),Females (Only),,logistic regression analysis | survey method,,,,,,,,United States,Iowa|North Carolina,,,positive correlation,Myocardial Infarction,,,
21193387,,2002-2004,,Environmental,Carbon,"Air Pollutants, Traffic Pollution",,,,,,,,,,energy dispersive x-ray fluorescence | filter sampling | reflectometry,,,air,Carbon,,,,United States,Washingtom,Seattle,"Particulate Matter <= 2.5 microns, cold season",positive correlation,Cardiovascular Diseases,,,
20595912,,1999-2000,,Environmental,Carbon,traffic pollution,,,12,Subjects with disease:Myocardial Infarction,115 personal exposures,,,,,personal exposure monitoring,,,air,Carbon,1.72 micrograms per cubic meter,mean,,United States,Georgia,Atlanta,,,,,,
20595912,,1999-2000,,Environmental,Carbon,traffic pollution,,,12,Subjects with disease:Myocardial Infarction,115 personal exposures,,,,,personal exposure monitoring,,,air,Carbon,1.61 micrograms per cubic meter,50th percentile,,United States,Georgia,Atlanta,,,,,,
20595912,,1999-2000,,Environmental,Carbon,traffic pollution,,,12,Subjects with disease:Myocardial Infarction,115 personal exposures,,,,,personal exposure monitoring,,,air,Carbon,0.78 micrograms per cubic meter,interquartile range,,United States,Georgia,Atlanta,,,,,,
20595912,,1999-2000,,Environmental,Carbon,traffic pollution,,,30,Subjects with disease:Myocardial Infarction,283 personal exposures,,,,,personal exposure monitoring,,,air,Carbon,1.61 micrograms per cubic meter,mean,,United States,Georgia,Atlanta,,,,,,
20595912,,1999-2000,,Environmental,Carbon,traffic pollution,,,30,Subjects with disease:Myocardial Infarction,283 personal exposures,,,,,personal exposure monitoring,,,air,Carbon,1.49 micrograms per cubic meter,50th percentile,,United States,Georgia,Atlanta,,,,,,
20595912,,1999-2000,,Environmental,Carbon,traffic pollution,,,30,Subjects with disease:Myocardial Infarction,283 personal exposures,,,,,personal exposure monitoring,,,air,Carbon,0.85 micrograms per cubic meter,interquartile range,,United States,Georgia,Atlanta,,,,,,
20595912,,1999-2000,,Environmental,Carbon,traffic pollution,,,169,Subjects with disease:Myocardial Infarction,168 personal exposures,,,,,personal exposure monitoring,,,air,Carbon,1.53 micrograms per cubic meter,mean,,United States,Georgia,Atlanta,,,,,,
20595912,,1999-2000,,Environmental,Carbon,traffic pollution,,,169,Subjects with disease:Myocardial Infarction,168 personal exposures,,,,,personal exposure monitoring,,,air,Carbon,1.39 micrograms per cubic meter,50th percentile,,United States,Georgia,Atlanta,,,,,,
20595912,,1999-2000,,Environmental,Carbon,traffic pollution,,,169,Subjects with disease:Myocardial Infarction,168 personal exposures,,,,,personal exposure monitoring,,,air,Carbon,0.88 micrograms per cubic meter,interquartile range,,United States,Georgia,Atlanta,,,,,,
25564368,Cardiovascular Health and Air Pollution Study,,,Environmental,Carbon,traffic-related air pollution,,elemental carbon,43,Subjects with disease:Coronary Artery Disease,,Non-smoker,84.7 years (mean),47% Males (Only)|54% Females (Only),2% Hispanic|98% White,,,,air,Carbon,1.63 micrograms per cubic meter,mean,,United States,California,Los Angeles air basin,,,,,,
25564368,Cardiovascular Health and Air Pollution Study,,,Environmental,Carbon,traffic-related air pollution,,elemental carbon,43,Subjects with disease:Coronary Artery Disease,,Non-smoker,84.7 years (mean),47% Males (Only)|54% Females (Only),2% Hispanic|98% White,,,,air,Carbon,1.58 micrograms per cubic meter,median,,United States,California,Los Angeles air basin,,,,,,
25564368,Cardiovascular Health and Air Pollution Study,,,Environmental,Carbon,traffic-related air pollution,,elemental carbon,43,Subjects with disease:Coronary Artery Disease,,Non-smoker,84.7 years (mean),47% Males (Only)|54% Females (Only),2% Hispanic|98% White,,,,air,Carbon,0.82 micrograms per cubic meter,interquartile range,,United States,California,Los Angeles air basin,,,,,,
25564368,Cardiovascular Health and Air Pollution Study,,,Environmental,Carbon,traffic-related air pollution,,elemental carbon,43,Subjects with disease:Coronary Artery Disease,,Non-smoker,84.7 years (mean),47% Males (Only)|54% Females (Only),2% Hispanic|98% White,,,,air,Carbon,0.36 micrograms per cubic meter,minimum,,United States,California,Los Angeles air basin,,,,,,
25564368,Cardiovascular Health and Air Pollution Study,,,Environmental,Carbon,traffic-related air pollution,,elemental carbon,43,Subjects with disease:Coronary Artery Disease,,Non-smoker,84.7 years (mean),47% Males (Only)|54% Females (Only),2% Hispanic|98% White,,,,air,Carbon,3.34 micrograms per cubic meter,maximum,,United States,California,Los Angeles air basin,,,,,,
25564368,Cardiovascular Health and Air Pollution Study,,,Environmental,Carbon,traffic-related air pollution,,elemental carbon,43,Subjects with disease:Coronary Artery Disease,,Non-smoker,84.7 years (mean),47% Males (Only)|54% Females (Only),2% Hispanic|98% White,linear mixed-effects regression models,,,blood,NFE2L2,,,,United States,California,Los Angeles air basin,,positive correlation,,increased gene expression,Blood,
25564368,Cardiovascular Health and Air Pollution Study,,,Environmental,Carbon,traffic-related air pollution,,elemental carbon,43,Subjects with disease:Coronary Artery Disease,,Non-smoker,84.7 years (mean),47% Males (Only)|54% Females (Only),2% Hispanic|98% White,linear mixed-effects regression models,,,blood,HMOX1,,,,United States,California,Los Angeles air basin,,positive correlation,,increased gene expression,Blood,
25564368,Cardiovascular Health and Air Pollution Study,,,Environmental,Carbon,traffic-related air pollution,,elemental carbon,43,Subjects with disease:Coronary Artery Disease,,Non-smoker,84.7 years (mean),47% Males (Only)|54% Females (Only),2% Hispanic|98% White,linear mixed-effects regression models,,,blood,NQO1,,,,United States,California,Los Angeles air basin,,positive correlation,,increased gene expression,Blood,
25564368,Cardiovascular Health and Air Pollution Study,,,Environmental,Carbon,traffic-related air pollution,,elemental carbon,43,Subjects with disease:Coronary Artery Disease,,Non-smoker,84.7 years (mean),47% Males (Only)|54% Females (Only),2% Hispanic|98% White,linear mixed-effects regression models,,,blood,SOD2,,,,United States,California,Los Angeles air basin,,positive correlation,,increased gene expression,Blood,
23717615,,,genetics,Environmental,Carbon,traffic-related air pollution,,elemental carbon,60,Subjects with disease:Coronary Artery Disease,,100% Non-smoker,>65 years (range),,,air monitoring,,,air,Carbon,1.5 micrograms per cubic meter,mean,daily averages of 47 weeks of air monitoring,United States,California,Los Angeles air basin,,,,,,
23717615,,,genetics,Environmental,Carbon,traffic-related air pollution,,elemental carbon,60,Subjects with disease:Coronary Artery Disease,,100% Non-smoker,>65 years (range),,,air monitoring,,,air,Carbon,1.42 micrograms per cubic meter,median,daily averages of 47 weeks of air monitoring,United States,California,Los Angeles air basin,,,,,,
23717615,,,genetics,Environmental,Carbon,traffic-related air pollution,,elemental carbon,60,Subjects with disease:Coronary Artery Disease,,100% Non-smoker,>65 years (range),,,air monitoring,,,air,Carbon,0.81 micrograms per cubic meter,interquartile range,daily averages of 47 weeks of air monitoring,United States,California,Los Angeles air basin,,,,,,
23717615,,,genetics,Environmental,Carbon,traffic-related air pollution,,elemental carbon,60,Subjects with disease:Coronary Artery Disease,,100% Non-smoker,>65 years (range),,,air monitoring,,,air,Carbon,0.24 micrograms per cubic meter,minimum,daily averages of 47 weeks of air monitoring,United States,California,Los Angeles air basin,,,,,,
23717615,,,genetics,Environmental,Carbon,traffic-related air pollution,,elemental carbon,60,Subjects with disease:Coronary Artery Disease,,100% Non-smoker,>65 years (range),,,air monitoring,,,air,Carbon,3.94 micrograms per cubic meter,maximum,daily averages of 47 weeks of air monitoring,United States,California,Los Angeles air basin,,,,,,
23717615,,,genetics,Environmental,Carbon,traffic-related air pollution,,,60,Subjects with disease:Coronary Artery Disease,,100% Non-smoker,>65 years (range),,,mixed-effect models,,,,,,,,United States,California,Los Angeles air basin,,positive correlation,,increased inflammatory response,Plasma,"Increases in Elemental Carbon were associated with increases in IL6 and TNFa, biomarkers of inflammation, with stronger associations in subjects with mitochondrial haplogroup H than U"
26149207,,2008-2008,,Environmental,Carbon,traffic-related air pollution,,,,Study subjects,,,>=45 years (range),Both Males and Females,,,,,,,,,,United States,California,,,positive correlation,Coronary Disease,,,
23641873,Multi-Ethnic Study of Atherosclerosis (MESA),2000-2002,,Environmental,Carbon,,,elemental carbon,"6,256",Study subjects,,13% Current smoker|37% Former smoker|50% Never smoker,62 years (mean),48% Males (Only)|53% Females (Only),27% Black|12% Chinese|22% Hispanic|39% White,multiple linear regression analysis,,,,,,,,United States,New York,New York City,,prediction/hypothesis,Atherosclerosis,,,associated with measures of subclinical atherosclerosis
25633926,California Teachers Study,2001-2007,,Environmental,Carbon,,,elemental carbon in ultrafine particulate matter with aerodynamic diameter size <= 0.1 microns,"101,884",Study subjects,,5% Current smoker|27% Former smoker|68% Non-smoker,57.3 years (mean),100% Females (Only),86% White,Cox proportional hazards regression analysis,,,,,,,,United States,California,,,positive correlation,Myocardial Ischemia,,,
26047618,Denver Aerosol Sources and Health (DASH) Study,2003-2007,,Environmental,Carbon,,,organic carbon,,Study subjects,,,,,,generalized additive models | regression analysis,,,,,,,,United States,Colorado,Denver,,positive correlation,Myocardial Ischemia,,,"RR = 1.11 (95% CI: 1.01, 1.21)"
26629599,American Cancer Society Cancer Prevention Study II (ACS CPS-II),1982-2004,,Environmental,Carbon,,,,"445,860",Study subjects,,Current smoker|Former smoker|Non-smoker,56.6 years (mean),Both Males and Females,94% White,Cox proportional hazard models,,,,,,,,United States,,,,no correlation,Myocardial Ischemia,,,
21193387,,2002-2004,,Environmental,Carbon Dioxide,"Air Pollutants, Traffic Pollution",,,,,,,,,,energy dispersive x-ray fluorescence | filter sampling | reflectometry,,,air,Carbon Dioxide,,,,United States,Washingtom,Seattle,"Particulate Matter <= 2.5 microns, cold season",positive correlation,Cardiovascular Diseases,,,
24464642,,1946-2006,,Occupational,Carbon Disulfide,rubber and plastic chemical manufacturing plant,,,"1,874",Workers,employees of rubber and plastic chemical manufacturing plant,,58 years (median),93% Males (Only)|7% Females (Only),,standardized mortality ratios based on Poisson distribution,,,,,,,,United States,New York,,,positive correlation,Coronary Artery Disease,,,significant increase in coronary artery disease mortality among workers with more than 4 years of exposure to both shift work and carbon disulfide
21356620,Air Pollution and Inflammatory Response in Myocardial Infarction Survivors: Gene-Environment Interaction in a High Risk Group (AIRGENE),2003-2004,,Environmental,Carbon Monoxide,air pollution,,,200,Subjects with disease:Myocardial Infarction,,Current smoker|Former smoker|Never smoker,61.9 years (mean),Both Males and Females,,ELISA,,,plasma,PLA2G7,,,,Germany,,Augsburg,,,,,,
31898503,,2008-2014,age | sex,Environmental,Carbon Monoxide,air pollution,,,"63,997",Subjects with disease:Ischemic Stroke,,,>=18 years (range),Both Males and Females,,"air monitoring, average from 9 sixed site monitors",,,air,Carbon Monoxide,1.22 micrograms per cubic meter,mean,,China,,Shenzhen,,,,,,
31898503,,2008-2014,age | sex,Environmental,Carbon Monoxide,air pollution,,,"63,997",Subjects with disease:Ischemic Stroke,,,>=18 years (range),Both Males and Females,,"air monitoring, average from 9 sixed site monitors",,,air,Carbon Monoxide,0.37 micrograms per cubic meter,minimum,,China,,Shenzhen,,,,,,
31898503,,2008-2014,age | sex,Environmental,Carbon Monoxide,air pollution,,,"63,997",Subjects with disease:Ischemic Stroke,,,>=18 years (range),Both Males and Females,,"air monitoring, average from 9 sixed site monitors",,,air,Carbon Monoxide,0.5 micrograms per cubic meter,1st percentile,,China,,Shenzhen,,,,,,
31898503,,2008-2014,age | sex,Environmental,Carbon Monoxide,air pollution,,,"63,997",Subjects with disease:Ischemic Stroke,,,>=18 years (range),Both Males and Females,,"air monitoring, average from 9 sixed site monitors",,,air,Carbon Monoxide,0.66 micrograms per cubic meter,5th percentile,,China,,Shenzhen,,,,,,
31898503,,2008-2014,age | sex,Environmental,Carbon Monoxide,air pollution,,,"63,997",Subjects with disease:Ischemic Stroke,,,>=18 years (range),Both Males and Females,,"air monitoring, average from 9 sixed site monitors",,,air,Carbon Monoxide,0.75 micrograms per cubic meter,10th percentile,,China,,Shenzhen,,,,,,
31898503,,2008-2014,age | sex,Environmental,Carbon Monoxide,air pollution,,,"63,997",Subjects with disease:Ischemic Stroke,,,>=18 years (range),Both Males and Females,,"air monitoring, average from 9 sixed site monitors",,,air,Carbon Monoxide,0.91 micrograms per cubic meter,25th percentile,,China,,Shenzhen,,,,,,
31898503,,2008-2014,age | sex,Environmental,Carbon Monoxide,air pollution,,,"63,997",Subjects with disease:Ischemic Stroke,,,>=18 years (range),Both Males and Females,,"air monitoring, average from 9 sixed site monitors",,,air,Carbon Monoxide,0.14 micrograms per cubic meter,50th percentile,,China,,Shenzhen,,,,,,
31898503,,2008-2014,age | sex,Environmental,Carbon Monoxide,air pollution,,,"63,997",Subjects with disease:Ischemic Stroke,,,>=18 years (range),Both Males and Females,,"air monitoring, average from 9 sixed site monitors",,,air,Carbon Monoxide,1.43 micrograms per cubic meter,75th percentile,,China,,Shenzhen,,,,,,
31898503,,2008-2014,age | sex,Environmental,Carbon Monoxide,air pollution,,,"63,997",Subjects with disease:Ischemic Stroke,,,>=18 years (range),Both Males and Females,,"air monitoring, average from 9 sixed site monitors",,,air,Carbon Monoxide,1.88 micrograms per cubic meter,90th percentile,,China,,Shenzhen,,,,,,
31898503,,2008-2014,age | sex,Environmental,Carbon Monoxide,air pollution,,,"63,997",Subjects with disease:Ischemic Stroke,,,>=18 years (range),Both Males and Females,,"air monitoring, average from 9 sixed site monitors",,,air,Carbon Monoxide,2.1 micrograms per cubic meter,95th percentile,,China,,Shenzhen,,,,,,
31898503,,2008-2014,age | sex,Environmental,Carbon Monoxide,air pollution,,,"63,997",Subjects with disease:Ischemic Stroke,,,>=18 years (range),Both Males and Females,,"air monitoring, average from 9 sixed site monitors",,,air,Carbon Monoxide,2.46 micrograms per cubic meter,99th percentile,,China,,Shenzhen,,,,,,
31898503,,2008-2014,age | sex,Environmental,Carbon Monoxide,air pollution,,,"63,997",Subjects with disease:Ischemic Stroke,,,>=18 years (range),Both Males and Females,,"air monitoring, average from 9 sixed site monitors",,,air,Carbon Monoxide,3.25 micrograms per cubic meter,maximum,,China,,Shenzhen,,,,,,
31898503,,2008-2014,age | sex,Environmental,Carbon Monoxide,air pollution,,,"63,997",Subjects with disease:Ischemic Stroke,,,>=18 years (range),Both Males and Females,,"air monitoring, average from 9 sixed site monitors",,,air,Carbon Monoxide,0.52 micrograms per cubic meter,interquartile range,,China,,Shenzhen,,,,,,
20617041,Swedish Onset study,1993-1994,,Environmental,Carbon Monoxide,ambient air,,,660,Subjects with disease:Myocardial Infarction,,,,,,survey method,,,air,Carbon Monoxide,,,,Sweden,,Stockholm,,no correlation,Myocardial Infarction,,,
27286442,Prenatal Iron Supplements Study,2011-2013,,Environmental,Carbon Monoxide,biomass burning,,,116,Fetuses,,,,,,multiple logistic regression | placental histopathology,,,,,,,,"Tanzania, United Republic of",,Dar es Salaam,,prediction/hypothesis,Thrombosis,,,
25564368,Cardiovascular Health and Air Pollution Study,,,Environmental,Carbon Monoxide,traffic-related air pollution,,elemental carbon,43,Subjects with disease:Coronary Artery Disease,,Non-smoker,84.7 years (mean),47% Males (Only)|54% Females (Only),2% Hispanic|98% White,,,,air,Carbon Monoxide,0.63 micrograms per cubic meter,mean,,United States,California,Los Angeles air basin,,,,,,
25564368,Cardiovascular Health and Air Pollution Study,,,Environmental,Carbon Monoxide,traffic-related air pollution,,elemental carbon,43,Subjects with disease:Coronary Artery Disease,,Non-smoker,84.7 years (mean),47% Males (Only)|54% Females (Only),2% Hispanic|98% White,,,,air,Carbon Monoxide,0.57 micrograms per cubic meter,median,,United States,California,Los Angeles air basin,,,,,,
25564368,Cardiovascular Health and Air Pollution Study,,,Environmental,Carbon Monoxide,traffic-related air pollution,,elemental carbon,43,Subjects with disease:Coronary Artery Disease,,Non-smoker,84.7 years (mean),47% Males (Only)|54% Females (Only),2% Hispanic|98% White,,,,air,Carbon Monoxide,0.38 micrograms per cubic meter,interquartile range,,United States,California,Los Angeles air basin,,,,,,
25564368,Cardiovascular Health and Air Pollution Study,,,Environmental,Carbon Monoxide,traffic-related air pollution,,elemental carbon,43,Subjects with disease:Coronary Artery Disease,,Non-smoker,84.7 years (mean),47% Males (Only)|54% Females (Only),2% Hispanic|98% White,,,,air,Carbon Monoxide,0.21 micrograms per cubic meter,minimum,,United States,California,Los Angeles air basin,,,,,,
25564368,Cardiovascular Health and Air Pollution Study,,,Environmental,Carbon Monoxide,traffic-related air pollution,,elemental carbon,43,Subjects with disease:Coronary Artery Disease,,Non-smoker,84.7 years (mean),47% Males (Only)|54% Females (Only),2% Hispanic|98% White,,,,air,Carbon Monoxide,1.68 micrograms per cubic meter,maximum,,United States,California,Los Angeles air basin,,,,,,
23717615,,,genetics,Environmental,Carbon Monoxide,traffic-related air pollution,,,60,Subjects with disease:Coronary Artery Disease,,100% Non-smoker,>65 years (range),,,air monitoring,,,air,Carbon Monoxide,0.54 parts per million,mean,daily averages of 47 weeks of air monitoring,United States,California,Los Angeles air basin,,,,,,
23717615,,,genetics,Environmental,Carbon Monoxide,traffic-related air pollution,,,60,Subjects with disease:Coronary Artery Disease,,100% Non-smoker,>65 years (range),,,air monitoring,,,air,Carbon Monoxide,0.49 parts per million,median,daily averages of 47 weeks of air monitoring,United States,California,Los Angeles air basin,,,,,,
23717615,,,genetics,Environmental,Carbon Monoxide,traffic-related air pollution,,,60,Subjects with disease:Coronary Artery Disease,,100% Non-smoker,>65 years (range),,,air monitoring,,,air,Carbon Monoxide,0.43 parts per million,interquartile range,daily averages of 47 weeks of air monitoring,United States,California,Los Angeles air basin,,,,,,
23717615,,,genetics,Environmental,Carbon Monoxide,traffic-related air pollution,,,60,Subjects with disease:Coronary Artery Disease,,100% Non-smoker,>65 years (range),,,air monitoring,,,air,Carbon Monoxide,0.01 parts per million,minimum,daily averages of 47 weeks of air monitoring,United States,California,Los Angeles air basin,,,,,,
23717615,,,genetics,Environmental,Carbon Monoxide,traffic-related air pollution,,,60,Subjects with disease:Coronary Artery Disease,,100% Non-smoker,>65 years (range),,,air monitoring,,,air,Carbon Monoxide,1.68 parts per million,maximum,daily averages of 47 weeks of air monitoring,United States,California,Los Angeles air basin,,,,,,
23717615,,,genetics,Environmental,Carbon Monoxide,traffic-related air pollution,,,60,Subjects with disease:Coronary Artery Disease,,100% Non-smoker,>65 years (range),,,mixed-effect models,,,,,,,,United States,California,Los Angeles air basin,,positive correlation,,increased inflammatory response,Plasma,"Increases in Carbon Monoxide were associated with increases in IL6 and TNFa, biomarkers of inflammation, with stronger associations in subjects with mitochondrial haplogroup H than U"
27713111,,2000-2011,,Environmental,Carbon Monoxide,,16,,,Study subjects,Elderly,,>=60 years (range),Both Males and Females,,air monitoring - beta radiation,,,,,,,,Brazil,,Sao Paulo,,positive correlation,Cardiovascular Diseases,,,Carbon Monoxide was associated with mortality displacement for circulatory deaths within 30 days in the elderly
25760161,,1999-2004,,Environmental,Carbon Monoxide,,,,"3,180",Children,,,1-18 years (range),,,,,,,,,,,Brazil,,Sao Paulo,,positive correlation,Cardiovascular Diseases,,,
25760161,,1999-2004,,Environmental,Carbon Monoxide,,,,"3,180","Subjects with disease:Anemia, Sickle Cell",,,1-18 years (range),,,,,,,,,,,Brazil,,Sao Paulo,,positive correlation,Cardiovascular Diseases,,,
15987727,,,sex,Environmental,Carbon Monoxide,,,,"5,338",Children,,,0-1 year (range),Both Males and Females,,,,,,,,,,United States,Texas,,,negative correlation,"Heart Septal Defects, Atrial",,,
15987727,,,sex,Environmental,Carbon Monoxide,,,,"5,338",Children,,,0-1 year (range),Both Males and Females,,,,,,,,,,United States,Texas,,,positive correlation,Conotruncal cardiac defects,,,
15987727,,,sex,Environmental,Carbon Monoxide,,,,"5,338",Children,,,0-1 year (range),Both Males and Females,,,,,,,,,,United States,Texas,,,positive correlation,Tetralogy of Fallot,,,
12896852,,1993-1997,sex,Environmental,Carbon Monoxide,,,,"60,000",Study subjects,,,>65 years (range),Both Males and Females,,air monitoring | hospital admission data anaylsis,,,,,,,,United States,Colorado,Denver,,positive correlation,Heart Failure,,,
24355413,,1981-1999,,Environmental,Carbon Monoxide,,,,,Study subjects,,,,,,,,,,,,,,Canada,,Calgary | Edmonton | Montreal | Ottawa | Quebec City | Saint John | Toronto | Vancouver | Windsor | Winnipeg,,positive correlation,Cardiovascular Diseases,,,
33870008,Bangladesh Global Environmental and Occupational Health Project (GEO Health),,,Environmental|Residential,Carbon Monoxide,household air pollutants,,,200,Study subjects,used biomass fuel for cooking,100% Non-smoker,38 years (mean),100% Females (Only),,logistic regression analysis | peripheral arterial tonometry,,,,,,,,Bangladesh,,,,no correlation,Hyperemia,,,No statistically significant association was observed for logarithm of reactive hyperemia index with Carbon Monoxide after adjusting for potential covariates
16299096,,1998-1999,,Environmental,Chlorine,personal,225,,36,Subjects with disease:Cardiovascular Diseases,,Non-smoker,50-84 years (range),,,energy dispersive x-ray fluorescence,,,air,Chlorine,40.8 nanograms per cubic meter,median,personal exposure monitoring,Netherlands,,Amsterdam,,,,,,
16299096,,1998-1999,,Environmental,Chlorine,personal,225,,36,Subjects with disease:Cardiovascular Diseases,,Non-smoker,50-84 years (range),,,energy dispersive x-ray fluorescence,,,air,Chlorine,13 nanograms per cubic meter,minimum,personal exposure monitoring,Netherlands,,Amsterdam,,,,,,
16299096,,1998-1999,,Environmental,Chlorine,personal,225,,36,Subjects with disease:Cardiovascular Diseases,,Non-smoker,50-84 years (range),,,energy dispersive x-ray fluorescence,,,air,Chlorine,13997.7 nanograms per cubic meter,maximum,personal exposure monitoring,Netherlands,,Amsterdam,,,,,,
16299096,,1998-1999,,Environmental,Chlorine,personal,238,,46,Subjects with disease:Cardiovascular Diseases,,Non-smoker,50-84 years (range),,,energy dispersive x-ray fluorescence,,,air,Chlorine,9.8 nanograms per cubic meter,median,personal exposure monitoring,Finland,,Helinski,,,,,,
16299096,,1998-1999,,Environmental,Chlorine,personal,238,,46,Subjects with disease:Cardiovascular Diseases,,Non-smoker,50-84 years (range),,,energy dispersive x-ray fluorescence,,,air,Chlorine,7.9 nanograms per cubic meter,minimum,personal exposure monitoring,Finland,,Helinski,,,,,,
16299096,,1998-1999,,Environmental,Chlorine,personal,238,,46,Subjects with disease:Cardiovascular Diseases,,Non-smoker,50-84 years (range),,,energy dispersive x-ray fluorescence,,,air,Chlorine,410.6 nanograms per cubic meter,maximum,personal exposure monitoring,Finland,,Helinski,,,,,,
26629599,American Cancer Society Cancer Prevention Study II (ACS CPS-II),1982-2004,,Environmental,Chlorine,,,,"445,860",Study subjects,,Current smoker|Former smoker|Non-smoker,56.6 years (mean),Both Males and Females,94% White,Cox proportional hazard models,,,,,,,,United States,,,,positive correlation,Myocardial Ischemia,,,
27518881,,1999-2004,sex,Dietary,chloroacetic acid,drinking water contamination with disinfection by-products,,,"9,944",Fetuses,,,0-1 years (range),Both Males and Females,,water monitoring,,,,,,,,United States,Massachusetts,,,positive correlation,Cardiovascular Abnormalities,,,
27518881,,1999-2004,sex,Dietary,chloroacetic acid,drinking water contamination with disinfection by-products,,,"9,944",Fetuses,,,0-1 years (range),Both Males and Females,,water monitoring,,,,,,,,United States,Massachusetts,,,positive correlation,Tetralogy of Fallot,,,
27518881,,1999-2004,sex,Dietary,chloroacetic acid,drinking water contamination with disinfection by-products,,,"9,944",Fetuses,,,0-1 years (range),Both Males and Females,,water monitoring,,,,,,,,United States,Massachusetts,,,prediction/hypothesis,Transposition of Great Vessels,,,
27518881,,1999-2004,sex,Dietary,chloroacetic acid,drinking water contamination with disinfection by-products,,,"9,944",Fetuses,,,0-1 years (range),Both Males and Females,,water monitoring,,,,,,,,United States,Massachusetts,,,negative correlation,Transposition of Great Vessels,,,
27518881,,1999-2004,sex,Dietary,chloroacetic acid,drinking water contamination with disinfection by-products,,,"9,944",Fetuses,,,0-1 years (range),Both Males and Females,,water monitoring,,,,,,,,United States,Massachusetts,,,positive correlation,"Heart Septal Defects, Ventricular",,,
27518881,,1999-2004,sex,Dietary,chlorodibromomethane,drinking water contamination with disinfection by-products,,,"9,944",Fetuses,,,0-1 years (range),Both Males and Females,,water monitoring,,,,,,,,United States,Massachusetts,,,negative correlation,Transposition of Great Vessels,,,
27518881,,1999-2004,sex,Dietary,chlorodibromomethane,drinking water contamination with disinfection by-products,,,"9,944",Fetuses,,,0-1 years (range),Both Males and Females,,water monitoring,,,,,,,,United States,Massachusetts,,,negative correlation,Tetralogy of Fallot,,,
27518881,,1999-2004,sex,Dietary,chlorodibromomethane,drinking water contamination with disinfection by-products,,,"9,944",Fetuses,,,0-1 years (range),Both Males and Females,,water monitoring,,,,,,,,United States,Massachusetts,,,negative correlation,Tetralogy of Fallot,,,
27518881,,1999-2004,sex,Dietary,chlorodibromomethane,drinking water contamination with disinfection by-products,,,"9,944",Fetuses,,,0-1 years (range),Both Males and Females,,water monitoring,,,,,,,,United States,Massachusetts,,,positive correlation,"Heart Septal Defects, Atrial",,,
27518881,,1999-2004,sex,Dietary,chlorodibromomethane,drinking water contamination with disinfection by-products,,,"9,944",Fetuses,,,0-1 years (range),Both Males and Females,,water monitoring,,,,,,,,United States,Massachusetts,,,positive correlation,"Heart Septal Defects, Atrial",,,
27518881,,1999-2004,sex,Dietary,chlorodibromomethane,drinking water contamination with disinfection by-products,,,"9,944",Fetuses,,,0-1 years (range),Both Males and Females,,water monitoring,,,,,,,,United States,Massachusetts,,,positive correlation,"Heart Septal Defects, Ventricular",,,
27518881,,1999-2004,sex,Dietary,chlorodibromomethane,drinking water contamination with disinfection by-products,,,"9,944",Fetuses,,,0-1 years (range),Both Males and Females,,water monitoring,,,,,,,,United States,Massachusetts,,,positive correlation,"Heart Septal Defects, Ventricular",,,
27518881,,1999-2004,sex,Dietary,chlorodibromomethane,drinking water contamination with disinfection by-products,,,"9,944",Fetuses,,,0-1 years (range),Both Males and Females,,water monitoring,,,,,,,,United States,Massachusetts,,,positive correlation,"Heart Septal Defects, Ventricular",,,
27518881,,1999-2004,sex,Dietary,chlorodibromomethane,drinking water contamination with disinfection by-products,,,"9,944",Fetuses,,,0-1 years (range),Both Males and Females,,water monitoring,,,,,,,,United States,Massachusetts,,,positive correlation,"Heart Septal Defects, Ventricular",,,
27518881,,1999-2004,sex,Dietary,Chloroform,drinking water contamination with disinfection by-products,,,"9,944",Fetuses,,,0-1 years (range),Both Males and Females,,water monitoring,,,,,,,,United States,Massachusetts,,,negative correlation,Transposition of Great Vessels,,,
27518881,,1999-2004,sex,Dietary,Chloroform,drinking water contamination with disinfection by-products,,,"9,944",Fetuses,,,0-1 years (range),Both Males and Females,,water monitoring,,,,,,,,United States,Massachusetts,,,negative correlation,Tetralogy of Fallot,,,
27518881,,1999-2004,sex,Dietary,Chloroform,drinking water contamination with disinfection by-products,,,"9,944",Fetuses,,,0-1 years (range),Both Males and Females,,water monitoring,,,,,,,,United States,Massachusetts,,,negative correlation,Tetralogy of Fallot,,,
27518881,,1999-2004,sex,Dietary,Chloroform,drinking water contamination with disinfection by-products,,,"9,944",Fetuses,,,0-1 years (range),Both Males and Females,,water monitoring,,,,,,,,United States,Massachusetts,,,positive correlation,"Heart Septal Defects, Atrial",,,
27518881,,1999-2004,sex,Dietary,Chloroform,drinking water contamination with disinfection by-products,,,"9,944",Fetuses,,,0-1 years (range),Both Males and Females,,water monitoring,,,,,,,,United States,Massachusetts,,,positive correlation,"Heart Septal Defects, Atrial",,,
27518881,,1999-2004,sex,Dietary,Chloroform,drinking water contamination with disinfection by-products,,,"9,944",Fetuses,,,0-1 years (range),Both Males and Females,,water monitoring,,,,,,,,United States,Massachusetts,,,positive correlation,"Heart Septal Defects, Ventricular",,,
27518881,,1999-2004,sex,Dietary,Chloroform,drinking water contamination with disinfection by-products,,,"9,944",Fetuses,,,0-1 years (range),Both Males and Females,,water monitoring,,,,,,,,United States,Massachusetts,,,positive correlation,"Heart Septal Defects, Ventricular",,,
20595914,Agricultural Health Study (AHS),1993-2003,,Occupational|Residential,Chlorpyrifos,Pesticide application,,,"22,425",Study subjects,Female pesticide applicators and female spouses of pesticide applicators,Current smoker|Former smoker|Never smoker,17-88 years (range),Females (Only),,logistic regression analysis | survey method,,,,,,,,United States,Iowa|North Carolina,,,positive correlation,Myocardial Infarction,,,
20595914,Agricultural Health Study (AHS),1993-2003,,Occupational|Residential,Chlorpyrifos,Pesticide application,,,"22,425",Workers,Female pesticide applicators and female spouses of pesticide applicators,Current smoker|Former smoker|Never smoker,17-88 years (range),Females (Only),,logistic regression analysis | survey method,,,,,,,,United States,Iowa|North Carolina,,,positive correlation,Myocardial Infarction,,,
25867198,,2013-2014,,Environmental,Chromium,,,,142,Controls for disease:Hypertension,,,50-75 years (range),100% Males (Only),,inductively coupled argon plasma optical emission spectrometry,,,serum,Chromium,0.49 micrograms per liter,arithmetic mean,,Poland,,,,,,,,
25867198,,2013-2014,,Environmental,Chromium,,,,142,Controls for disease:Hypertension,,,50-75 years (range),100% Males (Only),,inductively coupled argon plasma optical emission spectrometry,,,serum,Chromium,0.44 micrograms per liter,median,,Poland,,,,,,,,
25867198,,2013-2014,,Environmental,Chromium,,,,142,Controls for disease:Hypertension,,,50-75 years (range),100% Males (Only),,inductively coupled argon plasma optical emission spectrometry,,,serum,Chromium,0.02 micrograms per liter,minimum,,Poland,,,,,,,,
25867198,,2013-2014,,Environmental,Chromium,,,,142,Controls for disease:Hypertension,,,50-75 years (range),100% Males (Only),,inductively coupled argon plasma optical emission spectrometry,,,serum,Chromium,2.74 micrograms per liter,maximum,,Poland,,,,,,,,
25867198,,2013-2014,,Environmental,Chromium,,,,171,Subjects with disease:Hypertension,,,50-75 years (range),100% Males (Only),,inductively coupled argon plasma optical emission spectrometry,,,serum,Chromium,0.44 micrograms per liter,arithmetic mean,,Poland,,,,,,,,
25867198,,2013-2014,,Environmental,Chromium,,,,171,Subjects with disease:Hypertension,,,50-75 years (range),100% Males (Only),,inductively coupled argon plasma optical emission spectrometry,,,serum,Chromium,0.42 micrograms per liter,median,,Poland,,,,,,,,
25867198,,2013-2014,,Environmental,Chromium,,,,171,Subjects with disease:Hypertension,,,50-75 years (range),100% Males (Only),,inductively coupled argon plasma optical emission spectrometry,,,serum,Chromium,0.26 micrograms per liter,minimum,,Poland,,,,,,,,
25867198,,2013-2014,,Environmental,Chromium,,,,171,Subjects with disease:Hypertension,,,50-75 years (range),100% Males (Only),,inductively coupled argon plasma optical emission spectrometry,,,serum,Chromium,3.17 micrograms per liter,maximum,,Poland,,,,,,,,
29064788,Dongfeng-Tongji (DFTJ) Cohort,2008-2010,,Occupational,Chromium,,,,"1,621",Controls for disease:Coronary Disease,employed at Dongfeng Motor Corporation,19% Current smoker|11% Former smoker|70% Never smoker,65.6 years (mean),49% Males (Only)|51% Females (Only),,inductively coupled plasma mass spectrometry,,,plasma,Chromium,3.44 micrograms per liter,median,,China,,Shiyan,,,,,,
29064788,Dongfeng-Tongji (DFTJ) Cohort,2008-2010,,Occupational,Chromium,,,,"1,621",Controls for disease:Coronary Disease,employed at Dongfeng Motor Corporation,19% Current smoker|11% Former smoker|70% Never smoker,65.6 years (mean),49% Males (Only)|51% Females (Only),,inductively coupled plasma mass spectrometry,,,plasma,Chromium,2.67 micrograms per liter,25th percentile,,China,,Shiyan,,,,,,
29064788,Dongfeng-Tongji (DFTJ) Cohort,2008-2010,,Occupational,Chromium,,,,"1,621",Controls for disease:Coronary Disease,employed at Dongfeng Motor Corporation,19% Current smoker|11% Former smoker|70% Never smoker,65.6 years (mean),49% Males (Only)|51% Females (Only),,inductively coupled plasma mass spectrometry,,,plasma,Chromium,4.58 micrograms per liter,75th percentile,,China,,Shiyan,,,,,,
29064788,Dongfeng-Tongji (DFTJ) Cohort,2008-2010,,Occupational,Chromium,,,,"1,621",Subjects with disease:Coronary Disease,employed at Dongfeng Motor Corporation,21% Current smoker|13% Former smoker|66% Never smoker,65.7 years (mean),49% Males (Only)|51% Females (Only),,inductively coupled plasma mass spectrometry,,,plasma,Chromium,3.49 micrograms per liter,median,,China,,Shiyan,,,,,,
29064788,Dongfeng-Tongji (DFTJ) Cohort,2008-2010,,Occupational,Chromium,,,,"1,621",Subjects with disease:Coronary Disease,employed at Dongfeng Motor Corporation,21% Current smoker|13% Former smoker|66% Never smoker,65.7 years (mean),49% Males (Only)|51% Females (Only),,inductively coupled plasma mass spectrometry,,,plasma,Chromium,2.64 micrograms per liter,25th percentile,,China,,Shiyan,,,,,,
29064788,Dongfeng-Tongji (DFTJ) Cohort,2008-2010,,Occupational,Chromium,,,,"1,621",Subjects with disease:Coronary Disease,employed at Dongfeng Motor Corporation,21% Current smoker|13% Former smoker|66% Never smoker,65.7 years (mean),49% Males (Only)|51% Females (Only),,inductively coupled plasma mass spectrometry,,,plasma,Chromium,4.54 micrograms per liter,75th percentile,,China,,Shiyan,,,,,,
27091488,Shanghai Women's Health Study (SWHS),1996-2009,,Commercial product|Residential,Coal,,,coal for cooking and home heating,"73,363",Study subjects,,,40-70 years (range),Females (Only),,Cox proportional hazards modeling,,,,,,,,China,,Shanghai,,positive correlation,Cardiovascular Diseases,,,
27091488,Shanghai Women's Health Study (SWHS),1996-2009,,Commercial product|Residential,Coal,,,coal for cooking and home heating,"73,363",Study subjects,,,40-70 years (range),Females (Only),,Cox proportional hazards modeling,,,,,,,,China,,Shanghai,,positive correlation,Myocardial Infarction,,,
31377785,,1976-2011,,Residential,Coal,coal used for cooking and heating,,,"1,954",Study subjects,lifetime users of smokeless coal,100% Non-smoker,,100% Females (Only),,,,,,,,,,China,,Xuanwei,,positive correlation,Myocardial Ischemia,,,lifetime use of smokeless coal was associated with increased ischemic heart disease mortality
31377785,,1976-2011,,Residential,Coal,coal used for cooking and heating,,,"11,188",Study subjects,lifetime users of smoky coal,100% Non-smoker,,100% Females (Only),,,,,,,,,,China,,Xuanwei,,positive correlation,Myocardial Ischemia,,,lifetime use of smoky coal showed positive associations with ischemic heart disease mortality
29064788,Dongfeng-Tongji (DFTJ) Cohort,2008-2010,,Occupational,Cobalt,,,,"1,621",Controls for disease:Coronary Disease,employed at Dongfeng Motor Corporation,19% Current smoker|11% Former smoker|70% Never smoker,65.6 years (mean),49% Males (Only)|51% Females (Only),,inductively coupled plasma mass spectrometry,,,plasma,Cobalt,0.15 micrograms per liter,median,,China,,Shiyan,,,,,,
29064788,Dongfeng-Tongji (DFTJ) Cohort,2008-2010,,Occupational,Cobalt,,,,"1,621",Controls for disease:Coronary Disease,employed at Dongfeng Motor Corporation,19% Current smoker|11% Former smoker|70% Never smoker,65.6 years (mean),49% Males (Only)|51% Females (Only),,inductively coupled plasma mass spectrometry,,,plasma,Cobalt,0.12 micrograms per liter,25th percentile,,China,,Shiyan,,,,,,
29064788,Dongfeng-Tongji (DFTJ) Cohort,2008-2010,,Occupational,Cobalt,,,,"1,621",Controls for disease:Coronary Disease,employed at Dongfeng Motor Corporation,19% Current smoker|11% Former smoker|70% Never smoker,65.6 years (mean),49% Males (Only)|51% Females (Only),,inductively coupled plasma mass spectrometry,,,plasma,Cobalt,0.2 micrograms per liter,75th percentile,,China,,Shiyan,,,,,,
29064788,Dongfeng-Tongji (DFTJ) Cohort,2008-2010,,Occupational,Cobalt,,,,"1,621",Subjects with disease:Coronary Disease,employed at Dongfeng Motor Corporation,21% Current smoker|13% Former smoker|66% Never smoker,65.7 years (mean),49% Males (Only)|51% Females (Only),,inductively coupled plasma mass spectrometry,,,plasma,Cobalt,0.15 micrograms per liter,median,,China,,Shiyan,,,,,,
29064788,Dongfeng-Tongji (DFTJ) Cohort,2008-2010,,Occupational,Cobalt,,,,"1,621",Subjects with disease:Coronary Disease,employed at Dongfeng Motor Corporation,21% Current smoker|13% Former smoker|66% Never smoker,65.7 years (mean),49% Males (Only)|51% Females (Only),,inductively coupled plasma mass spectrometry,,,plasma,Cobalt,0.12 micrograms per liter,25th percentile,,China,,Shiyan,,,,,,
29064788,Dongfeng-Tongji (DFTJ) Cohort,2008-2010,,Occupational,Cobalt,,,,"1,621",Subjects with disease:Coronary Disease,employed at Dongfeng Motor Corporation,21% Current smoker|13% Former smoker|66% Never smoker,65.7 years (mean),49% Males (Only)|51% Females (Only),,inductively coupled plasma mass spectrometry,,,plasma,Cobalt,0.2 micrograms per liter,75th percentile,,China,,Shiyan,,,,,,
33557575,Framingham Heart Study (FHS),,diet,Dietary,Coffee,,,,"2,732",Study subjects,,30% Current smoker,66 years (median),41% Males (Only)|59% Females (Only),,machine learning feature selection | univariable and multivariable Cox proportional hazards analysis,,,,,,,,United States,,,,negative correlation,Heart Failure,,,
33557575,Cardiovascular Heart Study (CHS),,diet,Dietary,Coffee,,,,"3,704",Study subjects,,10% Current smoker,71 years (median),51% Males (Only)|49% Females (Only),,machine learning feature selection | univariable and multivariable Cox proportional hazards analysis,,,,,,,,United States,,,,negative correlation,Heart Failure,,,
33557575,Atherosclerosis Risk in Communities (ARIC) Study,,diet,Dietary,Coffee,,,,"14,925",Study subjects,,26% Current smoker,54 years (median),45% Males (Only)|55% Females (Only),,machine learning feature selection | univariable and multivariable Cox proportional hazards analysis,,,,,,,,United States,,,,negative correlation,Heart Failure,,,
16299096,,1998-1999,,Environmental,Copper,personal,225,,36,Subjects with disease:Cardiovascular Diseases,,Non-smoker,50-84 years (range),,,energy dispersive x-ray fluorescence,,,air,Copper,5.4 nanograms per cubic meter,median,personal exposure monitoring,Netherlands,,Amsterdam,,,,,,
16299096,,1998-1999,,Environmental,Copper,personal,225,,36,Subjects with disease:Cardiovascular Diseases,,Non-smoker,50-84 years (range),,,energy dispersive x-ray fluorescence,,,air,Copper,0 nanograms per cubic meter,minimum,personal exposure monitoring,Netherlands,,Amsterdam,,,,,,
16299096,,1998-1999,,Environmental,Copper,personal,225,,36,Subjects with disease:Cardiovascular Diseases,,Non-smoker,50-84 years (range),,,energy dispersive x-ray fluorescence,,,air,Copper,78.2 nanograms per cubic meter,maximum,personal exposure monitoring,Netherlands,,Amsterdam,,,,,,
16299096,,1998-1999,,Environmental,Copper,personal,238,,46,Subjects with disease:Cardiovascular Diseases,,Non-smoker,50-84 years (range),,,energy dispersive x-ray fluorescence,,,air,Copper,4.3 nanograms per cubic meter,median,personal exposure monitoring,Finland,,Helinski,,,,,,
16299096,,1998-1999,,Environmental,Copper,personal,238,,46,Subjects with disease:Cardiovascular Diseases,,Non-smoker,50-84 years (range),,,energy dispersive x-ray fluorescence,,,air,Copper,0 nanograms per cubic meter,minimum,personal exposure monitoring,Finland,,Helinski,,,,,,
16299096,,1998-1999,,Environmental,Copper,personal,238,,46,Subjects with disease:Cardiovascular Diseases,,Non-smoker,50-84 years (range),,,energy dispersive x-ray fluorescence,,,air,Copper,85.3 nanograms per cubic meter,maximum,personal exposure monitoring,Finland,,Helinski,,,,,,
25633926,California Teachers Study,2001-2007,,Environmental,Copper,,,copper in ultrafine particulate matter with aerodynamic diameter size <= 0.1 microns,"101,884",Study subjects,,5% Current smoker|27% Former smoker|68% Non-smoker,57.3 years (mean),100% Females (Only),86% White,Cox proportional hazards regression analysis,,,,,,,,United States,California,,,positive correlation,Cardiovascular Diseases,,,
25633926,California Teachers Study,2001-2007,,Environmental,Copper,,,copper in ultrafine particulate matter with aerodynamic diameter size <= 0.1 microns,"101,884",Study subjects,,5% Current smoker|27% Former smoker|68% Non-smoker,57.3 years (mean),100% Females (Only),86% White,Cox proportional hazards regression analysis,,,,,,,,United States,California,,,positive correlation,Myocardial Ischemia,,,
25867198,,2013-2014,,Environmental,Copper,,,,142,Controls for disease:Hypertension,,,50-75 years (range),100% Males (Only),,inductively coupled argon plasma optical emission spectrometry,,,blood,Copper,1.07 milligrams per liter,arithmetic mean,,Poland,,,,,,,,
25867198,,2013-2014,,Environmental,Copper,,,,142,Controls for disease:Hypertension,,,50-75 years (range),100% Males (Only),,inductively coupled argon plasma optical emission spectrometry,,,blood,Copper,1.06 milligrams per liter,median,,Poland,,,,,,,,
25867198,,2013-2014,,Environmental,Copper,,,,142,Controls for disease:Hypertension,,,50-75 years (range),100% Males (Only),,inductively coupled argon plasma optical emission spectrometry,,,blood,Copper,0.53 milligrams per liter,minimum,,Poland,,,,,,,,
25867198,,2013-2014,,Environmental,Copper,,,,142,Controls for disease:Hypertension,,,50-75 years (range),100% Males (Only),,inductively coupled argon plasma optical emission spectrometry,,,blood,Copper,1.46 milligrams per liter,maximum,,Poland,,,,,,,,
25867198,,2013-2014,,Environmental,Copper,,,,171,Subjects with disease:Hypertension,,,50-75 years (range),100% Males (Only),,inductively coupled argon plasma optical emission spectrometry,,,blood,Copper,1.08 milligrams per liter,arithmetic mean,,Poland,,,,,,,,
25867198,,2013-2014,,Environmental,Copper,,,,171,Subjects with disease:Hypertension,,,50-75 years (range),100% Males (Only),,inductively coupled argon plasma optical emission spectrometry,,,blood,Copper,1.06 milligrams per liter,median,,Poland,,,,,,,,
25867198,,2013-2014,,Environmental,Copper,,,,171,Subjects with disease:Hypertension,,,50-75 years (range),100% Males (Only),,inductively coupled argon plasma optical emission spectrometry,,,blood,Copper,0.46 milligrams per liter,minimum,,Poland,,,,,,,,
25867198,,2013-2014,,Environmental,Copper,,,,171,Subjects with disease:Hypertension,,,50-75 years (range),100% Males (Only),,inductively coupled argon plasma optical emission spectrometry,,,blood,Copper,1.89 milligrams per liter,maximum,,Poland,,,,,,,,
29064788,Dongfeng-Tongji (DFTJ) Cohort,2008-2010,,Occupational,Copper,,,,"1,621",Controls for disease:Coronary Disease,employed at Dongfeng Motor Corporation,19% Current smoker|11% Former smoker|70% Never smoker,65.6 years (mean),49% Males (Only)|51% Females (Only),,inductively coupled plasma mass spectrometry,,,plasma,Copper,962.14 micrograms per liter,median,,China,,Shiyan,,,,,,
29064788,Dongfeng-Tongji (DFTJ) Cohort,2008-2010,,Occupational,Copper,,,,"1,621",Controls for disease:Coronary Disease,employed at Dongfeng Motor Corporation,19% Current smoker|11% Former smoker|70% Never smoker,65.6 years (mean),49% Males (Only)|51% Females (Only),,inductively coupled plasma mass spectrometry,,,plasma,Copper,856.05 micrograms per liter,25th percentile,,China,,Shiyan,,,,,,
29064788,Dongfeng-Tongji (DFTJ) Cohort,2008-2010,,Occupational,Copper,,,,"1,621",Controls for disease:Coronary Disease,employed at Dongfeng Motor Corporation,19% Current smoker|11% Former smoker|70% Never smoker,65.6 years (mean),49% Males (Only)|51% Females (Only),,inductively coupled plasma mass spectrometry,,,plasma,Copper,1072.48 micrograms per liter,75th percentile,,China,,Shiyan,,,,,,
29064788,Dongfeng-Tongji (DFTJ) Cohort,2008-2010,,Occupational,Copper,,,,"1,621",Subjects with disease:Coronary Disease,employed at Dongfeng Motor Corporation,21% Current smoker|13% Former smoker|66% Never smoker,65.7 years (mean),49% Males (Only)|51% Females (Only),,inductively coupled plasma mass spectrometry,,,plasma,Copper,970.93 micrograms per liter,median,,China,,Shiyan,,,,,,
29064788,Dongfeng-Tongji (DFTJ) Cohort,2008-2010,,Occupational,Copper,,,,"1,621",Subjects with disease:Coronary Disease,employed at Dongfeng Motor Corporation,21% Current smoker|13% Former smoker|66% Never smoker,65.7 years (mean),49% Males (Only)|51% Females (Only),,inductively coupled plasma mass spectrometry,,,plasma,Copper,867.11 micrograms per liter,25th percentile,,China,,Shiyan,,,,,,
29064788,Dongfeng-Tongji (DFTJ) Cohort,2008-2010,,Occupational,Copper,,,,"1,621",Subjects with disease:Coronary Disease,employed at Dongfeng Motor Corporation,21% Current smoker|13% Former smoker|66% Never smoker,65.7 years (mean),49% Males (Only)|51% Females (Only),,inductively coupled plasma mass spectrometry,,,plasma,Copper,1097.38 micrograms per liter,75th percentile,,China,,Shiyan,,,,,,
20693268,National Health and Nutrition Examination Survey (NHANES),1999-2004,sex,Environmental,Cotinine,,,,223,Subjects with disease:Peripheral Arterial Disease,,,67.9 years (mean),Females (Only),15% Black|3% Mexican-American|78% White,atomic absorption spectrometry | inductively coupled plasma-mass spectrometry,,,serum,Cotinine,0.28 micrograms per deciliter,geometric mean,,United States,,,,,,,,
20693268,National Health and Nutrition Examination Survey (NHANES),1999-2004,sex,Environmental,Cotinine,,,,245,Subjects with disease:Peripheral Arterial Disease,,,67.6 years (mean),Males (Only),13% Black|4% Mexican-American|80% White,atomic absorption spectrometry | inductively coupled plasma-mass spectrometry,,,serum,Cotinine,1.63 micrograms per deciliter,geometric mean,,United States,,,,,,,,
20693268,National Health and Nutrition Examination Survey (NHANES),1999-2004,sex,Environmental,Cotinine,,,,"2,900",Controls for disease:Peripheral Arterial Disease,,,56.1 years (mean),Females (Only),9% Black|4% Mexican-American|78% White,atomic absorption spectrometry | inductively coupled plasma-mass spectrometry,,,serum,Cotinine,0.22 micrograms per deciliter,geometric mean,,United States,,,,,,,,
20693268,National Health and Nutrition Examination Survey (NHANES),1999-2004,sex,Environmental,Cotinine,,,,"3,088",Controls for disease:Peripheral Arterial Disease,,,54.7 years (mean),Males (Only),8% Black|5% Mexican-American|81% White,atomic absorption spectrometry | inductively coupled plasma-mass spectrometry,,,serum,Cotinine,0.7 micrograms per deciliter,geometric mean,,United States,,,,,,,,
20595914,Agricultural Health Study (AHS),1993-2003,,Occupational|Residential,Coumaphos,Pesticide application,,,"22,425",Study subjects,Female pesticide applicators and female spouses of pesticide applicators,Current smoker|Former smoker|Never smoker,17-88 years (range),Females (Only),,logistic regression analysis | survey method,,,,,,,,United States,Iowa|North Carolina,,,positive correlation,Myocardial Infarction,,,
20595914,Agricultural Health Study (AHS),1993-2003,,Occupational|Residential,Coumaphos,Pesticide application,,,"22,425",Workers,Female pesticide applicators and female spouses of pesticide applicators,Current smoker|Former smoker|Never smoker,17-88 years (range),Females (Only),,logistic regression analysis | survey method,,,,,,,,United States,Iowa|North Carolina,,,positive correlation,Myocardial Infarction,,,
11665844,,2001-2001,,Commercial product,Cyanamide,Dormex pesticide,,,,Workers,agricultural workers applying pesticide Dormex,,41 years (median),Males (Only),,,,,,,,,,Italy,,Ragusa,,positive correlation,Cardiovascular Diseases,,,
15858460,,2002-2004,,Commercial product,Cyanamide,Dormex pesticide,,,,Workers,agricultural workers applying pesticide Dormex,,41 years (median),Males (Only),,,,,,,,,,Italy,,Apulia | Calabria | Sicily,,positive correlation,Cardiovascular Diseases,,,
23981468,Aerosol Research and Inhalation Epidemiology Study (ARIES),2006-2009,,Environmental,Cyclohexane,,,heptadecylcyclohexane and nonadecylcyclohexane,,Subjects with disease:Cardiovascular Diseases,,,,,,case-crossover analysis | multivariate weighted regression,,,,,,,,United States,Alabama|Georgia|Texas,,,positive correlation,Cardiovascular Diseases,,,"increased rate of hospital admissions for CVD (3.4%, 95% CI = (0.64, 6.24%) for 7 day exposure)"
23981468,Aerosol Research and Inhalation Epidemiology Study (ARIES),2006-2009,,Environmental,Cyclohexane,,,heptadecylcyclohexane and nonadecylcyclohexane,,Subjects with disease:Coronary Disease,,,,,,case-crossover analysis | multivariate weighted regression,,,,,,,,United States,Alabama|Georgia|Texas,,,positive correlation,Coronary Disease,,,increased rate of hospital admissions for Heart Disease
23981468,Aerosol Research and Inhalation Epidemiology Study (ARIES),2006-2009,,Environmental,Cyclohexane,,,heptadecylcyclohexane and nonadecylcyclohexane,,Subjects with disease:Myocardial Infarction,,,,,,case-crossover analysis | multivariate weighted regression,,,,,,,,United States,Alabama|Georgia|Texas,,,positive correlation,Myocardial Infarction,,,increased rate of hospital admissions for Myocardial Infarction
27518881,,1999-2004,sex,Dietary,dibromoacetic acid,drinking water contamination with disinfection by-products,,,"9,944",Fetuses,,,0-1 years (range),Both Males and Females,,water monitoring,,,,,,,,United States,Massachusetts,,,positive correlation,Cardiovascular Abnormalities,,,
27518881,,1999-2004,sex,Dietary,dibromoacetic acid,drinking water contamination with disinfection by-products,,,"9,944",Fetuses,,,0-1 years (range),Both Males and Females,,water monitoring,,,,,,,,United States,Massachusetts,,,positive correlation,Tetralogy of Fallot,,,
27518881,,1999-2004,sex,Dietary,dibromoacetic acid,drinking water contamination with disinfection by-products,,,"9,944",Fetuses,,,0-1 years (range),Both Males and Females,,water monitoring,,,,,,,,United States,Massachusetts,,,prediction/hypothesis,Transposition of Great Vessels,,,
27518881,,1999-2004,sex,Dietary,dibromoacetic acid,drinking water contamination with disinfection by-products,,,"9,944",Fetuses,,,0-1 years (range),Both Males and Females,,water monitoring,,,,,,,,United States,Massachusetts,,,negative correlation,Transposition of Great Vessels,,,
27518881,,1999-2004,sex,Dietary,dibromoacetic acid,drinking water contamination with disinfection by-products,,,"9,944",Fetuses,,,0-1 years (range),Both Males and Females,,water monitoring,,,,,,,,United States,Massachusetts,,,positive correlation,"Heart Septal Defects, Ventricular",,,
27518881,,1999-2004,sex,Dietary,Dichloroacetic Acid,drinking water contamination with disinfection by-products,,,"9,944",Fetuses,,,0-1 years (range),Both Males and Females,,water monitoring,,,,,,,,United States,Massachusetts,,,positive correlation,Cardiovascular Abnormalities,,,
27518881,,1999-2004,sex,Dietary,Dichloroacetic Acid,drinking water contamination with disinfection by-products,,,"9,944",Fetuses,,,0-1 years (range),Both Males and Females,,water monitoring,,,,,,,,United States,Massachusetts,,,positive correlation,Cardiovascular Abnormalities,,,
27518881,,1999-2004,sex,Dietary,Dichloroacetic Acid,drinking water contamination with disinfection by-products,,,"9,944",Fetuses,,,0-1 years (range),Both Males and Females,,water monitoring,,,,,,,,United States,Massachusetts,,,positive correlation,Tetralogy of Fallot,,,
27518881,,1999-2004,sex,Dietary,Dichloroacetic Acid,drinking water contamination with disinfection by-products,,,"9,944",Fetuses,,,0-1 years (range),Both Males and Females,,water monitoring,,,,,,,,United States,Massachusetts,,,positive correlation,Tetralogy of Fallot,,,
27518881,,1999-2004,sex,Dietary,Dichloroacetic Acid,drinking water contamination with disinfection by-products,,,"9,944",Fetuses,,,0-1 years (range),Both Males and Females,,water monitoring,,,,,,,,United States,Massachusetts,,,prediction/hypothesis,Transposition of Great Vessels,,,
27518881,,1999-2004,sex,Dietary,Dichloroacetic Acid,drinking water contamination with disinfection by-products,,,"9,944",Fetuses,,,0-1 years (range),Both Males and Females,,water monitoring,,,,,,,,United States,Massachusetts,,,negative correlation,Transposition of Great Vessels,,,
27518881,,1999-2004,sex,Dietary,Dichloroacetic Acid,drinking water contamination with disinfection by-products,,,"9,944",Fetuses,,,0-1 years (range),Both Males and Females,,water monitoring,,,,,,,,United States,Massachusetts,,,positive correlation,Pulmonary Valve Stenosis,,,
27518881,,1999-2004,sex,Dietary,Dichloroacetic Acid,drinking water contamination with disinfection by-products,,,"9,944",Fetuses,,,0-1 years (range),Both Males and Females,,water monitoring,,,,,,,,United States,Massachusetts,,,positive correlation,"Heart Septal Defects, Ventricular",,,
21621210,Prospective Investigation of the Vasculature in Uppsala Seniors (PIVUS),,,Commercial product|Environmental,Diethylhexyl Phthalate,man-made high volume chemical used as components in plastics,,,"1,016",Study subjects,eldery,11% Current smoker,70 years (mean),50% Males (Only)|50% Females (Only),,API 4000 liquid chromatography with tandem mass spectrometery,,,serum,mono-(2-ethylhexyl)phthalate,4.53 nanograms per milliliter,median,MEHP,Sweden,,Uppsala,,positive correlation,Carotid Stenosis,,,
21621210,Prospective Investigation of the Vasculature in Uppsala Seniors (PIVUS),,,Commercial product|Environmental,Diethylhexyl Phthalate,man-made high volume chemical used as components in plastics,,,"1,016",Study subjects,eldery,11% Current smoker,70 years (mean),50% Males (Only)|50% Females (Only),,API 4000 liquid chromatography with tandem mass spectrometery,,,serum,mono-(2-ethylhexyl)phthalate,4.53 nanograms per milliliter,median,MEHP,Sweden,,Uppsala,,positive correlation,Atherosclerosis,,,
21621210,Prospective Investigation of the Vasculature in Uppsala Seniors (PIVUS),,,Commercial product|Environmental,diethyl phthalate,man-made high volume chemical used as components in plastics,,,"1,016",Study subjects,eldery,11% Current smoker,70 years (mean),50% Males (Only)|50% Females (Only),,API 4000 liquid chromatography with tandem mass spectrometery,,,serum,monoethyl phthalate,11.6 nanograms per milliliter,median,MEP,Sweden,,Uppsala,,positive correlation,Carotid Stenosis,,,
21621210,Prospective Investigation of the Vasculature in Uppsala Seniors (PIVUS),,,Commercial product|Environmental,diethyl phthalate,man-made high volume chemical used as components in plastics,,,"1,016",Study subjects,eldery,11% Current smoker,70 years (mean),50% Males (Only)|50% Females (Only),,API 4000 liquid chromatography with tandem mass spectrometery,,,serum,monoethyl phthalate,11.6 nanograms per milliliter,median,MEP,Sweden,,Uppsala,,positive correlation,Atherosclerosis,,,
21621210,Prospective Investigation of the Vasculature in Uppsala Seniors (PIVUS),,,Commercial product|Environmental,diisobutyl phthalate,man-made high volume chemical used as components in plastics,,,"1,016",Study subjects,eldery,11% Current smoker,70 years (mean),50% Males (Only)|50% Females (Only),,API 4000 liquid chromatography with tandem mass spectrometery,,,serum,mono-isobutyl phthalate,13.5 nanograms per milliliter,median,MiBP,Sweden,,Uppsala,,positive correlation,Carotid Stenosis,,,
21621210,Prospective Investigation of the Vasculature in Uppsala Seniors (PIVUS),,,Commercial product|Environmental,diisobutyl phthalate,man-made high volume chemical used as components in plastics,,,"1,016",Study subjects,eldery,11% Current smoker,70 years (mean),50% Males (Only)|50% Females (Only),,API 4000 liquid chromatography with tandem mass spectrometery,,,serum,mono-isobutyl phthalate,13.5 nanograms per milliliter,median,MiBP,Sweden,,Uppsala,,positive correlation,Atherosclerosis,,,
21621210,Prospective Investigation of the Vasculature in Uppsala Seniors (PIVUS),,,Commercial product|Environmental,dimethyl phthalate,man-made high volume chemical used as components in plastics,,,"1,016",Study subjects,eldery,11% Current smoker,70 years (mean),50% Males (Only)|50% Females (Only),,API 4000 liquid chromatography with tandem mass spectrometery,,,serum,monomethyl phthalate,1.49 nanograms per milliliter,median,MMP,Sweden,,Uppsala,,positive correlation,Carotid Stenosis,,,related to carotid plaques in an inverted U-shaped manner
21621210,Prospective Investigation of the Vasculature in Uppsala Seniors (PIVUS),,,Commercial product|Environmental,dimethyl phthalate,man-made high volume chemical used as components in plastics,,,"1,016",Study subjects,eldery,11% Current smoker,70 years (mean),50% Males (Only)|50% Females (Only),,API 4000 liquid chromatography with tandem mass spectrometery,,,serum,monomethyl phthalate,1.49 nanograms per milliliter,median,MMP,Sweden,,Uppsala,,positive correlation,Atherosclerosis,,,related to atherosclerotic plaques in an inverted U-shaped manner
16129026,,1993-2000,age | race | sex,Environmental|Residential,Dioxins,,,,"16,880,516",Study subjects,,,25-64 years (range),Both Males and Females,8% Black|92% White,,,,,,,,,United States,New York,,,positive correlation,Stroke,,,"positive correlation between living in zip codes that contain hazardous waste sites and increased rate of hospital discharges for stroke, particularly ischemic stroke"
16129026,,1993-2000,age | race | sex,Environmental|Residential,Dioxins,,,,"16,880,516",Study subjects,,,25-64 years (range),Both Males and Females,8% Black|92% White,,,,,,,,,United States,New York,,,positive correlation,Ischemic Stroke,,,"positive correlation between living in zip codes that contain hazardous waste sites and increased rate of hospital discharges for stroke, particularly ischemic stroke"
29959987,,,,Medicinal,Doxorubicin,,,,114,Subjects with disease:Heart Failure,Mix of patients with and without Heart Failure,,,,,,,,,,,,,China,Jiangxi Province,,,positive correlation,,abnormal gene expression,Blood Cells,"TLR2 and TLR3 are up- and down-regulated, respectively, in doxorubicin-treated patients who develop heart dysfunctions"
26596772,,2010-2013,,Environmental|Occupational|Residential,Dust,,,,49,Subjects with disease:Granulomatosis with Polyangiitis,,,64.9 years (mean),Both Males and Females,,structured questionnaire to identify environmental factors,,,,,,,,New Zealand,Canterbury,,,positive correlation,Granulomatosis with Polyangiitis,,,
26596772,,2010-2013,,Environmental|Occupational|Residential,Dust,,,,196,Controls for disease:Granulomatosis with Polyangiitis,,,65.1 years (mean),Both Males and Females,,structured questionnaire to identify environmental factors,,,,,,,,New Zealand,Canterbury,,,,,,,
25667096,,2010-2012,,Occupational,Dust,occupational dust,,,31,Subjects with disease:Heart Failure,,,>35 years (range),Females (Only),,,,,,,,,,Kenya,,,,prediction/hypothesis,Heart Failure,,,
25667096,,2010-2012,,Occupational,Dust,occupational dust,,,65,Controls for disease:Heart Failure,,,>35 years (range),Females (Only),,,,,,,,,,Kenya,,,,,,,,
22203459,Italian Longitudinal Study on Aging (ILSA),1992-1996,,Medicinal,Enalapril,,,,72,Subjects with disease:Hypertension,,,65-84 years (range),Both Males and Females,,,,,,,,,,Italy,,,,negative correlation,Cognitive Dysfunction,,,"enalapril associated with reduced risk of mild cognitive impairment in older hypertensive adults , hazard ratio = 0.17 (95% CI: 0.04, 0.84)"
22203459,Italian Longitudinal Study on Aging (ILSA),1992-1996,,Medicinal,Enalapril,,,,92,Subjects with disease:Hypertension,,,65-84 years (range),Both Males and Females,,,,,,,,,,Italy,,,,negative correlation,Cognitive Dysfunction,,,"enalapril combined with lisinopril associated with reduced risk of mild cognitive impairment in older hypertensive adults , hazard ratio = 0.27 (95% CI: 0.08, 0.96)"
32131999,,2006-2018,diet,Dietary,Fish Oils,dietary supplement,,,"133,438",Study subjects,take fish oils as supplement,,58.2 years (mean),42% Males (Only)|58% Females (Only),4% Asian|2% Black|2% Other|92% White,UK Biobank,,,,,,,,United Kingdom,,,"England, Scotland, and Wales",negative correlation,Cardiovascular Diseases,,,"multivariable adjusted hazard ratios for habitual users of fish oil versus non-users were HR = 0.87 (95% CI: 0.83, 0.90) for all cause mortality, HR = 0.84 (95% CI: 0.78, 0.91) for CVD mortality, and HR = 0.93 (95% CI: 0.90, 0.96) for incident CVD events"
27023119,,2012-2013,,Environmental,fluoranthene,,,,170,Subjects with disease:Hypertension,housewives,67% Non-smoker|33% Passive smoker,>=30 years (range),100% Females (Only),,gas chromatography-mass spectrometry,,98.0,hair,fluoranthene,52.2 nanograms per gram,median,,China,Shanxi Province,,,,,,,
27023119,,2012-2013,,Environmental,fluoranthene,,,,170,Subjects with disease:Hypertension,housewives,67% Non-smoker|33% Passive smoker,>=30 years (range),100% Females (Only),,gas chromatography-mass spectrometry,,98.0,hair,fluoranthene,35.4-105 nanograms per gram,interquartile range,,China,Shanxi Province,,,,,,,
27023119,,2012-2013,,Environmental,fluoranthene,,,,235,Controls for disease:Hypertension,housewives,61% Non-smoker|39% Passive smoker,>=30 years (range),100% Females (Only),,gas chromatography-mass spectrometry,,88.0,hair,fluoranthene,53.1 nanograms per gram,median,,China,Shanxi Province,,,,,,,
27023119,,2012-2013,,Environmental,fluoranthene,,,,235,Controls for disease:Hypertension,housewives,61% Non-smoker|39% Passive smoker,>=30 years (range),100% Females (Only),,gas chromatography-mass spectrometry,,88.0,hair,fluoranthene,29.9-94.6 nanograms per gram,interquartile range,,China,Shanxi Province,,,,,,,
27023119,,2012-2013,,Environmental,fluorene,,,,170,Subjects with disease:Hypertension,housewives,67% Non-smoker|33% Passive smoker,>=30 years (range),100% Females (Only),,gas chromatography-mass spectrometry,,99.0,hair,fluorene,70.7 nanograms per gram,median,,China,Shanxi Province,,,,,,,
27023119,,2012-2013,,Environmental,fluorene,,,,170,Subjects with disease:Hypertension,housewives,67% Non-smoker|33% Passive smoker,>=30 years (range),100% Females (Only),,gas chromatography-mass spectrometry,,99.0,hair,fluorene,43.4-110 nanograms per gram,interquartile range,,China,Shanxi Province,,,,,,,
27023119,,2012-2013,,Environmental,fluorene,,,,235,Controls for disease:Hypertension,housewives,61% Non-smoker|39% Passive smoker,>=30 years (range),100% Females (Only),,gas chromatography-mass spectrometry,,98.0,hair,fluorene,106 nanograms per gram,median,,China,Shanxi Province,,,,,,,
27023119,,2012-2013,,Environmental,fluorene,,,,235,Controls for disease:Hypertension,housewives,61% Non-smoker|39% Passive smoker,>=30 years (range),100% Females (Only),,gas chromatography-mass spectrometry,,98.0,hair,fluorene,60.9-157 nanograms per gram,interquartile range,,China,Shanxi Province,,,,,,,
33007577,Ronneby Biomarker Cohort,2016-2017,diet,Dietary,Fluorocarbons,contaminated drinking water,,,59,Study subjects,"mixed population of high, medium and low exposure groups",100% Non-smoker,20-47 years (range),100% Females (Only),,Infinium MethylationEPIC BeadChip | linear regression analysis,,,,,,,,Sweden,,Ronneby,,prediction/hypothesis,Cardiomegaly,,,
24056475,Stockholm Heart Epidemiology Program (SHEEP),,genetics,Environmental,Fuel Oils,long-term source specific heating-SO2,,,"1,192",Subjects with disease:Myocardial Infarction,,49% Current smoker|26% Former smoker|25% Never smoker,59.3 years (mean),71% Males (Only)|29% Females (Only),,geographical information system,,,"air, ambient",Sulfur Dioxide,2.8 micrograms per cubic meter,mean,"heating-SO2, 1 year average long-term exposure for cases",Sweden,,,,,,,,
24056475,Stockholm Heart Epidemiology Program (SHEEP),,genetics,Environmental,Fuel Oils,long-term source specific heating-SO2,,,"1,192",Subjects with disease:Myocardial Infarction,,49% Current smoker|26% Former smoker|25% Never smoker,59.3 years (mean),71% Males (Only)|29% Females (Only),,geographical information system,,,"air, ambient",Sulfur Dioxide,4.8 micrograms per cubic meter,mean,"heating-SO2, 5 years average long-term exposure for cases",Sweden,,,,,,,,
24056475,Stockholm Heart Epidemiology Program (SHEEP),,genetics,Environmental,Fuel Oils,long-term source specific heating-SO2,,,"1,192",Subjects with disease:Myocardial Infarction,,49% Current smoker|26% Former smoker|25% Never smoker,59.3 years (mean),71% Males (Only)|29% Females (Only),,geographical information system,,,"air, ambient",Sulfur Dioxide,26.3 micrograms per cubic meter,mean,"heating-SO2, 30 year averages long-term exposure for cases",Sweden,,,,,,,,
24056475,Stockholm Heart Epidemiology Program (SHEEP),,genetics,Environmental,Fuel Oils,long-term source specific heating-SO2,,,"1,506",Controls for disease:Myocardial Infarction,,29% Current smoker|31% Former smoker|40% Never smoker,60 years (mean),67% Males (Only)|33% Females (Only),,geographical information system,,,"air, ambient",Sulfur Dioxide,2.8 micrograms per cubic meter,mean,"heating-SO2, 1 year average long-term exposure for controls",Sweden,,,,,,,,
24056475,Stockholm Heart Epidemiology Program (SHEEP),,genetics,Environmental,Fuel Oils,long-term source specific heating-SO2,,,"1,506",Controls for disease:Myocardial Infarction,,29% Current smoker|31% Former smoker|40% Never smoker,60 years (mean),67% Males (Only)|33% Females (Only),,geographical information system,,,"air, ambient",Sulfur Dioxide,4.7 micrograms per cubic meter,mean,"heating-SO2, 5 years average long-term exposure for controls",Sweden,,,,,,,,
24056475,Stockholm Heart Epidemiology Program (SHEEP),,genetics,Environmental,Fuel Oils,long-term source specific heating-SO2,,,"1,506",Controls for disease:Myocardial Infarction,,29% Current smoker|31% Former smoker|40% Never smoker,60 years (mean),67% Males (Only)|33% Females (Only),,geographical information system,,,"air, ambient",Sulfur Dioxide,25.8 micrograms per cubic meter,mean,"heating-SO2, 30 year averages long-term exposure for controls",Sweden,,,,,,,,
28201627,,,,Environmental,Gadolinium,toxic rare earth element,,,104,Infants or newborns,"premature infants, 24-33 weeks gestational age",,,50% Males (Only)|50% Females (Only),,,,,"blood, cord",Gadolinium,,,,United States,New York,,,no correlation,"Ductus Arteriosus, Patent",,,
28201627,,,,Environmental,Gadolinium,toxic rare earth element,,,104,Pregnant females,to be mothers of premature infants in this study,,27.5 years (mean),100% Females (Only),10% Hispanic|72% White,,,,"blood, cord",Gadolinium,,,,United States,New York,,,no correlation,"Hypertension, Pregnancy-Induced",,,
25635915,Agricultural Health Study (AHS),,,Commercial product|Occupational,glyphosate,handling and applying insecticide,,,,Workers,pesticide applicators,,,,,Poisson regression,,,,,,,,United States,Iowa|North Carolina,,,no correlation,Multiple Myeloma,,,
15626647,Agricultural Health Study (AHS),1993-2001,,Occupational,glyphosate,Pesticide Application,,,"54,315",Workers,Pesticide Applicators,Current smoker|Former smoker|Never smoker,,Both Males and Females,,survey method,,,,,,,,United States,Iowa|North Carolina,,,prediction/hypothesis,Multiple Myeloma,,,
19270790,,1979-1996,,Dietary|Environmental|Residential,Hazardous Waste,Love Canal waste landfill,,,"6,181",Study subjects,,,,Both Males and Females,,survey method,,,,,,,,United States,New York,Love Canal,,prediction/hypothesis,Myocardial Infarction,,,
20123637,,2005-2007,,Environmental,hopane,indoor and outdoor hopane,,,60,Subjects with disease:Coronary Artery Disease,"elderly subjects, warm season",,84.1 years (mean),Both Males and Females,,mixed-model regression analyses,,,plasma,TNFRSF1B,,,indoor and outdoor hopane,United States,California,Los Angeles,,,,,,
20123637,,2005-2007,,Environmental,hopane,indoor hopane,,,60,Subjects with disease:Coronary Artery Disease,"elderly subjects, warm season",,84.1 years (mean),Both Males and Females,,mixed-model regression analyses,,,plasma,IL6,,,"indoor hopane, but not outdoor hopane",United States,California,Los Angeles,,,,,,
23717615,,,genetics,Environmental,hopane,traffic-related air pollution,,,60,Subjects with disease:Coronary Artery Disease,,100% Non-smoker,>65 years (range),,,air monitoring,,,air,hopane,0.4 nanograms per cubic meter,mean,daily averages of 47 weeks of air monitoring,United States,California,Los Angeles air basin,,,,,,
23717615,,,genetics,Environmental,hopane,traffic-related air pollution,,,60,Subjects with disease:Coronary Artery Disease,,100% Non-smoker,>65 years (range),,,air monitoring,,,air,hopane,0.34 nanograms per cubic meter,median,daily averages of 47 weeks of air monitoring,United States,California,Los Angeles air basin,,,,,,
23717615,,,genetics,Environmental,hopane,traffic-related air pollution,,,60,Subjects with disease:Coronary Artery Disease,,100% Non-smoker,>65 years (range),,,air monitoring,,,air,hopane,0.32 nanograms per cubic meter,interquartile range,daily averages of 47 weeks of air monitoring,United States,California,Los Angeles air basin,,,,,,
23717615,,,genetics,Environmental,hopane,traffic-related air pollution,,,60,Subjects with disease:Coronary Artery Disease,,100% Non-smoker,>65 years (range),,,air monitoring,,,air,hopane,0.1 nanograms per cubic meter,minimum,daily averages of 47 weeks of air monitoring,United States,California,Los Angeles air basin,,,,,,
23717615,,,genetics,Environmental,hopane,traffic-related air pollution,,,60,Subjects with disease:Coronary Artery Disease,,100% Non-smoker,>65 years (range),,,air monitoring,,,air,hopane,1.45 nanograms per cubic meter,maximum,daily averages of 47 weeks of air monitoring,United States,California,Los Angeles air basin,,,,,,
25564368,Cardiovascular Health and Air Pollution Study,,,Environmental,hopane,,,particulate matter with aerodynamic diameter 0.25 - 2.5 microns,43,Subjects with disease:Coronary Artery Disease,,Non-smoker,84.7 years (mean),47% Males (Only)|54% Females (Only),2% Hispanic|98% White,,,,air,hopane,0.49 nanograms per cubic meter,mean,,United States,California,Los Angeles air basin,,,,,,
25564368,Cardiovascular Health and Air Pollution Study,,,Environmental,hopane,,,particulate matter with aerodynamic diameter 0.25 - 2.5 microns,43,Subjects with disease:Coronary Artery Disease,,Non-smoker,84.7 years (mean),47% Males (Only)|54% Females (Only),2% Hispanic|98% White,,,,air,hopane,0.39 nanograms per cubic meter,median,,United States,California,Los Angeles air basin,,,,,,
25564368,Cardiovascular Health and Air Pollution Study,,,Environmental,hopane,,,particulate matter with aerodynamic diameter 0.25 - 2.5 microns,43,Subjects with disease:Coronary Artery Disease,,Non-smoker,84.7 years (mean),47% Males (Only)|54% Females (Only),2% Hispanic|98% White,,,,air,hopane,0.25 nanograms per cubic meter,interquartile range,,United States,California,Los Angeles air basin,,,,,,
25564368,Cardiovascular Health and Air Pollution Study,,,Environmental,hopane,,,particulate matter with aerodynamic diameter 0.25 - 2.5 microns,43,Subjects with disease:Coronary Artery Disease,,Non-smoker,84.7 years (mean),47% Males (Only)|54% Females (Only),2% Hispanic|98% White,,,,air,hopane,0.16 nanograms per cubic meter,minimum,,United States,California,Los Angeles air basin,,,,,,
25564368,Cardiovascular Health and Air Pollution Study,,,Environmental,hopane,,,particulate matter with aerodynamic diameter 0.25 - 2.5 microns,43,Subjects with disease:Coronary Artery Disease,,Non-smoker,84.7 years (mean),47% Males (Only)|54% Females (Only),2% Hispanic|98% White,,,,air,hopane,1.45 nanograms per cubic meter,maximum,,United States,California,Los Angeles air basin,,,,,,
25564368,Cardiovascular Health and Air Pollution Study,,,Environmental,hopane,,,particulate matter with aerodynamic diameter 0.25 microns,43,Subjects with disease:Coronary Artery Disease,,Non-smoker,84.7 years (mean),47% Males (Only)|54% Females (Only),2% Hispanic|98% White,,,,air,hopane,0.33 nanograms per cubic meter,mean,,United States,California,Los Angeles air basin,,,,,,
25564368,Cardiovascular Health and Air Pollution Study,,,Environmental,hopane,,,particulate matter with aerodynamic diameter 0.25 microns,43,Subjects with disease:Coronary Artery Disease,,Non-smoker,84.7 years (mean),47% Males (Only)|54% Females (Only),2% Hispanic|98% White,,,,air,hopane,0.25 nanograms per cubic meter,median,,United States,California,Los Angeles air basin,,,,,,
25564368,Cardiovascular Health and Air Pollution Study,,,Environmental,hopane,,,particulate matter with aerodynamic diameter 0.25 microns,43,Subjects with disease:Coronary Artery Disease,,Non-smoker,84.7 years (mean),47% Males (Only)|54% Females (Only),2% Hispanic|98% White,,,,air,hopane,0.44 nanograms per cubic meter,interquartile range,,United States,California,Los Angeles air basin,,,,,,
25564368,Cardiovascular Health and Air Pollution Study,,,Environmental,hopane,,,particulate matter with aerodynamic diameter 0.25 microns,43,Subjects with disease:Coronary Artery Disease,,Non-smoker,84.7 years (mean),47% Males (Only)|54% Females (Only),2% Hispanic|98% White,,,,air,hopane,0.06 nanograms per cubic meter,minimum,,United States,California,Los Angeles air basin,,,,,,
25564368,Cardiovascular Health and Air Pollution Study,,,Environmental,hopane,,,particulate matter with aerodynamic diameter 0.25 microns,43,Subjects with disease:Coronary Artery Disease,,Non-smoker,84.7 years (mean),47% Males (Only)|54% Females (Only),2% Hispanic|98% White,,,,air,hopane,1.57 nanograms per cubic meter,maximum,,United States,California,Los Angeles air basin,,,,,,
29467104,Aerosol Research and Inhalation Epidemiology Study (ARIES),1998-2013,,Environmental,Iron,air pollution,,,,Study subjects,,,,,,Poisson regression analysis,,,,,,,,United States,Georgia,Atlanta,,positive correlation,Cardiovascular Diseases,,,"relative risk = 1.012 (95% CI: 1.005, 1.019) per interquartile range increase (20.46 nanograms per cubic meter)"
16299096,,1998-1999,,Environmental,Iron,personal,225,,36,Subjects with disease:Cardiovascular Diseases,,Non-smoker,50-84 years (range),,,energy dispersive x-ray fluorescence,,,air,Iron,57 nanograms per cubic meter,median,personal exposure monitoring,Netherlands,,Amsterdam,,,,,,
16299096,,1998-1999,,Environmental,Iron,personal,225,,36,Subjects with disease:Cardiovascular Diseases,,Non-smoker,50-84 years (range),,,energy dispersive x-ray fluorescence,,,air,Iron,7.4 nanograms per cubic meter,minimum,personal exposure monitoring,Netherlands,,Amsterdam,,,,,,
16299096,,1998-1999,,Environmental,Iron,personal,225,,36,Subjects with disease:Cardiovascular Diseases,,Non-smoker,50-84 years (range),,,energy dispersive x-ray fluorescence,,,air,Iron,605 nanograms per cubic meter,maximum,personal exposure monitoring,Netherlands,,Amsterdam,,,,,,
16299096,,1998-1999,,Environmental,Iron,personal,238,,46,Subjects with disease:Cardiovascular Diseases,,Non-smoker,50-84 years (range),,,energy dispersive x-ray fluorescence,,,air,Iron,41.6 nanograms per cubic meter,median,personal exposure monitoring,Finland,,Helinski,,,,,,
16299096,,1998-1999,,Environmental,Iron,personal,238,,46,Subjects with disease:Cardiovascular Diseases,,Non-smoker,50-84 years (range),,,energy dispersive x-ray fluorescence,,,air,Iron,1 nanograms per cubic meter,minimum,personal exposure monitoring,Finland,,Helinski,,,,,,
16299096,,1998-1999,,Environmental,Iron,personal,238,,46,Subjects with disease:Cardiovascular Diseases,,Non-smoker,50-84 years (range),,,energy dispersive x-ray fluorescence,,,air,Iron,324 nanograms per cubic meter,maximum,personal exposure monitoring,Finland,,Helinski,,,,,,
25633926,California Teachers Study,2001-2007,,Environmental,Iron,,,iron in ultrafine particulate matter with aerodynamic diameter size <= 0.1 microns,"101,884",Study subjects,,5% Current smoker|27% Former smoker|68% Non-smoker,57.3 years (mean),100% Females (Only),86% White,Cox proportional hazards regression analysis,,,,,,,,United States,California,,,positive correlation,Myocardial Ischemia,,,
25867198,,2013-2014,,Environmental,Iron,,,,142,Controls for disease:Hypertension,,,50-75 years (range),100% Males (Only),,inductively coupled argon plasma optical emission spectrometry,,,blood,Iron,1.21 milligrams per liter,arithmetic mean,,Poland,,,,,,,,
25867198,,2013-2014,,Environmental,Iron,,,,142,Controls for disease:Hypertension,,,50-75 years (range),100% Males (Only),,inductively coupled argon plasma optical emission spectrometry,,,blood,Iron,1.25 milligrams per liter,median,,Poland,,,,,,,,
25867198,,2013-2014,,Environmental,Iron,,,,142,Controls for disease:Hypertension,,,50-75 years (range),100% Males (Only),,inductively coupled argon plasma optical emission spectrometry,,,blood,Iron,0.28 milligrams per liter,minimum,,Poland,,,,,,,,
25867198,,2013-2014,,Environmental,Iron,,,,142,Controls for disease:Hypertension,,,50-75 years (range),100% Males (Only),,inductively coupled argon plasma optical emission spectrometry,,,blood,Iron,2.38 milligrams per liter,maximum,,Poland,,,,,,,,
25867198,,2013-2014,,Environmental,Iron,,,,171,Subjects with disease:Hypertension,,,50-75 years (range),100% Males (Only),,inductively coupled argon plasma optical emission spectrometry,,,blood,Iron,1.21 milligrams per liter,arithmetic mean,,Poland,,,,,,,,
25867198,,2013-2014,,Environmental,Iron,,,,171,Subjects with disease:Hypertension,,,50-75 years (range),100% Males (Only),,inductively coupled argon plasma optical emission spectrometry,,,blood,Iron,1.07 milligrams per liter,median,,Poland,,,,,,,,
25867198,,2013-2014,,Environmental,Iron,,,,171,Subjects with disease:Hypertension,,,50-75 years (range),100% Males (Only),,inductively coupled argon plasma optical emission spectrometry,,,blood,Iron,0.29 milligrams per liter,minimum,,Poland,,,,,,,,
25867198,,2013-2014,,Environmental,Iron,,,,171,Subjects with disease:Hypertension,,,50-75 years (range),100% Males (Only),,inductively coupled argon plasma optical emission spectrometry,,,blood,Iron,3.4 milligrams per liter,maximum,,Poland,,,,,,,,
26629599,American Cancer Society Cancer Prevention Study II (ACS CPS-II),1982-2004,,Environmental,Iron,,,,"445,860",Study subjects,,Current smoker|Former smoker|Non-smoker,56.6 years (mean),Both Males and Females,94% White,Cox proportional hazard models,,,,,,,,United States,,,,positive correlation,Myocardial Ischemia,,,
29064788,Dongfeng-Tongji (DFTJ) Cohort,2008-2010,,Occupational,Iron,,,,"1,621",Controls for disease:Coronary Disease,employed at Dongfeng Motor Corporation,19% Current smoker|11% Former smoker|70% Never smoker,65.6 years (mean),49% Males (Only)|51% Females (Only),,inductively coupled plasma mass spectrometry,,,plasma,Iron,1183.21 micrograms per liter,median,,China,,Shiyan,,,,,,
29064788,Dongfeng-Tongji (DFTJ) Cohort,2008-2010,,Occupational,Iron,,,,"1,621",Controls for disease:Coronary Disease,employed at Dongfeng Motor Corporation,19% Current smoker|11% Former smoker|70% Never smoker,65.6 years (mean),49% Males (Only)|51% Females (Only),,inductively coupled plasma mass spectrometry,,,plasma,Iron,958.77 micrograms per liter,25th percentile,,China,,Shiyan,,,,,,
29064788,Dongfeng-Tongji (DFTJ) Cohort,2008-2010,,Occupational,Iron,,,,"1,621",Controls for disease:Coronary Disease,employed at Dongfeng Motor Corporation,19% Current smoker|11% Former smoker|70% Never smoker,65.6 years (mean),49% Males (Only)|51% Females (Only),,inductively coupled plasma mass spectrometry,,,plasma,Iron,1483.43 micrograms per liter,75th percentile,,China,,Shiyan,,,,,,
29064788,Dongfeng-Tongji (DFTJ) Cohort,2008-2010,,Occupational,Iron,,,,"1,621",Subjects with disease:Coronary Disease,employed at Dongfeng Motor Corporation,21% Current smoker|13% Former smoker|66% Never smoker,65.7 years (mean),49% Males (Only)|51% Females (Only),,inductively coupled plasma mass spectrometry,,,plasma,Iron,1202.71 micrograms per liter,median,,China,,Shiyan,,,,,,
29064788,Dongfeng-Tongji (DFTJ) Cohort,2008-2010,,Occupational,Iron,,,,"1,621",Subjects with disease:Coronary Disease,employed at Dongfeng Motor Corporation,21% Current smoker|13% Former smoker|66% Never smoker,65.7 years (mean),49% Males (Only)|51% Females (Only),,inductively coupled plasma mass spectrometry,,,plasma,Iron,976.27 micrograms per liter,25th percentile,,China,,Shiyan,,,,,,
29064788,Dongfeng-Tongji (DFTJ) Cohort,2008-2010,,Occupational,Iron,,,,"1,621",Subjects with disease:Coronary Disease,employed at Dongfeng Motor Corporation,21% Current smoker|13% Former smoker|66% Never smoker,65.7 years (mean),49% Males (Only)|51% Females (Only),,inductively coupled plasma mass spectrometry,,,plasma,Iron,1471.85 micrograms per liter,75th percentile,,China,,Shiyan,,,,,,
22536276,,,age,Commercial product|Environmental|Occupational,Lead,Pesticide Application,,,,Controls for disease:Hypertension,Farmers,,<60 years (range),Males (Only),,inductively coupled plasma mass spectrometry | survey method,,,nail,Lead,6.222 micrograms per gram,mean,,Malaysia,,Kedah,,,,,,
22536276,,,age,Commercial product|Environmental|Occupational,Lead,Pesticide Application,,,,Subjects with disease:Hypertension,Farmers,,<60 years (range),Males (Only),,inductively coupled plasma mass spectrometry | survey method,,,nail,Lead,6.999 micrograms per gram,mean,,Malaysia,,Kedah,,,,,,
25224535,,2003-2008,,Dietary,Lead,,,,"688,532",Infants or newborns,,,,,,,,,,,,,,United States,North Carolina,,,prediction/hypothesis,Hypoplastic Left Heart Syndrome,,,
30031113,,2010-2011,,Environmental,Lead,,,,13,Subjects with disease:Scimitar Syndrome,fetal subset of CHD,,,,,inductively coupled plasma mass spectrometry,0.01 nanograms per milliliter,,"serum, cord",Lead,6.94 nanograms per milliliter,25th percentile,fetal subset of CHD,China,,,,,,,,
30031113,,2010-2011,,Environmental,Lead,,,,13,Subjects with disease:Scimitar Syndrome,fetal subset of CHD,,,,,inductively coupled plasma mass spectrometry,0.01 nanograms per milliliter,,"serum, cord",Lead,7.63 nanograms per milliliter,median,fetal subset of CHD,China,,,,,,,,
30031113,,2010-2011,,Environmental,Lead,,,,13,Subjects with disease:Scimitar Syndrome,fetal subset of CHD,,,,,inductively coupled plasma mass spectrometry,0.01 nanograms per milliliter,,"serum, cord",Lead,9.84 nanograms per milliliter,75th percentile,fetal subset of CHD,China,,,,,,,,
30031113,,2010-2011,,Environmental,Lead,,,,17,Subjects with disease:Ventricular Outflow Obstruction,"fetal subset of CHD, left-sided outflow tract deformity",,,,,inductively coupled plasma mass spectrometry,0.01 nanograms per milliliter,,"serum, cord",Lead,7.12 nanograms per milliliter,25th percentile,"fetal subset of CHD, left-sided outflow tract deformity",China,,,,,,,,
30031113,,2010-2011,,Environmental,Lead,,,,17,Subjects with disease:Ventricular Outflow Obstruction,"fetal subset of CHD, left-sided outflow tract deformity",,,,,inductively coupled plasma mass spectrometry,0.01 nanograms per milliliter,,"serum, cord",Lead,7.7 nanograms per milliliter,median,"fetal subset of CHD, left-sided outflow tract deformity",China,,,,,,,,
30031113,,2010-2011,,Environmental,Lead,,,,17,Subjects with disease:Ventricular Outflow Obstruction,"fetal subset of CHD, left-sided outflow tract deformity",,,,,inductively coupled plasma mass spectrometry,0.01 nanograms per milliliter,,"serum, cord",Lead,8.53 nanograms per milliliter,75th percentile,"fetal subset of CHD, left-sided outflow tract deformity",China,,,,,,,,
30031113,,2010-2011,,Environmental,Lead,,,,38,Subjects with disease:Ventricular Outflow Obstruction,"fetal subset of CHD, right-sided outflow tract deformity",,,,,inductively coupled plasma mass spectrometry,0.01 nanograms per milliliter,,"serum, cord",Lead,6.6 nanograms per milliliter,25th percentile,"fetal subset of CHD, right-sided outflow tract deformity",China,,,,,,,,
30031113,,2010-2011,,Environmental,Lead,,,,38,Subjects with disease:Ventricular Outflow Obstruction,"fetal subset of CHD, right-sided outflow tract deformity",,,,,inductively coupled plasma mass spectrometry,0.01 nanograms per milliliter,,"serum, cord",Lead,7.66 nanograms per milliliter,median,"fetal subset of CHD, right-sided outflow tract deformity",China,,,,,,,,
30031113,,2010-2011,,Environmental,Lead,,,,38,Subjects with disease:Ventricular Outflow Obstruction,"fetal subset of CHD, right-sided outflow tract deformity",,,,,inductively coupled plasma mass spectrometry,0.01 nanograms per milliliter,,"serum, cord",Lead,8.75 nanograms per milliliter,75th percentile,"fetal subset of CHD, right-sided outflow tract deformity",China,,,,,,,,
30031113,,2010-2011,,Environmental,Lead,,,,50,Subjects with disease:Conotruncal cardiac defects,fetal subset of CHD,,,,,inductively coupled plasma mass spectrometry,0.01 nanograms per milliliter,,"serum, cord",Lead,6.7 nanograms per milliliter,25th percentile,fetal subset of CHD,China,,,,,,,,
30031113,,2010-2011,,Environmental,Lead,,,,50,Subjects with disease:Conotruncal cardiac defects,fetal subset of CHD,,,,,inductively coupled plasma mass spectrometry,0.01 nanograms per milliliter,,"serum, cord",Lead,7.85 nanograms per milliliter,median,fetal subset of CHD,China,,,,,,,,
30031113,,2010-2011,,Environmental,Lead,,,,50,Subjects with disease:Conotruncal cardiac defects,fetal subset of CHD,,,,,inductively coupled plasma mass spectrometry,0.01 nanograms per milliliter,,"serum, cord",Lead,8.75 nanograms per milliliter,75th percentile,fetal subset of CHD,China,,,,,,,,
28431391,,,,Environmental,Lead,,,,63,Subjects with disease:Coronary Artery Disease,,,59.29 years (mean),56% Males (Only)|44% Females (Only),,graphite furnace atomic absorption spectroscopy with Zeeman correction,,,serum,Lead,12.54 micrograms per liter,mean,,"Iran, Islamic Republic of",,,,,,,,
28431391,,,,Environmental,Lead,,,,63,Subjects with disease:Coronary Artery Disease,,,59.29 years (mean),56% Males (Only)|44% Females (Only),,graphite furnace atomic absorption spectroscopy with Zeeman correction,,,serum,Lead,8.19 micrograms per liter,mean,"adjusted for gender, hypertension, diabetes and dyslipidemia","Iran, Islamic Republic of",,,,,,,,
28431391,,,,Environmental,Lead,,,,64,Controls for disease:Coronary Artery Disease,,,57.81 years (mean),34% Males (Only)|66% Females (Only),,graphite furnace atomic absorption spectroscopy with Zeeman correction,,,serum,Lead,5.89 micrograms per liter,mean,,"Iran, Islamic Republic of",,,,,,,,
28431391,,,,Environmental,Lead,,,,64,Controls for disease:Coronary Artery Disease,,,57.81 years (mean),34% Males (Only)|66% Females (Only),,graphite furnace atomic absorption spectroscopy with Zeeman correction,,,serum,Lead,3.69 micrograms per liter,mean,"adjusted for gender, hypertension, diabetes and dyslipidemia","Iran, Islamic Republic of",,,,,,,,
30031113,,2010-2011,,Environmental,Lead,,,,64,Subjects with disease:Heart Septal Defects,fetal subset of CHD,,,,,inductively coupled plasma mass spectrometry,0.01 nanograms per milliliter,,"serum, cord",Lead,6.76 nanograms per milliliter,25th percentile,fetal subset of CHD,China,,,,,,,,
30031113,,2010-2011,,Environmental,Lead,,,,64,Subjects with disease:Heart Septal Defects,fetal subset of CHD,,,,,inductively coupled plasma mass spectrometry,0.01 nanograms per milliliter,,"serum, cord",Lead,7.84 nanograms per milliliter,median,fetal subset of CHD,China,,,,,,,,
30031113,,2010-2011,,Environmental,Lead,,,,64,Subjects with disease:Heart Septal Defects,fetal subset of CHD,,,,,inductively coupled plasma mass spectrometry,0.01 nanograms per milliliter,,"serum, cord",Lead,9.24 nanograms per milliliter,75th percentile,fetal subset of CHD,China,,,,,,,,
30031113,,2010-2011,,Environmental,Lead,,,,97,"Subjects with disease:Heart Defects, Congenital",all fetal cases of CHD,,,47% Males (Only)|46% Females (Only),,inductively coupled plasma mass spectrometry,0.01 nanograms per milliliter,,"serum, cord",Lead,6.9 nanograms per milliliter,25th percentile,cases,China,,,,,,,,
30031113,,2010-2011,,Environmental,Lead,,,,97,"Subjects with disease:Heart Defects, Congenital",all fetal cases of CHD,,,47% Males (Only)|46% Females (Only),,inductively coupled plasma mass spectrometry,0.01 nanograms per milliliter,,"serum, cord",Lead,7.91 nanograms per milliliter,median,cases,China,,,,,,,,
30031113,,2010-2011,,Environmental,Lead,,,,97,"Subjects with disease:Heart Defects, Congenital",all fetal cases of CHD,,,47% Males (Only)|46% Females (Only),,inductively coupled plasma mass spectrometry,0.01 nanograms per milliliter,,"serum, cord",Lead,9.22 nanograms per milliliter,75th percentile,cases,China,,,,,,,,
32763807,,2018-2019,,Environmental,Lead,,,,98,Pregnant females,,90% Never smoker,34 years (median),100% Females (Only),11% Asian|7% Black|12% Other|69% White,log-binomial regression analysis,,,,,,,,United States,,Boston,,no correlation,"Hypertension, Pregnancy-Induced",,,lead exposure was not an important contributor to hypertensive disorders of pregnancy in this population
28431391,,,,Environmental,Lead,,,,127,Study subjects,mix of 63 subjects and 64 controls for Coronary Artery Disease,,50-70 years (range),45% Males (Only)|55% Females (Only),,binary logistic regression analysis,,,,,,,,"Iran, Islamic Republic of",,,,positive correlation,Coronary Artery Disease,,,
25867198,,2013-2014,,Environmental,Lead,,,,142,Controls for disease:Hypertension,,,50-75 years (range),100% Males (Only),,inductively coupled argon plasma optical emission spectrometry,,,blood,Lead,73.07 micrograms per liter,arithmetic mean,,Poland,,,,,,,,
25867198,,2013-2014,,Environmental,Lead,,,,142,Controls for disease:Hypertension,,,50-75 years (range),100% Males (Only),,inductively coupled argon plasma optical emission spectrometry,,,blood,Lead,74.05 micrograms per liter,median,,Poland,,,,,,,,
25867198,,2013-2014,,Environmental,Lead,,,,142,Controls for disease:Hypertension,,,50-75 years (range),100% Males (Only),,inductively coupled argon plasma optical emission spectrometry,,,blood,Lead,24.3 micrograms per liter,minimum,,Poland,,,,,,,,
25867198,,2013-2014,,Environmental,Lead,,,,142,Controls for disease:Hypertension,,,50-75 years (range),100% Males (Only),,inductively coupled argon plasma optical emission spectrometry,,,blood,Lead,138.5 micrograms per liter,maximum,,Poland,,,,,,,,
25867198,,2013-2014,,Environmental,Lead,,,,171,Subjects with disease:Hypertension,,,50-75 years (range),100% Males (Only),,inductively coupled argon plasma optical emission spectrometry,,,blood,Lead,77.07 micrograms per liter,arithmetic mean,,Poland,,,,,,,,
25867198,,2013-2014,,Environmental,Lead,,,,171,Subjects with disease:Hypertension,,,50-75 years (range),100% Males (Only),,inductively coupled argon plasma optical emission spectrometry,,,blood,Lead,71.11 micrograms per liter,median,,Poland,,,,,,,,
25867198,,2013-2014,,Environmental,Lead,,,,171,Subjects with disease:Hypertension,,,50-75 years (range),100% Males (Only),,inductively coupled argon plasma optical emission spectrometry,,,blood,Lead,26.1 micrograms per liter,minimum,,Poland,,,,,,,,
25867198,,2013-2014,,Environmental,Lead,,,,171,Subjects with disease:Hypertension,,,50-75 years (range),100% Males (Only),,inductively coupled argon plasma optical emission spectrometry,,,blood,Lead,161.5 micrograms per liter,maximum,,Poland,,,,,,,,
30031113,,2010-2011,,Environmental,Lead,,,,201,"Controls for disease:Heart Defects, Congenital",fetal controls,,,52% Males (Only)|46% Females (Only),,inductively coupled plasma mass spectrometry,0.01 nanograms per milliliter,,"serum, cord",Lead,6.52 nanograms per milliliter,25th percentile,controls,China,,,,,,,,
30031113,,2010-2011,,Environmental,Lead,,,,201,"Controls for disease:Heart Defects, Congenital",fetal controls,,,52% Males (Only)|46% Females (Only),,inductively coupled plasma mass spectrometry,0.01 nanograms per milliliter,,"serum, cord",Lead,7.4 nanograms per milliliter,median,controls,China,,,,,,,,
30031113,,2010-2011,,Environmental,Lead,,,,201,"Controls for disease:Heart Defects, Congenital",fetal controls,,,52% Males (Only)|46% Females (Only),,inductively coupled plasma mass spectrometry,0.01 nanograms per milliliter,,"serum, cord",Lead,8.77 nanograms per milliliter,75th percentile,controls,China,,,,,,,,
20693268,National Health and Nutrition Examination Survey (NHANES),1999-2004,sex,Environmental,Lead,,,,223,Subjects with disease:Peripheral Arterial Disease,,,67.9 years (mean),Females (Only),15% Black|3% Mexican-American|78% White,atomic absorption spectrometry | inductively coupled plasma-mass spectrometry,,,blood,Lead,1.99 micrograms per deciliter,geometric mean,,United States,,,,,,,,
17687441,Normative Aging Study (NAS),1987-2004,,Environmental,Lead,,,,237,Controls for disease:Hypertension,,,66.2 years (mean),Males (Only),,K-shell X-ray fluorescence,,,bone,Lead,22.3 micrograms per gram,mean,,United States,Massachusetts,Boston,,,,,,
17687441,Normative Aging Study (NAS),1987-2004,,Environmental,Lead,,,,237,Controls for disease:Hypertension,,,66.2 years (mean),Males (Only),,K-shell X-ray fluorescence,,,"bone, patella",Lead,32.5 micrograms per gram,mean,,United States,Massachusetts,Boston,,,,,,
17687441,Normative Aging Study (NAS),1987-2004,,Environmental,Lead,,,,237,Controls for disease:Hypertension,,,66.2 years (mean),Males (Only),,K-shell X-ray fluorescence,,,blood,Lead,6.3 micrograms per deciliter,mean,,United States,Massachusetts,Boston,,,,,,
20693268,National Health and Nutrition Examination Survey (NHANES),1999-2004,sex,Environmental,Lead,,,,245,Subjects with disease:Peripheral Arterial Disease,,,67.6 years (mean),Males (Only),13% Black|4% Mexican-American|80% White,atomic absorption spectrometry | inductively coupled plasma-mass spectrometry,,,blood,Lead,2.81 micrograms per deciliter,geometric mean,,United States,,,,,,,,
17687441,Normative Aging Study (NAS),1987-2004,,Environmental,Lead,,,,276,Subjects with disease:Hypertension,,,67.5 years (mean),Males (Only),,K-shell X-ray fluorescence,,,bone,Lead,22.3 micrograms per gram,mean,,United States,Massachusetts,Boston,,,,,,
17687441,Normative Aging Study (NAS),1987-2004,,Environmental,Lead,,,,276,Subjects with disease:Hypertension,,,67.5 years (mean),Males (Only),,K-shell X-ray fluorescence,,,"bone, patella",Lead,32.5 micrograms per gram,mean,,United States,Massachusetts,Boston,,,,,,
17687441,Normative Aging Study (NAS),1987-2004,,Environmental,Lead,,,,276,Subjects with disease:Hypertension,,,67.5 years (mean),Males (Only),,K-shell X-ray fluorescence,,,blood,Lead,6.3 micrograms per deciliter,mean,,United States,Massachusetts,Boston,,,,,,
20123609,National Health and Nutrition Examination Survey (NHANES),1991-1994,genetics | race,Environmental,Lead,,,,372,Subjects with gene influence:ALAD,"non-Hispanic whites, with ALAD1-2/2-2 genotype",,,Both Males and Females,100% White,graphite furnace atomic absorption spectrophotometry,,,blood,Lead,,,,United States,,,,positive correlation,Hypertension,,,non-Hispanic white ALAD2 carriers in the highest blood lead level quartile (3.852.9 microg/dL) had a significantly higher adjusted prevalence odds ratio for hypertension
22142875,Normative Aging Study (NAS),1999-2008,genetics,Environmental,Lead,,,,426,Study subjects,,,,Males (Only),,,,,serum,TNFRSF1B,,,,United States,Massachusetts,Boston,,prediction/hypothesis,Cardiovascular Diseases,,,
28292314,,2011-2011,age | race | sex | tobacco,Environmental,Lead,,,,429,Controls for disease:Hypertension,,23% Current smoker|23% Former smoker,50.9 years (mean),47% Males (Only)|53% Females (Only),39% Other|61% White,inductively coupled plasma mass spectrometry,0.2 micrograms per deciliter,,blood,Lead,1.87 micrograms per deciliter,geometric mean,p = 0.029 across disease status,Brazil,,,,,,,,
17687441,Normative Aging Study (NAS),1987-2004,,Environmental,Lead,,,,513,Veterans,,,66.9 years (mean),Males (Only),,K-shell X-ray fluorescence,,,,,,,,United States,Massachusetts,Boston,,positive correlation,Hypertension,,,effect is exacerbated by stress
28292314,,2011-2011,age | race | sex | tobacco,Environmental,Lead,,,,519,Subjects with disease:Hypertension,,16% Current smoker|32% Former smoker,57.6 years (mean),42% Males (Only)|58% Females (Only),42% Other|58% White,inductively coupled plasma mass spectrometry,0.2 micrograms per deciliter,,blood,Lead,2.04 micrograms per deciliter,geometric mean,p = 0.029 across disease status,Brazil,,,,,,,,
28292314,,2011-2011,age | race | sex | tobacco,Environmental,Lead,,,,948,Study subjects,total cohort,19% Current smoker|28% Former smoker|53% Never smoker,54.5 years (mean),44% Males (Only)|56% Females (Only),41% Other|59% White,multiple linear and logistic regression models,,,blood,Lead,,,,Brazil,,,,positive correlation,Hypertension,,,"adjusted OR = 2.54 (95% CI: 1.17, 5.53) comparing the highest to the lowest blood lead quartiles, and OR = 2.77 (95% CI: 1.41, 5.46) comparing 90th percentile to 10th percentile"
20123609,National Health and Nutrition Examination Survey (NHANES),1991-1994,genetics | race,Environmental,Lead,,,,"1,670",Study subjects,non-Hispanic blacks,,,Both Males and Females,100% Black,graphite furnace atomic absorption spectrophotometry,,,blood,Lead,,,,United States,,,,positive correlation,Hypertension,,,in non-Hispanic blacks
31808705,Malmo Diet and Cancer Study,1991-1994,age,Environmental,Lead,,,,"1,862",Study subjects,postmenopausal,,60 years (mean),100% Females (Only),,logistic regression analysis,,,,,,,,Sweden,,,,positive correlation,Atherosclerosis,,,"in postmenopausal women, positive association between highest vs lowest quartile of blood lead levels and atherosclerotic plaque odds ratio  = 1.72 (95% CI: 1.26, 2.34)"
20693268,National Health and Nutrition Examination Survey (NHANES),1999-2004,sex,Environmental,Lead,,,,"2,900",Controls for disease:Peripheral Arterial Disease,,,56.1 years (mean),Females (Only),9% Black|4% Mexican-American|78% White,atomic absorption spectrometry | inductively coupled plasma-mass spectrometry,,,blood,Lead,1.54 micrograms per deciliter,geometric mean,,United States,,,,,,,,
20693268,National Health and Nutrition Examination Survey (NHANES),1999-2004,sex,Environmental,Lead,,,,"3,088",Controls for disease:Peripheral Arterial Disease,,,54.7 years (mean),Males (Only),8% Black|5% Mexican-American|81% White,atomic absorption spectrometry | inductively coupled plasma-mass spectrometry,,,blood,Lead,2.26 micrograms per deciliter,geometric mean,,United States,,,,,,,,
31808705,Malmo Diet and Cancer Study,1991-1994,age,Environmental,Lead,,,,"4,172",Study subjects,,26% Current smoker|34% Former smoker|40% Never smoker,57 years (mean),40% Males (Only)|60% Females (Only),,logistic regression analysis,,,,,,,,Sweden,,,,positive correlation,Atherosclerosis,,,"in total group, positive association between highest vs lowest quartile of blood lead levels and atherosclerotic plaque odds ratio  = 1.35 (95% CI: 1.09, 1.66)"
26629599,American Cancer Society Cancer Prevention Study II (ACS CPS-II),1982-2004,,Environmental,Lead,,,,"445,860",Study subjects,,Current smoker|Former smoker|Non-smoker,56.6 years (mean),Both Males and Females,94% White,Cox proportional hazard models,,,,,,,,United States,,,,positive correlation,Myocardial Ischemia,,,
19952788,National Health and Nutrition Examination Survey (NHANES),1988-1994,age | sex,Environmental,Lead,,,,,Study subjects,,,<50 years (range),Females (Only),,graphite furnace atomic absorption spectrometry | K-shell X-ray fluorescence,1 micrograms per deciliter,,blood,Lead,,,,United States,,,,positive correlation,Hypertension,,,
19952788,National Health and Nutrition Examination Survey (NHANES),1988-1994,age | sex,Environmental,Lead,,,,,Study subjects,,,>=50 years (range),Males (Only),,graphite furnace atomic absorption spectrometry | K-shell X-ray fluorescence,1 micrograms per deciliter,,blood,Lead,,,,United States,,,,positive correlation,Hypertension,,,
19952788,National Health and Nutrition Examination Survey (NHANES),1988-1994,age | sex,Environmental,Lead,,,,,Study subjects,,,,Both Males and Females,,graphite furnace atomic absorption spectrometry | K-shell X-ray fluorescence,1 micrograms per deciliter,,bone,Lead,,,,United States,,,Reduced and 6-predictor models,prediction/hypothesis,Hypertension,,,
19952788,National Health and Nutrition Examination Survey (NHANES),1988-1994,age | sex,Environmental,Lead,,,,,Study subjects,,,,Males (Only),100% Black,graphite furnace atomic absorption spectrometry | K-shell X-ray fluorescence,1 micrograms per deciliter,,blood,Lead,,,,United States,,,,prediction/hypothesis,Hypertension,,,
19344498,Study of Osteoporotic Fractures (SOF),1986-1988,age | tobacco,Environmental|Occupational,Lead,,,,533,Study subjects,lead ancillary study participants,,72.5 years (mean),Females (Only),100% White,atomic absorption spectroscopy,,,blood,Lead,>8 micrograms per deciliter,mean,,United States,Maryland|Pennsylvania,,,prediction/hypothesis,Coronary Disease,,,
16882531,,2002-2002,genetics,Occupational,Lead,,,,597,Subjects with gene influence:PON1,lead-acid battery manufactory and a lead recycling plant,,40.2 years (mean),,,,,,blood,PON1,,,,"Taiwan, Province of China",,,,prediction/hypothesis,Atherosclerosis,,,
16882531,,2002-2002,genetics,Occupational,Lead,,,,597,Workers,lead-acid battery manufactory and a lead recycling plant,,40.2 years (mean),,,,,,blood,PON1,,,,"Taiwan, Province of China",,,,prediction/hypothesis,Atherosclerosis,,,
29064788,Dongfeng-Tongji (DFTJ) Cohort,2008-2010,,Occupational,Lead,,,,"1,621",Controls for disease:Coronary Disease,employed at Dongfeng Motor Corporation,19% Current smoker|11% Former smoker|70% Never smoker,65.6 years (mean),49% Males (Only)|51% Females (Only),,inductively coupled plasma mass spectrometry,,,plasma,Lead,13.12 micrograms per liter,median,,China,,Shiyan,,,,,,
29064788,Dongfeng-Tongji (DFTJ) Cohort,2008-2010,,Occupational,Lead,,,,"1,621",Controls for disease:Coronary Disease,employed at Dongfeng Motor Corporation,19% Current smoker|11% Former smoker|70% Never smoker,65.6 years (mean),49% Males (Only)|51% Females (Only),,inductively coupled plasma mass spectrometry,,,plasma,Lead,8.84 micrograms per liter,25th percentile,,China,,Shiyan,,,,,,
29064788,Dongfeng-Tongji (DFTJ) Cohort,2008-2010,,Occupational,Lead,,,,"1,621",Controls for disease:Coronary Disease,employed at Dongfeng Motor Corporation,19% Current smoker|11% Former smoker|70% Never smoker,65.6 years (mean),49% Males (Only)|51% Females (Only),,inductively coupled plasma mass spectrometry,,,plasma,Lead,20.71 micrograms per liter,75th percentile,,China,,Shiyan,,,,,,
29064788,Dongfeng-Tongji (DFTJ) Cohort,2008-2010,,Occupational,Lead,,,,"1,621",Subjects with disease:Coronary Disease,employed at Dongfeng Motor Corporation,21% Current smoker|13% Former smoker|66% Never smoker,65.7 years (mean),49% Males (Only)|51% Females (Only),,inductively coupled plasma mass spectrometry,,,plasma,Lead,13.76 micrograms per liter,median,,China,,Shiyan,,,,,,
29064788,Dongfeng-Tongji (DFTJ) Cohort,2008-2010,,Occupational,Lead,,,,"1,621",Subjects with disease:Coronary Disease,employed at Dongfeng Motor Corporation,21% Current smoker|13% Former smoker|66% Never smoker,65.7 years (mean),49% Males (Only)|51% Females (Only),,inductively coupled plasma mass spectrometry,,,plasma,Lead,9.52 micrograms per liter,25th percentile,,China,,Shiyan,,,,,,
29064788,Dongfeng-Tongji (DFTJ) Cohort,2008-2010,,Occupational,Lead,,,,"1,621",Subjects with disease:Coronary Disease,employed at Dongfeng Motor Corporation,21% Current smoker|13% Former smoker|66% Never smoker,65.7 years (mean),49% Males (Only)|51% Females (Only),,inductively coupled plasma mass spectrometry,,,plasma,Lead,23.05 micrograms per liter,75th percentile,,China,,Shiyan,,,,,,
14515052,,,tobacco,Residential,Lead,residential exposure to ambient lead,,,203,Subjects with disease:Myocardial Infarction,,Current smoker|Non-smoker,25-64 years (range),100% Males (Only),,multivariate logistic regression analysis,,,,Lead,>0.225 micrograms per cubic meter,,,Lithuania,,Kaunas,,positive correlation,Myocardial Infarction,,,exposure to lead >0.225 micrograms per cubic meter increased risk of myocardial infarction by 12% (95% PI 0.94-1.34)
14515052,,,tobacco,Residential,Lead,residential exposure to ambient lead,,,376,Subjects with disease:Myocardial Infarction,,Current smoker|Non-smoker,25-64 years (range),100% Males (Only),,multivariate logistic regression analysis,,,,Lead,<=0.225 micrograms per cubic meter,,,Lithuania,,Kaunas,,,,,,
22203459,Italian Longitudinal Study on Aging (ILSA),1992-1996,,Medicinal,Lisinopril,,,,92,Subjects with disease:Hypertension,,,65-84 years (range),Both Males and Females,,,,,,,,,,Italy,,,,negative correlation,Cognitive Dysfunction,,,"enalapril combined with lisinopril associated with reduced risk of mild cognitive impairment in older hypertensive adults , hazard ratio = 0.27 (95% CI: 0.08, 0.96)"
15198925,,1991-1998,,Dietary|Environmental,Magnesium,drinking water,,,,Study subjects,,,,Both Males and Females,,rapid inquiry facility-based assessment,,,,,,,,Spain,,Comunidad Valenciana,,negative correlation,Cardiovascular Diseases,,,
15198925,,1991-1998,,Dietary|Environmental,Magnesium,drinking water,,,,Study subjects,,,,Females (Only),,rapid inquiry facility-based assessment,,,,,,,,Spain,,Comunidad Valenciana,,negative correlation,Cardiovascular Diseases,,,
15198925,,1991-1998,,Dietary|Environmental,Magnesium,drinking water,,,,Study subjects,,,,Females (Only),,rapid inquiry facility-based assessment,,,,,,,,Spain,,Comunidad Valenciana,,negative correlation,Cerebrovascular Disorders,,,
15198925,,1991-1998,,Dietary|Environmental,Magnesium,drinking water,,,,Study subjects,,,,Males (Only),,rapid inquiry facility-based assessment,,,,,,,,Spain,,Comunidad Valenciana,,prediction/hypothesis,Cardiovascular Diseases,,,
15198925,,1991-1998,,Dietary|Environmental,Magnesium,drinking water,,,,Study subjects,,,,Males (Only),,rapid inquiry facility-based assessment,,,,,,,,Spain,,Comunidad Valenciana,,prediction/hypothesis,Cerebrovascular Disorders,,,
25867198,,2013-2014,,Environmental,Magnesium,,,,142,Controls for disease:Hypertension,,,50-75 years (range),100% Males (Only),,inductively coupled argon plasma optical emission spectrometry,,,blood,Magnesium,21.36 milligrams per liter,arithmetic mean,,Poland,,,,,,,,
25867198,,2013-2014,,Environmental,Magnesium,,,,142,Controls for disease:Hypertension,,,50-75 years (range),100% Males (Only),,inductively coupled argon plasma optical emission spectrometry,,,blood,Magnesium,21.3 milligrams per liter,median,,Poland,,,,,,,,
25867198,,2013-2014,,Environmental,Magnesium,,,,142,Controls for disease:Hypertension,,,50-75 years (range),100% Males (Only),,inductively coupled argon plasma optical emission spectrometry,,,blood,Magnesium,16.6 milligrams per liter,minimum,,Poland,,,,,,,,
25867198,,2013-2014,,Environmental,Magnesium,,,,142,Controls for disease:Hypertension,,,50-75 years (range),100% Males (Only),,inductively coupled argon plasma optical emission spectrometry,,,blood,Magnesium,26.3 milligrams per liter,maximum,,Poland,,,,,,,,
25867198,,2013-2014,,Environmental,Magnesium,,,,171,Subjects with disease:Hypertension,,,50-75 years (range),100% Males (Only),,inductively coupled argon plasma optical emission spectrometry,,,blood,Magnesium,20.58 milligrams per liter,arithmetic mean,,Poland,,,,,,,,
25867198,,2013-2014,,Environmental,Magnesium,,,,171,Subjects with disease:Hypertension,,,50-75 years (range),100% Males (Only),,inductively coupled argon plasma optical emission spectrometry,,,blood,Magnesium,20.5 milligrams per liter,median,,Poland,,,,,,,,
25867198,,2013-2014,,Environmental,Magnesium,,,,171,Subjects with disease:Hypertension,,,50-75 years (range),100% Males (Only),,inductively coupled argon plasma optical emission spectrometry,,,blood,Magnesium,10 milligrams per liter,minimum,,Poland,,,,,,,,
25867198,,2013-2014,,Environmental,Magnesium,,,,171,Subjects with disease:Hypertension,,,50-75 years (range),100% Males (Only),,inductively coupled argon plasma optical emission spectrometry,,,blood,Magnesium,37.5 milligrams per liter,maximum,,Poland,,,,,,,,
25867198,,2013-2014,,Environmental,Magnesium,,,,313,Controls for disease:Hypertension,,,61.3 years (mean),100% Males (Only),,Spearman's rank correlation,,,blood,,,,,Poland,,,,negative correlation,Hypertension,,,
25867198,,2013-2014,,Environmental,Magnesium,,,,313,Subjects with disease:Hypertension,,,61.3 years (mean),100% Males (Only),,Spearman's rank correlation,,,blood,,,,,Poland,,,,negative correlation,Hypertension,,,
25224535,,2003-2008,,Dietary,Manganese,,,,"688,532",Infants or newborns,,,,,,,,,,,,,,United States,North Carolina,,,positive correlation,Conotruncal cardiac defects,,,
25867198,,2013-2014,,Environmental,Manganese,,,,142,Controls for disease:Hypertension,,,50-75 years (range),100% Males (Only),,inductively coupled argon plasma optical emission spectrometry,,,serum,Manganese,1.83 micrograms per liter,arithmetic mean,,Poland,,,,,,,,
25867198,,2013-2014,,Environmental,Manganese,,,,142,Controls for disease:Hypertension,,,50-75 years (range),100% Males (Only),,inductively coupled argon plasma optical emission spectrometry,,,serum,Manganese,1.63 micrograms per liter,median,,Poland,,,,,,,,
25867198,,2013-2014,,Environmental,Manganese,,,,142,Controls for disease:Hypertension,,,50-75 years (range),100% Males (Only),,inductively coupled argon plasma optical emission spectrometry,,,serum,Manganese,0.42 micrograms per liter,minimum,,Poland,,,,,,,,
25867198,,2013-2014,,Environmental,Manganese,,,,142,Controls for disease:Hypertension,,,50-75 years (range),100% Males (Only),,inductively coupled argon plasma optical emission spectrometry,,,serum,Manganese,8.95 micrograms per liter,maximum,,Poland,,,,,,,,
25867198,,2013-2014,,Environmental,Manganese,,,,171,Subjects with disease:Hypertension,,,50-75 years (range),100% Males (Only),,inductively coupled argon plasma optical emission spectrometry,,,serum,Manganese,1.86 micrograms per liter,arithmetic mean,,Poland,,,,,,,,
25867198,,2013-2014,,Environmental,Manganese,,,,171,Subjects with disease:Hypertension,,,50-75 years (range),100% Males (Only),,inductively coupled argon plasma optical emission spectrometry,,,serum,Manganese,1.62 micrograms per liter,median,,Poland,,,,,,,,
25867198,,2013-2014,,Environmental,Manganese,,,,171,Subjects with disease:Hypertension,,,50-75 years (range),100% Males (Only),,inductively coupled argon plasma optical emission spectrometry,,,serum,Manganese,0.12 micrograms per liter,minimum,,Poland,,,,,,,,
25867198,,2013-2014,,Environmental,Manganese,,,,171,Subjects with disease:Hypertension,,,50-75 years (range),100% Males (Only),,inductively coupled argon plasma optical emission spectrometry,,,serum,Manganese,10.75 micrograms per liter,maximum,,Poland,,,,,,,,
26629599,American Cancer Society Cancer Prevention Study II (ACS CPS-II),1982-2004,,Environmental,Manganese,,,,"445,860",Study subjects,,Current smoker|Former smoker|Non-smoker,56.6 years (mean),Both Males and Females,94% White,Cox proportional hazard models,,,,,,,,United States,,,,no correlation,Myocardial Ischemia,,,
29064788,Dongfeng-Tongji (DFTJ) Cohort,2008-2010,,Occupational,Manganese,,,,"1,621",Controls for disease:Coronary Disease,employed at Dongfeng Motor Corporation,19% Current smoker|11% Former smoker|70% Never smoker,65.6 years (mean),49% Males (Only)|51% Females (Only),,inductively coupled plasma mass spectrometry,,,plasma,Manganese,4.05 micrograms per liter,median,,China,,Shiyan,,,,,,
29064788,Dongfeng-Tongji (DFTJ) Cohort,2008-2010,,Occupational,Manganese,,,,"1,621",Controls for disease:Coronary Disease,employed at Dongfeng Motor Corporation,19% Current smoker|11% Former smoker|70% Never smoker,65.6 years (mean),49% Males (Only)|51% Females (Only),,inductively coupled plasma mass spectrometry,,,plasma,Manganese,2.97 micrograms per liter,25th percentile,,China,,Shiyan,,,,,,
29064788,Dongfeng-Tongji (DFTJ) Cohort,2008-2010,,Occupational,Manganese,,,,"1,621",Controls for disease:Coronary Disease,employed at Dongfeng Motor Corporation,19% Current smoker|11% Former smoker|70% Never smoker,65.6 years (mean),49% Males (Only)|51% Females (Only),,inductively coupled plasma mass spectrometry,,,plasma,Manganese,5.72 micrograms per liter,75th percentile,,China,,Shiyan,,,,,,
29064788,Dongfeng-Tongji (DFTJ) Cohort,2008-2010,,Occupational,Manganese,,,,"1,621",Subjects with disease:Coronary Disease,employed at Dongfeng Motor Corporation,21% Current smoker|13% Former smoker|66% Never smoker,65.7 years (mean),49% Males (Only)|51% Females (Only),,inductively coupled plasma mass spectrometry,,,plasma,Manganese,4.21 micrograms per liter,median,,China,,Shiyan,,,,,,
29064788,Dongfeng-Tongji (DFTJ) Cohort,2008-2010,,Occupational,Manganese,,,,"1,621",Subjects with disease:Coronary Disease,employed at Dongfeng Motor Corporation,21% Current smoker|13% Former smoker|66% Never smoker,65.7 years (mean),49% Males (Only)|51% Females (Only),,inductively coupled plasma mass spectrometry,,,plasma,Manganese,3.17 micrograms per liter,25th percentile,,China,,Shiyan,,,,,,
29064788,Dongfeng-Tongji (DFTJ) Cohort,2008-2010,,Occupational,Manganese,,,,"1,621",Subjects with disease:Coronary Disease,employed at Dongfeng Motor Corporation,21% Current smoker|13% Former smoker|66% Never smoker,65.7 years (mean),49% Males (Only)|51% Females (Only),,inductively coupled plasma mass spectrometry,,,plasma,Manganese,5.77 micrograms per liter,75th percentile,,China,,Shiyan,,,,,,
23824410,,2010-2011,age | alcohol drinking | diet | sex | tobacco,Dietary|Environmental,Mercury,non-occupational exposure,,,"2,114",Study subjects,entire cohort,,,44% Males (Only)|56% Females (Only),,thermal decomposition (gold) amalgamation atomic absorption spectrophotometry,,,blood,Mercury,,,,"Korea, Republic of",,,,positive correlation,Hypertension,,,
25374160,Modeling the Epidemiologic Transition Study (METS),2010-2011,alcohol drinking | diet | socioeconomic status | tobacco,Environmental,Mercury,,,,44,Study subjects,African descent,,24-45 years (range),Both Males and Females,,,,,,,,,,Ghana|Jamaica|Seychelles|South Africa|United States,,,,prediction/hypothesis,Cardiovascular Diseases,,,
28431391,,,,Environmental,Mercury,,,,63,Subjects with disease:Coronary Artery Disease,,,59.29 years (mean),56% Males (Only)|44% Females (Only),,graphite furnace atomic absorption spectroscopy with Zeeman correction,,,serum,Mercury,10.14 micrograms per liter,mean,,"Iran, Islamic Republic of",,,,,,,,
28431391,,,,Environmental,Mercury,,,,63,Subjects with disease:Coronary Artery Disease,,,59.29 years (mean),56% Males (Only)|44% Females (Only),,graphite furnace atomic absorption spectroscopy with Zeeman correction,,,serum,Mercury,8.12 micrograms per liter,mean,"adjusted for gender, hypertension, diabetes and dyslipidemia","Iran, Islamic Republic of",,,,,,,,
28431391,,,,Environmental,Mercury,,,,64,Controls for disease:Coronary Artery Disease,,,57.81 years (mean),34% Males (Only)|66% Females (Only),,graphite furnace atomic absorption spectroscopy with Zeeman correction,,,serum,Mercury,6.11 micrograms per liter,mean,,"Iran, Islamic Republic of",,,,,,,,
28431391,,,,Environmental,Mercury,,,,64,Controls for disease:Coronary Artery Disease,,,57.81 years (mean),34% Males (Only)|66% Females (Only),,graphite furnace atomic absorption spectroscopy with Zeeman correction,,,serum,Mercury,4.11 micrograms per liter,mean,"adjusted for gender, hypertension, diabetes and dyslipidemia","Iran, Islamic Republic of",,,,,,,,
28431391,,,,Environmental,Mercury,,,,127,Study subjects,mix of 63 subjects and 64 controls for Coronary Artery Disease,,50-70 years (range),45% Males (Only)|55% Females (Only),,binary logistic regression analysis,,,,,,,,"Iran, Islamic Republic of",,,,positive correlation,Coronary Artery Disease,,,
25867198,,2013-2014,,Environmental,Mercury,,,,142,Controls for disease:Hypertension,,,50-75 years (range),100% Males (Only),,inductively coupled argon plasma optical emission spectrometry,,,blood,Mercury,4.51 micrograms per liter,arithmetic mean,,Poland,,,,,,,,
25867198,,2013-2014,,Environmental,Mercury,,,,142,Controls for disease:Hypertension,,,50-75 years (range),100% Males (Only),,inductively coupled argon plasma optical emission spectrometry,,,blood,Mercury,4.45 micrograms per liter,median,,Poland,,,,,,,,
25867198,,2013-2014,,Environmental,Mercury,,,,142,Controls for disease:Hypertension,,,50-75 years (range),100% Males (Only),,inductively coupled argon plasma optical emission spectrometry,,,blood,Mercury,0.27 micrograms per liter,minimum,,Poland,,,,,,,,
25867198,,2013-2014,,Environmental,Mercury,,,,142,Controls for disease:Hypertension,,,50-75 years (range),100% Males (Only),,inductively coupled argon plasma optical emission spectrometry,,,blood,Mercury,7.9 micrograms per liter,maximum,,Poland,,,,,,,,
25867198,,2013-2014,,Environmental,Mercury,,,,171,Subjects with disease:Hypertension,,,50-75 years (range),100% Males (Only),,inductively coupled argon plasma optical emission spectrometry,,,blood,Mercury,4.59 micrograms per liter,arithmetic mean,,Poland,,,,,,,,
25867198,,2013-2014,,Environmental,Mercury,,,,171,Subjects with disease:Hypertension,,,50-75 years (range),100% Males (Only),,inductively coupled argon plasma optical emission spectrometry,,,blood,Mercury,4.53 micrograms per liter,median,,Poland,,,,,,,,
25867198,,2013-2014,,Environmental,Mercury,,,,171,Subjects with disease:Hypertension,,,50-75 years (range),100% Males (Only),,inductively coupled argon plasma optical emission spectrometry,,,blood,Mercury,0.15 micrograms per liter,minimum,,Poland,,,,,,,,
25867198,,2013-2014,,Environmental,Mercury,,,,171,Subjects with disease:Hypertension,,,50-75 years (range),100% Males (Only),,inductively coupled argon plasma optical emission spectrometry,,,blood,Mercury,9.1 micrograms per liter,maximum,,Poland,,,,,,,,
20595914,Agricultural Health Study (AHS),1993-2003,,Occupational|Residential,metalaxyl,Pesticide application,,,"22,425",Study subjects,Female pesticide applicators and female spouses of pesticide applicators,Current smoker|Former smoker|Never smoker,17-88 years (range),Females (Only),,logistic regression analysis | survey method,,,,,,,,United States,Iowa|North Carolina,,,positive correlation,Myocardial Infarction,,,
20595914,Agricultural Health Study (AHS),1993-2003,,Occupational|Residential,metalaxyl,Pesticide application,,,"22,425",Workers,Female pesticide applicators and female spouses of pesticide applicators,Current smoker|Former smoker|Never smoker,17-88 years (range),Females (Only),,logistic regression analysis | survey method,,,,,,,,United States,Iowa|North Carolina,,,positive correlation,Myocardial Infarction,,,
24065312,Korea National Health and Nutrition Examination Survey (KNHANES),2009-2010,,Environmental,"Metals, Heavy",,,,"3,950",Study subjects,controls and disease subjects combined,36% Current smoker|10% Former smoker|54% Never smoker,,50% Males (Only)|50% Females (Only),,graphite-furnace atomic absorption spectrometry | Zeeman background correction,,,serum,"Metals, Heavy",,,"sum of lead, mercury, and cadmium","Korea, Republic of",,,,positive correlation,Hypertension,,,
12842775,,1952-1953,,Environmental,"Metals, Heavy",,,,,Study subjects,,,,Both Males and Females,,"data analysis, autopsy records | histopathologic and microanalytic tissue examination",,,,,,,,United Kingdom,,London,,positive correlation,Heart Diseases,,,
22747793,,2005-2009,sex,Dietary,Methylmercury Compounds,fish consumption,,,805,Study subjects,,70% Current smoker,48.8 years (mean),100% Males (Only),100% Inuit,logistic regression analysis,,,,,,,,Greenland,,,,prediction/hypothesis,Hypertension,,,"With increasing whole blood mercury concentrations, diastolic blood pressure and the risk of hypertension decreased among men in the study"
25867198,,2013-2014,,Environmental,Molybdenum,,,,142,Controls for disease:Hypertension,,,50-75 years (range),100% Males (Only),,inductively coupled argon plasma optical emission spectrometry,,,serum,Molybdenum,2.5 micrograms per liter,arithmetic mean,,Poland,,,,,,,,
25867198,,2013-2014,,Environmental,Molybdenum,,,,142,Controls for disease:Hypertension,,,50-75 years (range),100% Males (Only),,inductively coupled argon plasma optical emission spectrometry,,,serum,Molybdenum,2.43 micrograms per liter,median,,Poland,,,,,,,,
25867198,,2013-2014,,Environmental,Molybdenum,,,,142,Controls for disease:Hypertension,,,50-75 years (range),100% Males (Only),,inductively coupled argon plasma optical emission spectrometry,,,serum,Molybdenum,1.35 micrograms per liter,minimum,,Poland,,,,,,,,
25867198,,2013-2014,,Environmental,Molybdenum,,,,142,Controls for disease:Hypertension,,,50-75 years (range),100% Males (Only),,inductively coupled argon plasma optical emission spectrometry,,,serum,Molybdenum,6.23 micrograms per liter,maximum,,Poland,,,,,,,,
25867198,,2013-2014,,Environmental,Molybdenum,,,,171,Subjects with disease:Hypertension,,,50-75 years (range),100% Males (Only),,inductively coupled argon plasma optical emission spectrometry,,,serum,Molybdenum,2.39 micrograms per liter,arithmetic mean,,Poland,,,,,,,,
25867198,,2013-2014,,Environmental,Molybdenum,,,,171,Subjects with disease:Hypertension,,,50-75 years (range),100% Males (Only),,inductively coupled argon plasma optical emission spectrometry,,,serum,Molybdenum,2.32 micrograms per liter,median,,Poland,,,,,,,,
25867198,,2013-2014,,Environmental,Molybdenum,,,,171,Subjects with disease:Hypertension,,,50-75 years (range),100% Males (Only),,inductively coupled argon plasma optical emission spectrometry,,,serum,Molybdenum,0.44 micrograms per liter,minimum,,Poland,,,,,,,,
25867198,,2013-2014,,Environmental,Molybdenum,,,,171,Subjects with disease:Hypertension,,,50-75 years (range),100% Males (Only),,inductively coupled argon plasma optical emission spectrometry,,,serum,Molybdenum,4.39 micrograms per liter,maximum,,Poland,,,,,,,,
29064788,Dongfeng-Tongji (DFTJ) Cohort,2008-2010,,Occupational,Molybdenum,,,,"1,621",Controls for disease:Coronary Disease,employed at Dongfeng Motor Corporation,19% Current smoker|11% Former smoker|70% Never smoker,65.6 years (mean),49% Males (Only)|51% Females (Only),,inductively coupled plasma mass spectrometry,,,plasma,Molybdenum,1.36 micrograms per liter,median,,China,,Shiyan,,,,,,
29064788,Dongfeng-Tongji (DFTJ) Cohort,2008-2010,,Occupational,Molybdenum,,,,"1,621",Controls for disease:Coronary Disease,employed at Dongfeng Motor Corporation,19% Current smoker|11% Former smoker|70% Never smoker,65.6 years (mean),49% Males (Only)|51% Females (Only),,inductively coupled plasma mass spectrometry,,,plasma,Molybdenum,1.09 micrograms per liter,25th percentile,,China,,Shiyan,,,,,,
29064788,Dongfeng-Tongji (DFTJ) Cohort,2008-2010,,Occupational,Molybdenum,,,,"1,621",Controls for disease:Coronary Disease,employed at Dongfeng Motor Corporation,19% Current smoker|11% Former smoker|70% Never smoker,65.6 years (mean),49% Males (Only)|51% Females (Only),,inductively coupled plasma mass spectrometry,,,plasma,Molybdenum,1.74 micrograms per liter,75th percentile,,China,,Shiyan,,,,,,
29064788,Dongfeng-Tongji (DFTJ) Cohort,2008-2010,,Occupational,Molybdenum,,,,"1,621",Subjects with disease:Coronary Disease,employed at Dongfeng Motor Corporation,21% Current smoker|13% Former smoker|66% Never smoker,65.7 years (mean),49% Males (Only)|51% Females (Only),,inductively coupled plasma mass spectrometry,,,plasma,Molybdenum,1.36 micrograms per liter,median,,China,,Shiyan,,,,,,
29064788,Dongfeng-Tongji (DFTJ) Cohort,2008-2010,,Occupational,Molybdenum,,,,"1,621",Subjects with disease:Coronary Disease,employed at Dongfeng Motor Corporation,21% Current smoker|13% Former smoker|66% Never smoker,65.7 years (mean),49% Males (Only)|51% Females (Only),,inductively coupled plasma mass spectrometry,,,plasma,Molybdenum,1.1 micrograms per liter,25th percentile,,China,,Shiyan,,,,,,
29064788,Dongfeng-Tongji (DFTJ) Cohort,2008-2010,,Occupational,Molybdenum,,,,"1,621",Subjects with disease:Coronary Disease,employed at Dongfeng Motor Corporation,21% Current smoker|13% Former smoker|66% Never smoker,65.7 years (mean),49% Males (Only)|51% Females (Only),,inductively coupled plasma mass spectrometry,,,plasma,Molybdenum,1.78 micrograms per liter,75th percentile,,China,,Shiyan,,,,,,
23602086,,,,Dietary|Environmental,monomethylarsonic acid,contaminated drinking water,,,168,Subjects with disease:Hypertension,,29% Current smoker|71% Non-smoker,57.58 years (mean),44% Males (Only)|57% Females (Only),100% Asian,multiple logistic regression,,,,,,,,China,Shanxi,Shanyin,,positive correlation,Hypertension,,,"subjects in highest tertile of urinary monomethylated arsenic concentration showed higher risk of Hypertension, odds ratio = 1.776 (95% CI: 1.148-2.756) compared to lowest tertile"
23665672,Health Effects of Arsenic Longitudinal Study (HEALS),2000-2002,age,Dietary|Environmental,monomethylarsonic acid,contaminated drinking water,,,364,Study subjects,subjects with urinary MMA% in top tertile,Current smoker|Former smoker|Never smoker,,Both Males and Females,,,,,,,,,,Bangladesh,,Araihazar,,positive correlation,Cardiovascular Diseases,,,"adjusted hazard ratio was 1.55 (95% CI: 1.08, 2.23)"
23665672,Health Effects of Arsenic Longitudinal Study (HEALS),2000-2002,age,Dietary|Environmental,monomethylarsonic acid,contaminated drinking water,,,364,Study subjects,subjects with urinary MMA% in top tertile,Current smoker|Former smoker|Never smoker,,Both Males and Females,,,,,,,,,,Bangladesh,,Araihazar,,positive correlation,Heart Diseases,,,"adjusted hazard ratio was 1.65 (95% CI: 1.05, 2.6)"
24961859,,2011-2012,age | sex,Occupational,Nickel,"workers at Jinchuan Group Co., Ltd",,,"35,104",Workers,large nickel producing company,,,Both Males and Females,,employer-sponsored medical examination,,,,,,,,China,Gansu Province,Jinchang City,,positive correlation,Hypertension,,,disease prevalence is higher in males (35%) than females (24.3%)
29064788,Dongfeng-Tongji (DFTJ) Cohort,2008-2010,,Occupational,Nickel,,,,"1,621",Controls for disease:Coronary Disease,employed at Dongfeng Motor Corporation,19% Current smoker|11% Former smoker|70% Never smoker,65.6 years (mean),49% Males (Only)|51% Females (Only),,inductively coupled plasma mass spectrometry,,,plasma,Nickel,3.03 micrograms per liter,median,,China,,Shiyan,,,,,,
29064788,Dongfeng-Tongji (DFTJ) Cohort,2008-2010,,Occupational,Nickel,,,,"1,621",Controls for disease:Coronary Disease,employed at Dongfeng Motor Corporation,19% Current smoker|11% Former smoker|70% Never smoker,65.6 years (mean),49% Males (Only)|51% Females (Only),,inductively coupled plasma mass spectrometry,,,plasma,Nickel,2.17 micrograms per liter,25th percentile,,China,,Shiyan,,,,,,
29064788,Dongfeng-Tongji (DFTJ) Cohort,2008-2010,,Occupational,Nickel,,,,"1,621",Controls for disease:Coronary Disease,employed at Dongfeng Motor Corporation,19% Current smoker|11% Former smoker|70% Never smoker,65.6 years (mean),49% Males (Only)|51% Females (Only),,inductively coupled plasma mass spectrometry,,,plasma,Nickel,4.54 micrograms per liter,75th percentile,,China,,Shiyan,,,,,,
29064788,Dongfeng-Tongji (DFTJ) Cohort,2008-2010,,Occupational,Nickel,,,,"1,621",Subjects with disease:Coronary Disease,employed at Dongfeng Motor Corporation,21% Current smoker|13% Former smoker|66% Never smoker,65.7 years (mean),49% Males (Only)|51% Females (Only),,inductively coupled plasma mass spectrometry,,,plasma,Nickel,3.07 micrograms per liter,median,,China,,Shiyan,,,,,,
29064788,Dongfeng-Tongji (DFTJ) Cohort,2008-2010,,Occupational,Nickel,,,,"1,621",Subjects with disease:Coronary Disease,employed at Dongfeng Motor Corporation,21% Current smoker|13% Former smoker|66% Never smoker,65.7 years (mean),49% Males (Only)|51% Females (Only),,inductively coupled plasma mass spectrometry,,,plasma,Nickel,2.22 micrograms per liter,25th percentile,,China,,Shiyan,,,,,,
29064788,Dongfeng-Tongji (DFTJ) Cohort,2008-2010,,Occupational,Nickel,,,,"1,621",Subjects with disease:Coronary Disease,employed at Dongfeng Motor Corporation,21% Current smoker|13% Former smoker|66% Never smoker,65.7 years (mean),49% Males (Only)|51% Females (Only),,inductively coupled plasma mass spectrometry,,,plasma,Nickel,4.69 micrograms per liter,75th percentile,,China,,Shiyan,,,,,,
25633926,California Teachers Study,2001-2007,,Environmental,Nitrates,,,nitrate in particulate matter with aerodynamic diameter size <= 2.5 microns,"101,884",Study subjects,,5% Current smoker|27% Former smoker|68% Non-smoker,57.3 years (mean),100% Females (Only),86% White,Cox proportional hazards regression analysis,,,,,,,,United States,California,,,positive correlation,Cardiovascular Diseases,,,
25633926,California Teachers Study,2001-2007,,Environmental,Nitrates,,,nitrate in particulate matter with aerodynamic diameter size <= 2.5 microns,"101,884",Study subjects,,5% Current smoker|27% Former smoker|68% Non-smoker,57.3 years (mean),100% Females (Only),86% White,Cox proportional hazards regression analysis,,,,,,,,United States,California,,,positive correlation,Myocardial Ischemia,,,
26047618,Denver Aerosol Sources and Health (DASH) Study,2003-2007,,Environmental,Nitrates,,,,,Study subjects,,,,,,generalized additive models | regression analysis,,,,,,,,United States,Colorado,Denver,,positive correlation,Myocardial Ischemia,,,"RR = 1.03 (95% CI: 1.00, 1.06)"
21356620,Air Pollution and Inflammatory Response in Myocardial Infarction Survivors: Gene-Environment Interaction in a High Risk Group (AIRGENE),2003-2004,,Environmental,Nitric Oxide,air pollution,,,200,Subjects with disease:Myocardial Infarction,,Current smoker|Former smoker|Never smoker,61.9 years (mean),Both Males and Females,,ELISA,,,plasma,PLA2G7,,,,Germany,,Augsburg,,,,,,
29114965,EPICOR Study | European Prospective Investigation into Cancer and Nutrition (EPIC),1993-1998,,Environmental,Nitric Oxide,air pollution,,,"18,982",Study subjects,mixed population of 948 cases of Cardiovascular and Cerebrovascular Disorders and 18034 controls,Current smoker|Non-smoker,35-65 years (range),Both Males and Females,,,,,,,,,,Italy,,,,positive correlation,Cardiovascular Diseases,,,"hazard ratio = 1.01 (95% CI 1.00-1.03), p=0.02 for each increase of 10 micrograms per cubic meter"
29114965,EPICOR Study | European Prospective Investigation into Cancer and Nutrition (EPIC),1993-1998,,Environmental,Nitric Oxide,air pollution,,,"18,982",Study subjects,mixed population of 948 cases of Cardiovascular and Cerebrovascular Disorders and 18034 controls,Current smoker|Non-smoker,35-65 years (range),Both Males and Females,,,,,,,,,,Italy,,,,positive correlation,Cerebrovascular Disorders,,,"hazard ratio = 1.01 (95% CI 1.00-1.03), p=0.02 for each increase of 10 micrograms per cubic meter"
21081301,,1994-1998,,Environmental,Nitric Oxide,,,,"418,826",Study subjects,,,58.9 years (mean),Both Males and Females,,particle soot absorption photometry,,,air,Nitric Oxide,,,,Canada,Vancouver,,British Columbia,negative correlation,Coronary Disease,,,
21193387,,2002-2004,,Environmental,Nitrogen Dioxide,"Air Pollutants, Traffic Pollution",,,,,,,,,,energy dispersive x-ray fluorescence | filter sampling | reflectometry,,,air,Nitrogen Dioxide,,,,United States,Michigan,Detroit,"Particulate Matter <= 2.5 microns, cold season",positive correlation,Cardiovascular Diseases,,,
21193387,,2002-2004,,Environmental,Nitrogen Dioxide,"Air Pollutants, Traffic Pollution",,,,,,,,,,energy dispersive x-ray fluorescence | filter sampling | reflectometry,,,air,Nitrogen Dioxide,,,,United States,Washingtom,Seattle,"Particulate Matter <= 2.5 microns, cold season",positive correlation,Cardiovascular Diseases,,,
23631813,,2005-2009,,Environmental,Nitrogen Dioxide,air pollution,"1,683",,"5,246",Subjects with disease:Angina Pectoris,,,>=18 years (range),Both Males and Females,,conditional logistic regression analysis,,,,,,,,Iceland,,Reykjavik capital area,,positive correlation,Angina Pectoris,,,"for every 10 microgram per cubic meter increase of Nitrogen Dioxide 3 day mean concentration, odds ratio for daily dispensing of glyceryl trinitrates for angina pectoris was 1.136 (95% CI: 1.069-1.207) at lag 0"
21356620,Air Pollution and Inflammatory Response in Myocardial Infarction Survivors: Gene-Environment Interaction in a High Risk Group (AIRGENE),2003-2004,,Environmental,Nitrogen Dioxide,air pollution,,,200,Subjects with disease:Myocardial Infarction,,Current smoker|Former smoker|Never smoker,61.9 years (mean),Both Males and Females,,ELISA,,,plasma,PLA2G7,,,,Germany,,Augsburg,,,,,,
28953453,"Danish Diet, Cancer, and Health Study (DCH)",1993-1997,genetics,Environmental,Nitrogen Dioxide,air pollution,,,"2,550",Subjects with disease:Heart Failure,,49% Current smoker|28% Former smoker|23% Never smoker,59.3 years (mean),64% Males (Only)|36% Females (Only),,AirGIS dispersion modeling,,,air,Nitrogen Dioxide,16.9 micrograms per cubic meter,median,,Denmark,,,,,,,,
28953453,"Danish Diet, Cancer, and Health Study (DCH)",1993-1997,genetics,Environmental,Nitrogen Dioxide,air pollution,,,"2,550",Subjects with disease:Heart Failure,,49% Current smoker|28% Former smoker|23% Never smoker,59.3 years (mean),64% Males (Only)|36% Females (Only),,AirGIS dispersion modeling,,,air,Nitrogen Dioxide,12.3 micrograms per cubic meter,5th percentile,,Denmark,,,,,,,,
28953453,"Danish Diet, Cancer, and Health Study (DCH)",1993-1997,genetics,Environmental,Nitrogen Dioxide,air pollution,,,"2,550",Subjects with disease:Heart Failure,,49% Current smoker|28% Former smoker|23% Never smoker,59.3 years (mean),64% Males (Only)|36% Females (Only),,AirGIS dispersion modeling,,,air,Nitrogen Dioxide,34.6 micrograms per cubic meter,95th percentile,,Denmark,,,,,,,,
29114965,EPICOR Study | European Prospective Investigation into Cancer and Nutrition (EPIC),1993-1998,,Environmental,Nitrogen Dioxide,air pollution,,,"14,712",Study subjects,mixed population of 661 cases of Cardiovascular and Cerebrovascular Disorders and 14051 controls,100% Non-smoker,35-65 years (range),Both Males and Females,,,,,,,,,,Italy,,,,positive correlation,Cardiovascular Diseases,,,"hazard ratio = 1.04 (95% CI 1.00-1.07), p=0.04 for each increase of 10 micrograms per cubic meter"
29114965,EPICOR Study | European Prospective Investigation into Cancer and Nutrition (EPIC),1993-1998,,Environmental,Nitrogen Dioxide,air pollution,,,"14,712",Study subjects,mixed population of 661 cases of Cardiovascular and Cerebrovascular Disorders and 14051 controls,100% Non-smoker,35-65 years (range),Both Males and Females,,,,,,,,,,Italy,,,,positive correlation,Cerebrovascular Disorders,,,"hazard ratio = 1.04 (95% CI 1.00-1.07), p=0.04 for each increase of 10 micrograms per cubic meter"
29114965,EPICOR Study | European Prospective Investigation into Cancer and Nutrition (EPIC),1993-1998,,Environmental,Nitrogen Dioxide,air pollution,,,"18,982",Study subjects,mixed population of 948 cases of Cardiovascular and Cerebrovascular Disorders and 18034 controls,Current smoker|Non-smoker,35-65 years (range),Both Males and Females,,,,,,,,,,Italy,,,,positive correlation,Cardiovascular Diseases,,,"hazard ratio = 1.04 (95% CI 1.01-1.08), p=0.003 for each increase of 10 micrograms per cubic meter"
29114965,EPICOR Study | European Prospective Investigation into Cancer and Nutrition (EPIC),1993-1998,,Environmental,Nitrogen Dioxide,air pollution,,,"18,982",Study subjects,mixed population of 948 cases of Cardiovascular and Cerebrovascular Disorders and 18034 controls,Current smoker|Non-smoker,35-65 years (range),Both Males and Females,,,,,,,,,,Italy,,,,positive correlation,Cerebrovascular Disorders,,,"hazard ratio = 1.04 (95% CI 1.01-1.08), p=0.003 for each increase of 10 micrograms per cubic meter"
28953453,"Danish Diet, Cancer, and Health Study (DCH)",1993-1997,genetics,Environmental,Nitrogen Dioxide,air pollution,,,"50,594",Study subjects,total cohort of subjects who did and did not develop heart failure,36% Current smoker|28% Former smoker|36% Never smoker,56.2 years (mean),47% Males (Only)|53% Females (Only),,Cox proportional hazard model,,,,,,,,Denmark,,,,positive correlation,Heart Failure,,,
31898503,,2008-2014,age | sex,Environmental,Nitrogen Dioxide,air pollution,,,"63,997",Subjects with disease:Ischemic Stroke,,,>=18 years (range),Both Males and Females,,"air monitoring, average from 9 sixed site monitors",,,air,Nitrogen Dioxide,45.89 micrograms per cubic meter,mean,,China,,Shenzhen,,,,,,
31898503,,2008-2014,age | sex,Environmental,Nitrogen Dioxide,air pollution,,,"63,997",Subjects with disease:Ischemic Stroke,,,>=18 years (range),Both Males and Females,,"air monitoring, average from 9 sixed site monitors",,,air,Nitrogen Dioxide,13.13 micrograms per cubic meter,minimum,,China,,Shenzhen,,,,,,
31898503,,2008-2014,age | sex,Environmental,Nitrogen Dioxide,air pollution,,,"63,997",Subjects with disease:Ischemic Stroke,,,>=18 years (range),Both Males and Females,,"air monitoring, average from 9 sixed site monitors",,,air,Nitrogen Dioxide,18.51 micrograms per cubic meter,1st percentile,,China,,Shenzhen,,,,,,
31898503,,2008-2014,age | sex,Environmental,Nitrogen Dioxide,air pollution,,,"63,997",Subjects with disease:Ischemic Stroke,,,>=18 years (range),Both Males and Females,,"air monitoring, average from 9 sixed site monitors",,,air,Nitrogen Dioxide,23.17 micrograms per cubic meter,5th percentile,,China,,Shenzhen,,,,,,
31898503,,2008-2014,age | sex,Environmental,Nitrogen Dioxide,air pollution,,,"63,997",Subjects with disease:Ischemic Stroke,,,>=18 years (range),Both Males and Females,,"air monitoring, average from 9 sixed site monitors",,,air,Nitrogen Dioxide,25.93 micrograms per cubic meter,10th percentile,,China,,Shenzhen,,,,,,
31898503,,2008-2014,age | sex,Environmental,Nitrogen Dioxide,air pollution,,,"63,997",Subjects with disease:Ischemic Stroke,,,>=18 years (range),Both Males and Females,,"air monitoring, average from 9 sixed site monitors",,,air,Nitrogen Dioxide,32.3 micrograms per cubic meter,25th percentile,,China,,Shenzhen,,,,,,
31898503,,2008-2014,age | sex,Environmental,Nitrogen Dioxide,air pollution,,,"63,997",Subjects with disease:Ischemic Stroke,,,>=18 years (range),Both Males and Females,,"air monitoring, average from 9 sixed site monitors",,,air,Nitrogen Dioxide,41.29 micrograms per cubic meter,50th percentile,,China,,Shenzhen,,,,,,
31898503,,2008-2014,age | sex,Environmental,Nitrogen Dioxide,air pollution,,,"63,997",Subjects with disease:Ischemic Stroke,,,>=18 years (range),Both Males and Females,,"air monitoring, average from 9 sixed site monitors",,,air,Nitrogen Dioxide,54.14 micrograms per cubic meter,75th percentile,,China,,Shenzhen,,,,,,
31898503,,2008-2014,age | sex,Environmental,Nitrogen Dioxide,air pollution,,,"63,997",Subjects with disease:Ischemic Stroke,,,>=18 years (range),Both Males and Females,,"air monitoring, average from 9 sixed site monitors",,,air,Nitrogen Dioxide,72.11 micrograms per cubic meter,90th percentile,,China,,Shenzhen,,,,,,
31898503,,2008-2014,age | sex,Environmental,Nitrogen Dioxide,air pollution,,,"63,997",Subjects with disease:Ischemic Stroke,,,>=18 years (range),Both Males and Females,,"air monitoring, average from 9 sixed site monitors",,,air,Nitrogen Dioxide,85.04 micrograms per cubic meter,95th percentile,,China,,Shenzhen,,,,,,
31898503,,2008-2014,age | sex,Environmental,Nitrogen Dioxide,air pollution,,,"63,997",Subjects with disease:Ischemic Stroke,,,>=18 years (range),Both Males and Females,,"air monitoring, average from 9 sixed site monitors",,,air,Nitrogen Dioxide,116.26 micrograms per cubic meter,99th percentile,,China,,Shenzhen,,,,,,
31898503,,2008-2014,age | sex,Environmental,Nitrogen Dioxide,air pollution,,,"63,997",Subjects with disease:Ischemic Stroke,,,>=18 years (range),Both Males and Females,,"air monitoring, average from 9 sixed site monitors",,,air,Nitrogen Dioxide,166.14 micrograms per cubic meter,maximum,,China,,Shenzhen,,,,,,
31898503,,2008-2014,age | sex,Environmental,Nitrogen Dioxide,air pollution,,,"63,997",Subjects with disease:Ischemic Stroke,,,>=18 years (range),Both Males and Females,,"air monitoring, average from 9 sixed site monitors",,,air,Nitrogen Dioxide,21.84 micrograms per cubic meter,interquartile range,,China,,Shenzhen,,,,,,
31898503,,2008-2014,age | sex,Environmental,Nitrogen Dioxide,air pollution,,,"63,997",Subjects with disease:Ischemic Stroke,,,>=18 years (range),Both Males and Females,,"air monitoring, average from 9 sixed site monitors",,,,,,,,China,,Shenzhen,,positive correlation,Ischemic Stroke,,,"relative risk value and 95% CI: 1.37 (1.13, 1.67) (99th vs median) at 0-10 lag days"
24939673,,1995-2007,,Environmental,Nitrogen Dioxide,air pollution,,,"267,839",Study subjects,,,,,,Poisson regression analysis,,,,,,,,United Kingdom,,London,,prediction/hypothesis,Stroke,,,significant association between Nitrogen Dioxide (NO2) and mild stroke when NO2 concentration was examined as a categorical variable by tertile
24952943,,2003-2009,age | sex,Environmental,Nitrogen Dioxide,air pollution,,,"3,619,477",Study subjects,"subjects derived from Myocardial Ischemica National Audit Project, Hospital Episode Statistics, and mortality (Office of Statistics)",,60-88 years (range),Both Males and Females,,air monitoring-46 monitors,,,,,,,,United Kingdom,,,,prediction/hypothesis,Cardiovascular Diseases,,,
20617041,Swedish Onset study,1993-1994,,Environmental,Nitrogen Dioxide,ambient air,,,660,Subjects with disease:Myocardial Infarction,,,,,,survey method,,,air,Nitrogen Dioxide,,,,Sweden,,Stockholm,,no correlation,Myocardial Infarction,,,
18288318,Netherlands Cohort Study on Diet and Cancer (NLCS),1987-1996,,Environmental,Nitrogen Dioxide,traffic pollution,"117,528",,,,,,,,,,,,,,,,,Netherlands,,,,positive correlation,Cardiovascular Diseases,,,
20595912,,1999-2000,,Environmental,Nitrogen Dioxide,traffic pollution,,,12,Subjects with disease:Myocardial Infarction,114 personal exposures,,,,,personal exposure monitoring,,,air,Nitrogen Dioxide,11.87 parts per billion,mean,,United States,Georgia,Atlanta,,,,,,
20595912,,1999-2000,,Environmental,Nitrogen Dioxide,traffic pollution,,,12,Subjects with disease:Myocardial Infarction,114 personal exposures,,,,,personal exposure monitoring,,,air,Nitrogen Dioxide,8.9 parts per billion,50th percentile,,United States,Georgia,Atlanta,,,,,,
20595912,,1999-2000,,Environmental,Nitrogen Dioxide,traffic pollution,,,12,Subjects with disease:Myocardial Infarction,114 personal exposures,,,,,personal exposure monitoring,,,air,Nitrogen Dioxide,8.35 parts per billion,interquartile range,,United States,Georgia,Atlanta,,,,,,
20595912,,1999-2000,,Environmental,Nitrogen Dioxide,traffic pollution,,,30,Subjects with disease:Myocardial Infarction,277 personal exposures,,,,,personal exposure monitoring,,,air,Nitrogen Dioxide,11.6 parts per billion,mean,,United States,Georgia,Atlanta,,,,,,
20595912,,1999-2000,,Environmental,Nitrogen Dioxide,traffic pollution,,,30,Subjects with disease:Myocardial Infarction,277 personal exposures,,,,,personal exposure monitoring,,,air,Nitrogen Dioxide,8.08 parts per billion,50th percentile,,United States,Georgia,Atlanta,,,,,,
20595912,,1999-2000,,Environmental,Nitrogen Dioxide,traffic pollution,,,30,Subjects with disease:Myocardial Infarction,277 personal exposures,,,,,personal exposure monitoring,,,air,Nitrogen Dioxide,7.17 parts per billion,interquartile range,,United States,Georgia,Atlanta,,,,,,
20595912,,1999-2000,,Environmental,Nitrogen Dioxide,traffic pollution,,,169,Subjects with disease:Myocardial Infarction,163 personal exposures,,,,,personal exposure monitoring,,,air,Nitrogen Dioxide,11.42 parts per billion,mean,,United States,Georgia,Atlanta,,,,,,
20595912,,1999-2000,,Environmental,Nitrogen Dioxide,traffic pollution,,,169,Subjects with disease:Myocardial Infarction,163 personal exposures,,,,,personal exposure monitoring,,,air,Nitrogen Dioxide,7.82 parts per billion,50th percentile,,United States,Georgia,Atlanta,,,,,,
20595912,,1999-2000,,Environmental,Nitrogen Dioxide,traffic pollution,,,169,Subjects with disease:Myocardial Infarction,163 personal exposures,,,,,personal exposure monitoring,,,air,Nitrogen Dioxide,6.59 parts per billion,interquartile range,,United States,Georgia,Atlanta,,,,,,
19553228,Worcester Heart Attack Study,1995-2005,,Environmental,Nitrogen Dioxide,traffic pollution,,,,Study subjects,,,70 years (mean),Both Males and Females,,air monitoring,,,air,Nitrogen Dioxide,,,,United States,Massachusetts,Worcester,,positive correlation,Myocardial Infarction,,,
25564368,Cardiovascular Health and Air Pollution Study,,,Environmental,Nitrogen Dioxide,traffic-related air pollution,,elemental carbon,43,Subjects with disease:Coronary Artery Disease,,Non-smoker,84.7 years (mean),47% Males (Only)|54% Females (Only),2% Hispanic|98% White,,,,air,Nitrogen Dioxide,31.8 micrograms per cubic meter,mean,,United States,California,Los Angeles air basin,,,,,,
25564368,Cardiovascular Health and Air Pollution Study,,,Environmental,Nitrogen Dioxide,traffic-related air pollution,,elemental carbon,43,Subjects with disease:Coronary Artery Disease,,Non-smoker,84.7 years (mean),47% Males (Only)|54% Females (Only),2% Hispanic|98% White,,,,air,Nitrogen Dioxide,31.3 micrograms per cubic meter,median,,United States,California,Los Angeles air basin,,,,,,
25564368,Cardiovascular Health and Air Pollution Study,,,Environmental,Nitrogen Dioxide,traffic-related air pollution,,elemental carbon,43,Subjects with disease:Coronary Artery Disease,,Non-smoker,84.7 years (mean),47% Males (Only)|54% Females (Only),2% Hispanic|98% White,,,,air,Nitrogen Dioxide,13.2 micrograms per cubic meter,interquartile range,,United States,California,Los Angeles air basin,,,,,,
25564368,Cardiovascular Health and Air Pollution Study,,,Environmental,Nitrogen Dioxide,traffic-related air pollution,,elemental carbon,43,Subjects with disease:Coronary Artery Disease,,Non-smoker,84.7 years (mean),47% Males (Only)|54% Females (Only),2% Hispanic|98% White,,,,air,Nitrogen Dioxide,9.91 micrograms per cubic meter,minimum,,United States,California,Los Angeles air basin,,,,,,
25564368,Cardiovascular Health and Air Pollution Study,,,Environmental,Nitrogen Dioxide,traffic-related air pollution,,elemental carbon,43,Subjects with disease:Coronary Artery Disease,,Non-smoker,84.7 years (mean),47% Males (Only)|54% Females (Only),2% Hispanic|98% White,,,,air,Nitrogen Dioxide,58.1 micrograms per cubic meter,maximum,,United States,California,Los Angeles air basin,,,,,,
24915237,INTERGENE/ADONIX,2001-2004,genetics,Environmental,Nitrogen Dioxide,traffic-related air pollution,,,119,Subjects with disease:Myocardial Infarction,,13% Current smoker|62% Former smoker|25% Never smoker,60.7 years (mean),,,estimated by dispersion model and calculated exposure levels in 2006-2007,,,,Nitrogen Dioxide,14.9 micrograms per cubic meter,mean,,Sweden,,Gothenburg,,,,,,
24915237,INTERGENE/ADONIX,2001-2004,genetics,Environmental,Nitrogen Dioxide,traffic-related air pollution,,,468,Controls for disease:Myocardial Infarction,Hypertensive subjects,19% Current smoker|37% Former smoker|44% Never smoker,59.5 years (mean),,,estimated by dispersion model and calculated exposure levels in 2006-2007,,,,Nitrogen Dioxide,14.9 micrograms per cubic meter,mean,,Sweden,,Gothenburg,,,,,,
24915237,INTERGENE/ADONIX,2001-2004,genetics,Environmental,Nitrogen Dioxide,traffic-related air pollution,,,842,Controls for disease:Myocardial Infarction,non-hypertensive subjects,20% Current smoker|29% Former smoker|51% Never smoker,44 years (mean),,,estimated by dispersion model and calculated exposure levels in 2006-2007,,,,Nitrogen Dioxide,16.1 micrograms per cubic meter,mean,,Sweden,,Gothenburg,,,,,,
24915237,INTERGENE/ADONIX,2001-2004,genetics,Environmental,Nitrogen Dioxide,traffic-related air pollution,,,"1,429",Study subjects,"mix of 119 cases of Myocardial Infarction, 468 hypertensive subjects and 842 non-hypertensive subjects",Current smoker|Former smoker|Never smoker,25-75 years (range),,,logistic regression analysis,,,,,,,,Sweden,,Gothenburg,,positive correlation,Myocardial Infarction,,,
24915237,INTERGENE/ADONIX,2001-2004,genetics,Environmental,Nitrogen Dioxide,traffic-related air pollution,,,"1,429",Subjects with gene influence:GSTP1,"mix of 119 cases of Myocardial Infarction, 468 hypertensive subjects and 842 non-hypertensive subjects",Current smoker|Former smoker|Never smoker,25-75 years (range),,,logistic regression analysis,,,,,,,,Sweden,,Gothenburg,,positive correlation,Hypertension,,,"5 of 7 GSTP1 single nucleotide polymorphisms had significant p-value for hypertension; 3 strongest (rs1871042, rs749174, and rs762803) remained significant after Bonferroni-correction"
27713111,,2000-2011,,Environmental,Nitrogen Dioxide,,16,,,Study subjects,Elderly,,>=60 years (range),Both Males and Females,,air monitoring - beta radiation,,,,,,,,Brazil,,Sao Paulo,,positive correlation,Cardiovascular Diseases,,,Nitrogen Dioxide was associated with mortality displacement for circulatory deaths within 30 days in the elderly
25760161,,1999-2004,,Environmental,Nitrogen Dioxide,,,,"3,180",Children,,,1-18 years (range),,,,,,,,,,,Brazil,,Sao Paulo,,positive correlation,Cardiovascular Diseases,,,
25760161,,1999-2004,,Environmental,Nitrogen Dioxide,,,,"3,180","Subjects with disease:Anemia, Sickle Cell",,,1-18 years (range),,,,,,,,,,,Brazil,,Sao Paulo,,positive correlation,Cardiovascular Diseases,,,
15987727,,,sex,Environmental,Nitrogen Dioxide,,,,"5,338",Children,,,0-1 year (range),Both Males and Females,,,,,,,,,,United States,Texas,,,negative correlation,"Heart Septal Defects, Ventricular",,,
15961621,Pollution Atmospherique et Affections Respiratoires Chroniques/Air pollution and chronic respiratory diseases (PAARC),1974-2001,sex | tobacco,Environmental,Nitrogen Dioxide,,,,"14,284",Study subjects,,,42.2 years (mean),Both Males and Females,,multivariate analysis,,,,,,,,France,,,,positive correlation,Cardiovascular Diseases,,,
21081301,,1994-1998,,Environmental,Nitrogen Dioxide,,,,"418,826",Study subjects,,,58.9 years (mean),Both Males and Females,,particle soot absorption photometry,,,air,Nitrogen Dioxide,,,,Canada,Vancouver,,British Columbia,negative correlation,Coronary Disease,,,
18285643,,2001-2004,,Environmental,Nitrogen Dioxide,,,,,Study subjects,,,,,,air monitoring | mortality data analysis,,,,,,,,China,,Shanghai,,positive correlation,Cardiovascular Diseases,,,
24355413,,1981-1999,,Environmental,Nitrogen Dioxide,,,,,Study subjects,,,,,,,,,,,,,,Canada,,Calgary | Edmonton | Montreal | Ottawa | Quebec City | Saint John | Toronto | Vancouver | Windsor | Winnipeg,,positive correlation,Cardiovascular Diseases,,,
26305859,Betula Study,1988-2010,,Environmental,Nitrogen Oxides,traffic air pollution,,,"1,806",Study subjects,exposed to nitrogen oxides in the first quartile,Current smoker|Former smoker|Non-smoker,55-85 years (range),Both Males and Females,,Cox proportional hazards model,,,,,,,,Sweden,,Umea,,positive correlation,"Dementia, Vascular",,,
25564368,Cardiovascular Health and Air Pollution Study,,,Environmental,Nitrogen Oxides,traffic-related air pollution,,elemental carbon,43,Subjects with disease:Coronary Artery Disease,,Non-smoker,84.7 years (mean),47% Males (Only)|54% Females (Only),2% Hispanic|98% White,,,,air,Nitrogen Oxides,56.5 micrograms per cubic meter,mean,,United States,California,Los Angeles air basin,,,,,,
25564368,Cardiovascular Health and Air Pollution Study,,,Environmental,Nitrogen Oxides,traffic-related air pollution,,elemental carbon,43,Subjects with disease:Coronary Artery Disease,,Non-smoker,84.7 years (mean),47% Males (Only)|54% Females (Only),2% Hispanic|98% White,,,,air,Nitrogen Oxides,50 micrograms per cubic meter,median,,United States,California,Los Angeles air basin,,,,,,
25564368,Cardiovascular Health and Air Pollution Study,,,Environmental,Nitrogen Oxides,traffic-related air pollution,,elemental carbon,43,Subjects with disease:Coronary Artery Disease,,Non-smoker,84.7 years (mean),47% Males (Only)|54% Females (Only),2% Hispanic|98% White,,,,air,Nitrogen Oxides,35.3 micrograms per cubic meter,interquartile range,,United States,California,Los Angeles air basin,,,,,,
25564368,Cardiovascular Health and Air Pollution Study,,,Environmental,Nitrogen Oxides,traffic-related air pollution,,elemental carbon,43,Subjects with disease:Coronary Artery Disease,,Non-smoker,84.7 years (mean),47% Males (Only)|54% Females (Only),2% Hispanic|98% White,,,,air,Nitrogen Oxides,11.8 micrograms per cubic meter,minimum,,United States,California,Los Angeles air basin,,,,,,
25564368,Cardiovascular Health and Air Pollution Study,,,Environmental,Nitrogen Oxides,traffic-related air pollution,,elemental carbon,43,Subjects with disease:Coronary Artery Disease,,Non-smoker,84.7 years (mean),47% Males (Only)|54% Females (Only),2% Hispanic|98% White,,,,air,Nitrogen Oxides,183 micrograms per cubic meter,maximum,,United States,California,Los Angeles air basin,,,,,,
25564368,Cardiovascular Health and Air Pollution Study,,,Environmental,Nitrogen Oxides,traffic-related air pollution,,,43,Subjects with disease:Coronary Artery Disease,,Non-smoker,84.7 years (mean),47% Males (Only)|54% Females (Only),2% Hispanic|98% White,linear mixed-effects regression models,,,blood,NFE2L2,,,,United States,California,Los Angeles air basin,,positive correlation,,increased gene expression,Blood,
25564368,Cardiovascular Health and Air Pollution Study,,,Environmental,Nitrogen Oxides,traffic-related air pollution,,,43,Subjects with disease:Coronary Artery Disease,,Non-smoker,84.7 years (mean),47% Males (Only)|54% Females (Only),2% Hispanic|98% White,linear mixed-effects regression models,,,blood,HMOX1,,,,United States,California,Los Angeles air basin,,positive correlation,,increased gene expression,Blood,
25564368,Cardiovascular Health and Air Pollution Study,,,Environmental,Nitrogen Oxides,traffic-related air pollution,,,43,Subjects with disease:Coronary Artery Disease,,Non-smoker,84.7 years (mean),47% Males (Only)|54% Females (Only),2% Hispanic|98% White,linear mixed-effects regression models,,,blood,NQO1,,,,United States,California,Los Angeles air basin,,positive correlation,,increased gene expression,Blood,
25564368,Cardiovascular Health and Air Pollution Study,,,Environmental,Nitrogen Oxides,traffic-related air pollution,,,43,Subjects with disease:Coronary Artery Disease,,Non-smoker,84.7 years (mean),47% Males (Only)|54% Females (Only),2% Hispanic|98% White,linear mixed-effects regression models,,,blood,SOD2,,,,United States,California,Los Angeles air basin,,positive correlation,,increased gene expression,Blood,
23717615,,,genetics,Environmental,Nitrogen Oxides,traffic-related air pollution,,,60,Subjects with disease:Coronary Artery Disease,,100% Non-smoker,>65 years (range),,,air monitoring,,,air,Nitrogen Oxides,45.35 parts per billion,mean,daily averages of 47 weeks of air monitoring,United States,California,Los Angeles air basin,,,,,,
23717615,,,genetics,Environmental,Nitrogen Oxides,traffic-related air pollution,,,60,Subjects with disease:Coronary Artery Disease,,100% Non-smoker,>65 years (range),,,air monitoring,,,air,Nitrogen Oxides,39.26 parts per billion,median,daily averages of 47 weeks of air monitoring,United States,California,Los Angeles air basin,,,,,,
23717615,,,genetics,Environmental,Nitrogen Oxides,traffic-related air pollution,,,60,Subjects with disease:Coronary Artery Disease,,100% Non-smoker,>65 years (range),,,air monitoring,,,air,Nitrogen Oxides,38.83 parts per billion,interquartile range,daily averages of 47 weeks of air monitoring,United States,California,Los Angeles air basin,,,,,,
23717615,,,genetics,Environmental,Nitrogen Oxides,traffic-related air pollution,,,60,Subjects with disease:Coronary Artery Disease,,100% Non-smoker,>65 years (range),,,air monitoring,,,air,Nitrogen Oxides,3.7 parts per billion,minimum,daily averages of 47 weeks of air monitoring,United States,California,Los Angeles air basin,,,,,,
23717615,,,genetics,Environmental,Nitrogen Oxides,traffic-related air pollution,,,60,Subjects with disease:Coronary Artery Disease,,100% Non-smoker,>65 years (range),,,air monitoring,,,air,Nitrogen Oxides,188 parts per billion,maximum,daily averages of 47 weeks of air monitoring,United States,California,Los Angeles air basin,,,,,,
23717615,,,genetics,Environmental,Nitrogen Oxides,traffic-related air pollution,,,60,Subjects with disease:Coronary Artery Disease,,100% Non-smoker,>65 years (range),,,mixed-effect models,,,,,,,,United States,California,Los Angeles air basin,,positive correlation,,increased inflammatory response,Plasma,"Increases in Nitrogen Oxides were associated with increases in IL6 and TNFa, biomarkers of inflammation, with stronger associations in subjects with mitochondrial haplogroup H than U"
22004949,,2001-2002,physical activity,Environmental,Nitrogen Oxides,,,,"30,007",Study subjects,,,21-54 years (range),Both Males and Females,40% Other|60% White,,,,,,,,,United States,California,Los Angeles,all residents in study,positive correlation,Myocardial Ischemia,,,in combination with physical inactivity
23717615,,,genetics,Environmental,Organic Chemicals,traffic-related air pollution,,organic carbon,60,Subjects with disease:Coronary Artery Disease,,100% Non-smoker,>65 years (range),,,air monitoring,,,air,Organic Chemicals,8.53 micrograms per cubic meter,mean,daily averages of 47 weeks of air monitoring,United States,California,Los Angeles air basin,,,,,,
23717615,,,genetics,Environmental,Organic Chemicals,traffic-related air pollution,,organic carbon,60,Subjects with disease:Coronary Artery Disease,,100% Non-smoker,>65 years (range),,,air monitoring,,,air,Organic Chemicals,7.11 micrograms per cubic meter,median,daily averages of 47 weeks of air monitoring,United States,California,Los Angeles air basin,,,,,,
23717615,,,genetics,Environmental,Organic Chemicals,traffic-related air pollution,,organic carbon,60,Subjects with disease:Coronary Artery Disease,,100% Non-smoker,>65 years (range),,,air monitoring,,,air,Organic Chemicals,6.3 micrograms per cubic meter,interquartile range,daily averages of 47 weeks of air monitoring,United States,California,Los Angeles air basin,,,,,,
23717615,,,genetics,Environmental,Organic Chemicals,traffic-related air pollution,,organic carbon,60,Subjects with disease:Coronary Artery Disease,,100% Non-smoker,>65 years (range),,,air monitoring,,,air,Organic Chemicals,2.32 micrograms per cubic meter,minimum,daily averages of 47 weeks of air monitoring,United States,California,Los Angeles air basin,,,,,,
23717615,,,genetics,Environmental,Organic Chemicals,traffic-related air pollution,,organic carbon,60,Subjects with disease:Coronary Artery Disease,,100% Non-smoker,>65 years (range),,,air monitoring,,,air,Organic Chemicals,27.26 micrograms per cubic meter,maximum,daily averages of 47 weeks of air monitoring,United States,California,Los Angeles air basin,,,,,,
25633926,California Teachers Study,2001-2007,,Environmental,Organic Chemicals,,,organic carbon in ultrafine particulate matter with aerodynamic diameter size <= 0.1 microns,"101,884",Study subjects,,5% Current smoker|27% Former smoker|68% Non-smoker,57.3 years (mean),100% Females (Only),86% White,Cox proportional hazards regression analysis,,,,,,,,United States,California,,,positive correlation,Myocardial Ischemia,,,
25564368,Cardiovascular Health and Air Pollution Study,,,Environmental,Organic Chemicals,,,particulate matter with aerodynamic diameter 0.25 - 2.5 microns,43,Subjects with disease:Coronary Artery Disease,,Non-smoker,84.7 years (mean),47% Males (Only)|54% Females (Only),2% Hispanic|98% White,,,,air,Organic Chemicals,48.8 micrograms per cubic meter,mean,,United States,California,Los Angeles air basin,,,,,,
25564368,Cardiovascular Health and Air Pollution Study,,,Environmental,Organic Chemicals,,,particulate matter with aerodynamic diameter 0.25 - 2.5 microns,43,Subjects with disease:Coronary Artery Disease,,Non-smoker,84.7 years (mean),47% Males (Only)|54% Females (Only),2% Hispanic|98% White,,,,air,Organic Chemicals,40.7 micrograms per cubic meter,median,,United States,California,Los Angeles air basin,,,,,,
25564368,Cardiovascular Health and Air Pollution Study,,,Environmental,Organic Chemicals,,,particulate matter with aerodynamic diameter 0.25 - 2.5 microns,43,Subjects with disease:Coronary Artery Disease,,Non-smoker,84.7 years (mean),47% Males (Only)|54% Females (Only),2% Hispanic|98% White,,,,air,Organic Chemicals,41.6 micrograms per cubic meter,interquartile range,,United States,California,Los Angeles air basin,,,,,,
25564368,Cardiovascular Health and Air Pollution Study,,,Environmental,Organic Chemicals,,,particulate matter with aerodynamic diameter 0.25 - 2.5 microns,43,Subjects with disease:Coronary Artery Disease,,Non-smoker,84.7 years (mean),47% Males (Only)|54% Females (Only),2% Hispanic|98% White,,,,air,Organic Chemicals,9.74 micrograms per cubic meter,minimum,,United States,California,Los Angeles air basin,,,,,,
25564368,Cardiovascular Health and Air Pollution Study,,,Environmental,Organic Chemicals,,,particulate matter with aerodynamic diameter 0.25 - 2.5 microns,43,Subjects with disease:Coronary Artery Disease,,Non-smoker,84.7 years (mean),47% Males (Only)|54% Females (Only),2% Hispanic|98% White,,,,air,Organic Chemicals,150 micrograms per cubic meter,maximum,,United States,California,Los Angeles air basin,,,,,,
25564368,Cardiovascular Health and Air Pollution Study,,,Environmental,Organic Chemicals,,,particulate matter with aerodynamic diameter 0.25 microns,43,Subjects with disease:Coronary Artery Disease,,Non-smoker,84.7 years (mean),47% Males (Only)|54% Females (Only),2% Hispanic|98% White,,,,air,Organic Chemicals,0.26 micrograms per cubic meter,mean,,United States,California,Los Angeles air basin,,,,,,
25564368,Cardiovascular Health and Air Pollution Study,,,Environmental,Organic Chemicals,,,particulate matter with aerodynamic diameter 0.25 microns,43,Subjects with disease:Coronary Artery Disease,,Non-smoker,84.7 years (mean),47% Males (Only)|54% Females (Only),2% Hispanic|98% White,,,,air,Organic Chemicals,0.19 micrograms per cubic meter,median,,United States,California,Los Angeles air basin,,,,,,
25564368,Cardiovascular Health and Air Pollution Study,,,Environmental,Organic Chemicals,,,particulate matter with aerodynamic diameter 0.25 microns,43,Subjects with disease:Coronary Artery Disease,,Non-smoker,84.7 years (mean),47% Males (Only)|54% Females (Only),2% Hispanic|98% White,,,,air,Organic Chemicals,0.35 micrograms per cubic meter,interquartile range,,United States,California,Los Angeles air basin,,,,,,
25564368,Cardiovascular Health and Air Pollution Study,,,Environmental,Organic Chemicals,,,particulate matter with aerodynamic diameter 0.25 microns,43,Subjects with disease:Coronary Artery Disease,,Non-smoker,84.7 years (mean),47% Males (Only)|54% Females (Only),2% Hispanic|98% White,,,,air,Organic Chemicals,0.06 micrograms per cubic meter,minimum,,United States,California,Los Angeles air basin,,,,,,
25564368,Cardiovascular Health and Air Pollution Study,,,Environmental,Organic Chemicals,,,particulate matter with aerodynamic diameter 0.25 microns,43,Subjects with disease:Coronary Artery Disease,,Non-smoker,84.7 years (mean),47% Males (Only)|54% Females (Only),2% Hispanic|98% White,,,,air,Organic Chemicals,0.96 micrograms per cubic meter,maximum,,United States,California,Los Angeles air basin,,,,,,
21193387,,2002-2004,,Environmental,Ozone,"Air Pollutants, Traffic Pollution",,,,,,,,,,energy dispersive x-ray fluorescence | filter sampling | reflectometry,,,air,Ozone,,,,United States,Michigan,Detroit,"Particulate Matter <= 2.5 microns, Warm Season",positive correlation,Cardiovascular Diseases,,,
23631813,,2005-2009,,Environmental,Ozone,air pollution,"1,744",,"5,246",Subjects with disease:Angina Pectoris,,,>=18 years (range),Both Males and Females,,conditional logistic regression analysis,,,,,,,,Iceland,,Reykjavik capital area,,positive correlation,Angina Pectoris,,,"for every 10 microgram per cubic meter increase of Ozone 3 day mean concentration, odds ratio for daily dispensing of glyceryl trinitrates for angina pectoris was 1.094 (95% CI: 1.029-1.163) at lag 0"
21356620,Air Pollution and Inflammatory Response in Myocardial Infarction Survivors: Gene-Environment Interaction in a High Risk Group (AIRGENE),2003-2004,,Environmental,Ozone,air pollution,,,200,Subjects with disease:Myocardial Infarction,,Current smoker|Former smoker|Never smoker,61.9 years (mean),Both Males and Females,,ELISA,,,plasma,PLA2G7,,,,Germany,,Augsburg,,,,,,
27239507,,1993-2006,,Environmental,Ozone,air pollution,,,871,Study subjects,"mixed polulation of 249 Alzheimer Disease, 125 Vascular Dementia and 497 Control subjects",,,44% Males (Only)|56% Females (Only),,air monitoring,,,,,,,,"Taiwan, Province of China",,,,positive correlation,"Dementia, Vascular",,,"highest tertile of ozone was significantly associated with vascular dementia risk, highest vs lowest tertile: adjusted odds ratio = 2.09, 95% CI=1.01-4.33"
26554783,,2001-2007,,Environmental,Ozone,air pollution,,,"11,957",Infants or newborns,mixed population of 1087 cases of cardiac defects and 10870 controls,,<1 days (range),,,logistic regression analysis,,,,,,,,"Taiwan, Province of China",,,,positive correlation,"Heart Septal Defects, Ventricular",,,adjusted odds ratios for 10 ppb change in ozone for ventricular septal defects in the single-pollutant model were 1.31 (95% CI: 1.10-1.57) among all births and 1.49 (95% CI: 1.20-1.85) among term births for the first trimester of pregnancy
26554783,,2001-2007,,Environmental,Ozone,air pollution,,,"11,957",Infants or newborns,mixed population of 1087 cases of cardiac defects and 10870 controls,,<1 days (range),,,logistic regression analysis,,,,,,,,"Taiwan, Province of China",,,,positive correlation,"Heart Septal Defects, Atrial",,,adjusted odds ratios for 10 ppb change in ozone for atrial septal defects in the single-pollutant model were 1.16(95% CI: 0.99-1.38) among all births
26554783,,2001-2007,,Environmental,Ozone,air pollution,,,"11,957",Infants or newborns,mixed population of 1087 cases of cardiac defects and 10870 controls,,<1 days (range),,,logistic regression analysis,,,,,,,,"Taiwan, Province of China",,,,positive correlation,"Ductus Arteriosus, Patent",,,"Risk of patent ductus arteriosus was related to 10 ppb ozone changes in first 3 months gestation (adjusted OR = 1.19, 95% CI: 1.01-1.40) for all births, but not for term births"
31898503,,2008-2014,age | sex,Environmental,Ozone,air pollution,,,"63,997",Subjects with disease:Ischemic Stroke,,,>=18 years (range),Both Males and Females,,"air monitoring, average from 9 sixed site monitors",,,air,Ozone,53.49 micrograms per cubic meter,mean,,China,,Shenzhen,,,,,,
31898503,,2008-2014,age | sex,Environmental,Ozone,air pollution,,,"63,997",Subjects with disease:Ischemic Stroke,,,>=18 years (range),Both Males and Females,,"air monitoring, average from 9 sixed site monitors",,,air,Ozone,6.02 micrograms per cubic meter,minimum,,China,,Shenzhen,,,,,,
31898503,,2008-2014,age | sex,Environmental,Ozone,air pollution,,,"63,997",Subjects with disease:Ischemic Stroke,,,>=18 years (range),Both Males and Females,,"air monitoring, average from 9 sixed site monitors",,,air,Ozone,16 micrograms per cubic meter,1st percentile,,China,,Shenzhen,,,,,,
31898503,,2008-2014,age | sex,Environmental,Ozone,air pollution,,,"63,997",Subjects with disease:Ischemic Stroke,,,>=18 years (range),Both Males and Females,,"air monitoring, average from 9 sixed site monitors",,,air,Ozone,23.8 micrograms per cubic meter,5th percentile,,China,,Shenzhen,,,,,,
31898503,,2008-2014,age | sex,Environmental,Ozone,air pollution,,,"63,997",Subjects with disease:Ischemic Stroke,,,>=18 years (range),Both Males and Females,,"air monitoring, average from 9 sixed site monitors",,,air,Ozone,28.89 micrograms per cubic meter,10th percentile,,China,,Shenzhen,,,,,,
31898503,,2008-2014,age | sex,Environmental,Ozone,air pollution,,,"63,997",Subjects with disease:Ischemic Stroke,,,>=18 years (range),Both Males and Females,,"air monitoring, average from 9 sixed site monitors",,,air,Ozone,36.73 micrograms per cubic meter,25th percentile,,China,,Shenzhen,,,,,,
31898503,,2008-2014,age | sex,Environmental,Ozone,air pollution,,,"63,997",Subjects with disease:Ischemic Stroke,,,>=18 years (range),Both Males and Females,,"air monitoring, average from 9 sixed site monitors",,,air,Ozone,49.82 micrograms per cubic meter,50th percentile,,China,,Shenzhen,,,,,,
31898503,,2008-2014,age | sex,Environmental,Ozone,air pollution,,,"63,997",Subjects with disease:Ischemic Stroke,,,>=18 years (range),Both Males and Females,,"air monitoring, average from 9 sixed site monitors",,,air,Ozone,67.78 micrograms per cubic meter,75th percentile,,China,,Shenzhen,,,,,,
31898503,,2008-2014,age | sex,Environmental,Ozone,air pollution,,,"63,997",Subjects with disease:Ischemic Stroke,,,>=18 years (range),Both Males and Females,,"air monitoring, average from 9 sixed site monitors",,,air,Ozone,83.71 micrograms per cubic meter,90th percentile,,China,,Shenzhen,,,,,,
31898503,,2008-2014,age | sex,Environmental,Ozone,air pollution,,,"63,997",Subjects with disease:Ischemic Stroke,,,>=18 years (range),Both Males and Females,,"air monitoring, average from 9 sixed site monitors",,,air,Ozone,93.99 micrograms per cubic meter,95th percentile,,China,,Shenzhen,,,,,,
31898503,,2008-2014,age | sex,Environmental,Ozone,air pollution,,,"63,997",Subjects with disease:Ischemic Stroke,,,>=18 years (range),Both Males and Females,,"air monitoring, average from 9 sixed site monitors",,,air,Ozone,111.57 micrograms per cubic meter,99th percentile,,China,,Shenzhen,,,,,,
31898503,,2008-2014,age | sex,Environmental,Ozone,air pollution,,,"63,997",Subjects with disease:Ischemic Stroke,,,>=18 years (range),Both Males and Females,,"air monitoring, average from 9 sixed site monitors",,,air,Ozone,143.33 micrograms per cubic meter,maximum,,China,,Shenzhen,,,,,,
31898503,,2008-2014,age | sex,Environmental,Ozone,air pollution,,,"63,997",Subjects with disease:Ischemic Stroke,,,>=18 years (range),Both Males and Females,,"air monitoring, average from 9 sixed site monitors",,,air,Ozone,31.04 micrograms per cubic meter,interquartile range,,China,,Shenzhen,,,,,,
31898503,,2008-2014,age | sex,Environmental,Ozone,air pollution,,,"63,997",Subjects with disease:Ischemic Stroke,,,>=18 years (range),Both Males and Females,,"air monitoring, average from 9 sixed site monitors",,,,,,,,China,,Shenzhen,,positive correlation,Ischemic Stroke,,,"relative risk value and 95% CI: 1.25 (1.04, 1.49) (99th vs median) at 0-14 lag days, and 1.29 (1.03, 1.61) (1st vs median) at 0-14 lag days"
20617041,Swedish Onset study,1993-1994,,Environmental,Ozone,ambient air,,,660,Subjects with disease:Myocardial Infarction,,,,,,survey method,,,air,Ozone,,,,Sweden,,Stockholm,,no correlation,Myocardial Infarction,,,
20595912,,1999-2000,,Environmental,Ozone,traffic pollution,,,12,Subjects with disease:Myocardial Infarction,113 personal exposures,,,,,personal exposure monitoring,,,air,Ozone,2.83 parts per billion,mean,,United States,Georgia,Atlanta,,,,,,
20595912,,1999-2000,,Environmental,Ozone,traffic pollution,,,12,Subjects with disease:Myocardial Infarction,113 personal exposures,,,,,personal exposure monitoring,,,air,Ozone,2.07 parts per billion,50th percentile,,United States,Georgia,Atlanta,,,,,,
20595912,,1999-2000,,Environmental,Ozone,traffic pollution,,,12,Subjects with disease:Myocardial Infarction,113 personal exposures,,,,,personal exposure monitoring,,,air,Ozone,4.03 parts per billion,interquartile range,,United States,Georgia,Atlanta,,,,,,
20595912,,1999-2000,,Environmental,Ozone,traffic pollution,,,30,Subjects with disease:Myocardial Infarction,282 personal exposures,,,,,personal exposure monitoring,,,air,Ozone,2.54 parts per billion,mean,,United States,Georgia,Atlanta,,,,,,
20595912,,1999-2000,,Environmental,Ozone,traffic pollution,,,30,Subjects with disease:Myocardial Infarction,282 personal exposures,,,,,personal exposure monitoring,,,air,Ozone,1.51 parts per billion,50th percentile,,United States,Georgia,Atlanta,,,,,,
20595912,,1999-2000,,Environmental,Ozone,traffic pollution,,,30,Subjects with disease:Myocardial Infarction,282 personal exposures,,,,,personal exposure monitoring,,,air,Ozone,3.49 parts per billion,interquartile range,,United States,Georgia,Atlanta,,,,,,
20595912,,1999-2000,,Environmental,Ozone,traffic pollution,,,169,Subjects with disease:Myocardial Infarction,169 personal exposures,,,,,personal exposure monitoring,,,air,Ozone,2.34 parts per billion,mean,,United States,Georgia,Atlanta,,,,,,
20595912,,1999-2000,,Environmental,Ozone,traffic pollution,,,169,Subjects with disease:Myocardial Infarction,169 personal exposures,,,,,personal exposure monitoring,,,air,Ozone,1.31 parts per billion,50th percentile,,United States,Georgia,Atlanta,,,,,,
20595912,,1999-2000,,Environmental,Ozone,traffic pollution,,,169,Subjects with disease:Myocardial Infarction,169 personal exposures,,,,,personal exposure monitoring,,,air,Ozone,3.09 parts per billion,interquartile range,,United States,Georgia,Atlanta,,,,,,
25564368,Cardiovascular Health and Air Pollution Study,,,Environmental,Ozone,traffic-related air pollution,,elemental carbon,43,Subjects with disease:Coronary Artery Disease,,Non-smoker,84.7 years (mean),47% Males (Only)|54% Females (Only),2% Hispanic|98% White,,,,air,Ozone,24.9 micrograms per cubic meter,mean,,United States,California,Los Angeles air basin,,,,,,
25564368,Cardiovascular Health and Air Pollution Study,,,Environmental,Ozone,traffic-related air pollution,,elemental carbon,43,Subjects with disease:Coronary Artery Disease,,Non-smoker,84.7 years (mean),47% Males (Only)|54% Females (Only),2% Hispanic|98% White,,,,air,Ozone,23.5 micrograms per cubic meter,median,,United States,California,Los Angeles air basin,,,,,,
25564368,Cardiovascular Health and Air Pollution Study,,,Environmental,Ozone,traffic-related air pollution,,elemental carbon,43,Subjects with disease:Coronary Artery Disease,,Non-smoker,84.7 years (mean),47% Males (Only)|54% Females (Only),2% Hispanic|98% White,,,,air,Ozone,15.2 micrograms per cubic meter,interquartile range,,United States,California,Los Angeles air basin,,,,,,
25564368,Cardiovascular Health and Air Pollution Study,,,Environmental,Ozone,traffic-related air pollution,,elemental carbon,43,Subjects with disease:Coronary Artery Disease,,Non-smoker,84.7 years (mean),47% Males (Only)|54% Females (Only),2% Hispanic|98% White,,,,air,Ozone,3.83 micrograms per cubic meter,minimum,,United States,California,Los Angeles air basin,,,,,,
25564368,Cardiovascular Health and Air Pollution Study,,,Environmental,Ozone,traffic-related air pollution,,elemental carbon,43,Subjects with disease:Coronary Artery Disease,,Non-smoker,84.7 years (mean),47% Males (Only)|54% Females (Only),2% Hispanic|98% White,,,,air,Ozone,60.7 micrograms per cubic meter,maximum,,United States,California,Los Angeles air basin,,,,,,
23717615,,,genetics,Environmental,Ozone,traffic-related air pollution,,,60,Subjects with disease:Coronary Artery Disease,,100% Non-smoker,>65 years (range),,,air monitoring,,,air,Ozone,27.13 parts per billion,mean,daily averages of 47 weeks of air monitoring,United States,California,Los Angeles air basin,,,,,,
23717615,,,genetics,Environmental,Ozone,traffic-related air pollution,,,60,Subjects with disease:Coronary Artery Disease,,100% Non-smoker,>65 years (range),,,air monitoring,,,air,Ozone,25.65 parts per billion,median,daily averages of 47 weeks of air monitoring,United States,California,Los Angeles air basin,,,,,,
23717615,,,genetics,Environmental,Ozone,traffic-related air pollution,,,60,Subjects with disease:Coronary Artery Disease,,100% Non-smoker,>65 years (range),,,air monitoring,,,air,Ozone,16.96 parts per billion,interquartile range,daily averages of 47 weeks of air monitoring,United States,California,Los Angeles air basin,,,,,,
23717615,,,genetics,Environmental,Ozone,traffic-related air pollution,,,60,Subjects with disease:Coronary Artery Disease,,100% Non-smoker,>65 years (range),,,air monitoring,,,air,Ozone,6.17 parts per billion,minimum,daily averages of 47 weeks of air monitoring,United States,California,Los Angeles air basin,,,,,,
23717615,,,genetics,Environmental,Ozone,traffic-related air pollution,,,60,Subjects with disease:Coronary Artery Disease,,100% Non-smoker,>65 years (range),,,air monitoring,,,air,Ozone,76.35 parts per billion,maximum,daily averages of 47 weeks of air monitoring,United States,California,Los Angeles air basin,,,,,,
16330354,Adventist Health Study on the Health Effects of Smog (AHSMOG),1976-1998,,Environmental,Ozone,,,Particulate Matter with aerodynamic diameter 10-2.5 microns,"1,149",Study subjects,,,,Males (Only),White,,,,,,,,,United States,California,,,no correlation,Coronary Disease,,,
16330354,Adventist Health Study on the Health Effects of Smog (AHSMOG),1976-1998,,Environmental,Ozone,,,Particulate Matter with aerodynamic diameter 10-2.5 microns,"2,090",Study subjects,,,,Females (Only),White,,,,,,,,,United States,California,,,positive correlation,Coronary Disease,,,
16330354,Adventist Health Study on the Health Effects of Smog (AHSMOG),1976-1998,,Environmental,Ozone,,,Particulate Matter with aerodynamic diameter 10 microns,"1,149",Study subjects,,,,Males (Only),White,,,,,,,,,United States,California,,,no correlation,Coronary Disease,,,
16330354,Adventist Health Study on the Health Effects of Smog (AHSMOG),1976-1998,,Environmental,Ozone,,,Particulate Matter with aerodynamic diameter 10 microns,"2,090",Study subjects,,,,Females (Only),White,,,,,,,,,United States,California,,,positive correlation,Coronary Disease,,,
16330354,Adventist Health Study on the Health Effects of Smog (AHSMOG),1976-1998,,Environmental,Ozone,,,Particulate Matter with aerodynamic diameter <2.5 microns,"1,149",Study subjects,,,,Males (Only),White,,,,,,,,,United States,California,,,no correlation,Coronary Disease,,,
16330354,Adventist Health Study on the Health Effects of Smog (AHSMOG),1976-1998,,Environmental,Ozone,,,Particulate Matter with aerodynamic diameter <2.5 microns,"2,090",Study subjects,,,,Females (Only),White,,,,,,,,,United States,California,,,positive correlation,Coronary Disease,,,
15987727,,,sex,Environmental,Ozone,,,,"5,338",Children,,,0-1 year (range),Both Males and Females,,,,,,,,,,United States,Texas,,,negative correlation,"Heart Septal Defects, Ventricular",,,
26717218,,2006-2009,disease,Environmental,Ozone,,,,"15,964",Subjects with disease:Myocardial Infarction,,,63 years (mean),Both Males and Females,,air monitoring,,,air,Ozone,42.7 micrograms per cubic meter,mean,,Belgium,,,,,,,,
26717218,,2006-2009,disease,Environmental,Ozone,,,,"15,964",Subjects with disease:Myocardial Infarction,,,63 years (mean),Both Males and Females,,air monitoring,,,air,Ozone,3 micrograms per cubic meter,minimum,,Belgium,,,,,,,,
26717218,,2006-2009,disease,Environmental,Ozone,,,,"15,964",Subjects with disease:Myocardial Infarction,,,63 years (mean),Both Males and Females,,air monitoring,,,air,Ozone,131 micrograms per cubic meter,maximum,,Belgium,,,,,,,,
22004949,,2001-2002,physical activity,Environmental,Ozone,,,,"30,007",Study subjects,,,21-54 years (range),Both Males and Females,40% Other|60% White,,,,,,,,,United States,California,Los Angeles,all residents in study,positive correlation,Myocardial Ischemia,,,in combination with physical inactivity
12896852,,1993-1997,sex,Environmental,Ozone,,,,"60,000",Study subjects,,,>65 years (range),Both Males and Females,,air monitoring | hospital admission data anaylsis,,,,,,,,United States,Colorado,Denver,,positive correlation,Atherosclerosis,,,
12896852,,1993-1997,sex,Environmental,Ozone,,,,"60,000",Study subjects,,,>65 years (range),Both Males and Females,,air monitoring | hospital admission data anaylsis,,,,,,,,United States,Colorado,Denver,,positive correlation,Myocardial Infarction,,,
12896852,,1993-1997,sex,Environmental,Ozone,,,,"60,000",Study subjects,,,>65 years (range),Both Males and Females,,air monitoring | hospital admission data anaylsis,,,,,,,,United States,Colorado,Denver,,positive correlation,Pulmonary Heart Disease,,,
20092648,,1995-2002,,Environmental,Ozone,,,,"157,197",Subjects with disease:Death,,,>=35 years (range),Both Males and Females,American Indian|1% Asian|5% Black|1% Hispanic|Other|92% White,air monitoring | mortality data analysis,,,,Ozone,,,,United States,Massachusetts,"Suffolk, Middlesex, and Norfolk counties",,positive correlation,Cardiovascular Diseases,,,
20092648,,1995-2002,,Environmental,Ozone,,,,"157,197",Subjects with disease:Death,,,>=35 years (range),Both Males and Females,American Indian|1% Asian|5% Black|1% Hispanic|Other|92% White,air monitoring | mortality data analysis,,,,Ozone,,,,United States,Massachusetts,"Suffolk, Middlesex, and Norfolk counties",,positive correlation,Stroke,,,
24355413,,1981-1999,,Environmental,Ozone,,,,,Study subjects,,,,,,,,,,,,,,Canada,,Calgary | Edmonton | Montreal | Ottawa | Quebec City | Saint John | Toronto | Vancouver | Windsor | Winnipeg,,positive correlation,Cardiovascular Diseases,,,
19590690,,2000-2006,,Commercial product|Environmental,Particulate Matter,"from vehicle emissions, diesel, and wood burning",,134 monitors measuring PM2.5 chemical components in 119 counties,,,,,,,,US EPA Particulate Matter Speciation Trends Network (50 national air monitoring stations and > 200 state and local air monitoring stations),,,"air, ambient",Soot,0.58 micrograms per cubic meter,median,elemental carbon,United States,,,"119 US counties with populations larger than 150,000",positive correlation,Cardiovascular Diseases,,,"EC interquartile range increase associated with 0.80% (95% posterior interval: 0.34%, 1.27%) increase in risk of same-day cardiovascular admissions"
24509062,,2001-2007,,Environmental,Particulate Matter,aged sea salt,,particulate matter with aerodynamic diameter <=10 microns,,,,,,,,general additive models with log link and Poisson error,,,,,,,,Hong Kong,,,,positive correlation,Myocardial Ischemia,,,"1.19% increase in ischemic heart disease hospitalizations per interquartile range (IQR) increment (95% CI: 0.04, 2.36) in multisource model; IQR = 5.9 micrograms per cubic meter"
22188661,Beijing Truck Driver Air Pollution Study (BTDAS),2008-2008,,Environmental,Particulate Matter,Air Pollutants,120,Ambient Particulate Matter <=10 microns,240,Workers,Office workers and truck drivers,,30-33 years (range),Both Males and Females,,blood pressure monitoring | gravimetric analysis | survey method,,,"air, ambient",Particulate Matter,,,,China,,Beijing,,positive correlation,Hypertension,,,
22632576,,2009-2009,socioeconomic status,Environmental,Particulate Matter,Air Pollutants,,,166,Children,,,9.9 years (mean),Both Males and Females,,,,,air,Particulate Matter,,,,Pakistan,,Lahore,area of high air pollution,prediction/hypothesis,Cardiovascular Diseases,,,
22632576,,2009-2009,socioeconomic status,Environmental,Particulate Matter,Air Pollutants,,,166,Children,,,9.9 years (mean),Both Males and Females,,,,,air,Particulate Matter,,,,Pakistan,,Lahore,area of high air pollution,positive correlation,Hypertension,,,
21193387,,2002-2004,,Environmental,Particulate Matter,"Air Pollutants, Traffic Pollution",,,,,,,,,,energy dispersive x-ray fluorescence | filter sampling | reflectometry,,,air,Particulate Matter,,,,United States,Washingtom,Seattle,"Particulate Matter <= 2.5 microns, cold season",positive correlation,Cardiovascular Diseases,,,
21193387,,2002-2004,,Environmental,Particulate Matter,"Air Pollutants, Traffic Pollution",,,,,,,,,,energy dispersive x-ray fluorescence | filter sampling | reflectometry,,,air,Particulate Matter,,,,United States,Michigan,Detroit,"Particulate Matter <= 2.5 microns, Warm Season",positive correlation,Cardiovascular Diseases,,,
27239507,,1993-2006,,Environmental,Particulate Matter,air pollution,,particulate matter with aerodynamic diameter <=10 microns,871,Study subjects,"mixed polulation of 249 Alzheimer Disease, 125 Vascular Dementia and 497 Control subjects",,,44% Males (Only)|56% Females (Only),,air monitoring,,,,,,,,"Taiwan, Province of China",,,,positive correlation,"Dementia, Vascular",,,"highest tertile of PM10 was significantly associated with vascular dementia risk, highest vs lowest tertile: adjusted odds ratio = 3.61, 95% CI=1.67-7.81"
26554783,,2001-2007,,Environmental,Particulate Matter,air pollution,,particulate matter with aerodynamic diameter <=10 microns,"11,957",Infants or newborns,mixed population of 1087 cases of cardiac defects and 10870 controls,,<1 days (range),,,logistic regression analysis,,,,,,,,"Taiwan, Province of China",,,,positive correlation,"Heart Septal Defects, Atrial",,,"Risk of atrial septal defects was also associated with 10 micrograms per cubic meter change in PM10 in the first trimester of pregnancy (adjusted odds ratio = 1.07, 95% CI: 0.98-1.17) for all births"
24939673,,1995-2007,,Environmental,Particulate Matter,air pollution,,particulate matter with aerodynamic diameter <=10 microns,"267,839",Study subjects,,,,,,Poisson regression analysis,,,,,,,,United Kingdom,,London,,prediction/hypothesis,Stroke,,,significant association between Particulate Matter (PM10) and mild stroke when PM10 concentration was examined as a categorical variable by tertile
31898503,,2008-2014,age | sex,Environmental,Particulate Matter,air pollution,,particulate matter with aerodynamic diameter<=10 microns,"63,997",Subjects with disease:Ischemic Stroke,,,>=18 years (range),Both Males and Females,,"air monitoring, average from 9 sixed site monitors",,,air,Particulate Matter,55.91 micrograms per cubic meter,mean,,China,,Shenzhen,,,,,,
31898503,,2008-2014,age | sex,Environmental,Particulate Matter,air pollution,,particulate matter with aerodynamic diameter<=10 microns,"63,997",Subjects with disease:Ischemic Stroke,,,>=18 years (range),Both Males and Females,,"air monitoring, average from 9 sixed site monitors",,,air,Particulate Matter,10.86 micrograms per cubic meter,minimum,,China,,Shenzhen,,,,,,
31898503,,2008-2014,age | sex,Environmental,Particulate Matter,air pollution,,particulate matter with aerodynamic diameter<=10 microns,"63,997",Subjects with disease:Ischemic Stroke,,,>=18 years (range),Both Males and Females,,"air monitoring, average from 9 sixed site monitors",,,air,Particulate Matter,16.14 micrograms per cubic meter,1st percentile,,China,,Shenzhen,,,,,,
31898503,,2008-2014,age | sex,Environmental,Particulate Matter,air pollution,,particulate matter with aerodynamic diameter<=10 microns,"63,997",Subjects with disease:Ischemic Stroke,,,>=18 years (range),Both Males and Females,,"air monitoring, average from 9 sixed site monitors",,,air,Particulate Matter,21.04 micrograms per cubic meter,5th percentile,,China,,Shenzhen,,,,,,
31898503,,2008-2014,age | sex,Environmental,Particulate Matter,air pollution,,particulate matter with aerodynamic diameter<=10 microns,"63,997",Subjects with disease:Ischemic Stroke,,,>=18 years (range),Both Males and Females,,"air monitoring, average from 9 sixed site monitors",,,air,Particulate Matter,23.96 micrograms per cubic meter,10th percentile,,China,,Shenzhen,,,,,,
31898503,,2008-2014,age | sex,Environmental,Particulate Matter,air pollution,,particulate matter with aerodynamic diameter<=10 microns,"63,997",Subjects with disease:Ischemic Stroke,,,>=18 years (range),Both Males and Females,,"air monitoring, average from 9 sixed site monitors",,,air,Particulate Matter,31.44 micrograms per cubic meter,25th percentile,,China,,Shenzhen,,,,,,
31898503,,2008-2014,age | sex,Environmental,Particulate Matter,air pollution,,particulate matter with aerodynamic diameter<=10 microns,"63,997",Subjects with disease:Ischemic Stroke,,,>=18 years (range),Both Males and Females,,"air monitoring, average from 9 sixed site monitors",,,air,Particulate Matter,48.29 micrograms per cubic meter,50th percentile,,China,,Shenzhen,,,,,,
31898503,,2008-2014,age | sex,Environmental,Particulate Matter,air pollution,,particulate matter with aerodynamic diameter<=10 microns,"63,997",Subjects with disease:Ischemic Stroke,,,>=18 years (range),Both Males and Females,,"air monitoring, average from 9 sixed site monitors",,,air,Particulate Matter,74.66 micrograms per cubic meter,75th percentile,,China,,Shenzhen,,,,,,
31898503,,2008-2014,age | sex,Environmental,Particulate Matter,air pollution,,particulate matter with aerodynamic diameter<=10 microns,"63,997",Subjects with disease:Ischemic Stroke,,,>=18 years (range),Both Males and Females,,"air monitoring, average from 9 sixed site monitors",,,air,Particulate Matter,97.67 micrograms per cubic meter,90th percentile,,China,,Shenzhen,,,,,,
31898503,,2008-2014,age | sex,Environmental,Particulate Matter,air pollution,,particulate matter with aerodynamic diameter<=10 microns,"63,997",Subjects with disease:Ischemic Stroke,,,>=18 years (range),Both Males and Females,,"air monitoring, average from 9 sixed site monitors",,,air,Particulate Matter,114.17 micrograms per cubic meter,95th percentile,,China,,Shenzhen,,,,,,
31898503,,2008-2014,age | sex,Environmental,Particulate Matter,air pollution,,particulate matter with aerodynamic diameter<=10 microns,"63,997",Subjects with disease:Ischemic Stroke,,,>=18 years (range),Both Males and Females,,"air monitoring, average from 9 sixed site monitors",,,air,Particulate Matter,145.94 micrograms per cubic meter,99th percentile,,China,,Shenzhen,,,,,,
31898503,,2008-2014,age | sex,Environmental,Particulate Matter,air pollution,,particulate matter with aerodynamic diameter<=10 microns,"63,997",Subjects with disease:Ischemic Stroke,,,>=18 years (range),Both Males and Females,,"air monitoring, average from 9 sixed site monitors",,,air,Particulate Matter,182.23 micrograms per cubic meter,maximum,,China,,Shenzhen,,,,,,
31898503,,2008-2014,age | sex,Environmental,Particulate Matter,air pollution,,particulate matter with aerodynamic diameter<=10 microns,"63,997",Subjects with disease:Ischemic Stroke,,,>=18 years (range),Both Males and Females,,"air monitoring, average from 9 sixed site monitors",,,air,Particulate Matter,43.21 micrograms per cubic meter,interquartile range,,China,,Shenzhen,,,,,,
31898503,,2008-2014,age | sex,Environmental,Particulate Matter,air pollution,,particulate matter with aerodynamic diameter<=10 microns,"63,997",Subjects with disease:Ischemic Stroke,,,>=18 years (range),Both Males and Females,,"air monitoring, average from 9 sixed site monitors",,,,,,,,China,,Shenzhen,,positive correlation,Ischemic Stroke,,,"relative risk value and 95% CI: 1.26 (1.04, 1.53) (99th vs median) at 0-12 lag days"
24952943,,2003-2009,age | sex,Environmental,Particulate Matter,air pollution,,particulate matter with aerodynamic diameter <=2.5 microns,"3,619,477",Study subjects,"subjects derived from Myocardial Ischemica National Audit Project, Hospital Episode Statistics, and mortality (Office of Statistics)",,60-88 years (range),Both Males and Females,,air monitoring-46 monitors,,,,,,,,United Kingdom,,,,positive correlation,"Arrhythmias, Cardiac",,,
24952943,,2003-2009,age | sex,Environmental,Particulate Matter,air pollution,,particulate matter with aerodynamic diameter <=2.5 microns,"3,619,477",Study subjects,"subjects derived from Myocardial Ischemica National Audit Project, Hospital Episode Statistics, and mortality (Office of Statistics)",,60-88 years (range),Both Males and Females,,air monitoring-46 monitors,,,,,,,,United Kingdom,,,,positive correlation,Atrial Fibrillation,,,
24952943,,2003-2009,age | sex,Environmental,Particulate Matter,air pollution,,particulate matter with aerodynamic diameter <=2.5 microns,"3,619,477",Study subjects,"subjects derived from Myocardial Ischemica National Audit Project, Hospital Episode Statistics, and mortality (Office of Statistics)",,60-88 years (range),Both Males and Females,,air monitoring-46 monitors,,,,,,,,United Kingdom,,,,positive correlation,Stroke,,,
32066433,,2000-2008,age | race | sex | socioeconomic status,Environmental,Particulate Matter,air pollution,,particulate matter with aerodynamic diameter <=2.5 microns,"53,954,845",Study subjects,Medicare beneficiaries,,>=65 years (range),,,hybrid machine learning and Cox proportional hazard models,,,,,,,,United States,,,,positive correlation,Cardiovascular Diseases,,,significant association between a 10 microgram/cubic meter increase in 12-month average PM2.5 and 8.8% increase in cardiovascular-related deaths
30826618,Normative Aging Study (NAS),2003-2011,,Environmental,Particulate Matter,air pollution,,"particulate matter with aerodynamic diameter <2.5 microns, 1 day exposure window",774,Veterans,,4% Current smoker|65% Former smoker|31% Never smoker,55-85 years (range),100% Males (Only),,,,,,,,,,United States,Massachusetts,Boston,,prediction/hypothesis,Cardiovascular Diseases,,,
30826618,Normative Aging Study (NAS),2003-2011,,Environmental,Particulate Matter,air pollution,,"particulate matter with aerodynamic diameter <2.5 microns, 1 day exposure window",774,Veterans,,4% Current smoker|65% Former smoker|31% Never smoker,55-85 years (range),100% Males (Only),,,,,,,,,,United States,Massachusetts,Boston,,prediction/hypothesis,Hypertension,,,
27517877,"National Social Life, Health and Aging Project (NSHAP)",2005-2011,disease | socioeconomic status,Environmental,Particulate Matter,air pollution,,particulate matter with aerodynamic size <= 2.5 microns,285,Subjects with disease:Heart Failure,,Current smoker|Non-smoker,57-85 years (range),Both Males and Females,Black|Hispanic|Other|White,air monitoring | logistic regression | spatiotemporal models | survey method,,,,,,,,United States,,,,positive correlation,Anxiety Disorders,,,
27517877,"National Social Life, Health and Aging Project (NSHAP)",2005-2011,disease | socioeconomic status,Environmental,Particulate Matter,air pollution,,particulate matter with aerodynamic size <= 2.5 microns,317,Subjects with disease:Stroke,,Current smoker|Non-smoker,57-85 years (range),Both Males and Females,Black|Hispanic|Other|White,air monitoring | logistic regression | spatiotemporal models | survey method,,,,,,,,United States,,,,positive correlation,Depressive Disorder,,,
27517877,"National Social Life, Health and Aging Project (NSHAP)",2005-2011,disease | socioeconomic status,Environmental,Particulate Matter,air pollution,,particulate matter with aerodynamic size <= 2.5 microns,317,Subjects with disease:Stroke,,Current smoker|Non-smoker,57-85 years (range),Both Males and Females,Black|Hispanic|Other|White,air monitoring | logistic regression | spatiotemporal models | survey method,,,,,,,,United States,,,,positive correlation,Anxiety Disorders,,,
29351544,,2013-2013,,Environmental,Particulate Matter,air pollution,,particulate matter with aerodynamic size <= 2.5 microns,615,Controls for disease:Hypertension,,Current smoker|Former smoker|Never smoker,>=18 years (range),Both Males and Females,,satellite-based spatiotemporal model,,,air,Particulate Matter,23.8 micrograms per cubic meter,mean,distribution of 2 year average concentration at baseline,"Taiwan, Province of China",,,,,,,,
29351544,,2013-2013,,Environmental,Particulate Matter,air pollution,,particulate matter with aerodynamic size <= 2.5 microns,615,Controls for disease:Hypertension,,Current smoker|Former smoker|Never smoker,>=18 years (range),Both Males and Females,,satellite-based spatiotemporal model,,,air,Particulate Matter,20.7 micrograms per cubic meter,25th percentile,distribution of 2 year average concentration at baseline,"Taiwan, Province of China",,,,,,,,
29351544,,2013-2013,,Environmental,Particulate Matter,air pollution,,particulate matter with aerodynamic size <= 2.5 microns,615,Controls for disease:Hypertension,,Current smoker|Former smoker|Never smoker,>=18 years (range),Both Males and Females,,satellite-based spatiotemporal model,,,air,Particulate Matter,22.9 micrograms per cubic meter,50th percentile,distribution of 2 year average concentration at baseline,"Taiwan, Province of China",,,,,,,,
29351544,,2013-2013,,Environmental,Particulate Matter,air pollution,,particulate matter with aerodynamic size <= 2.5 microns,615,Controls for disease:Hypertension,,Current smoker|Former smoker|Never smoker,>=18 years (range),Both Males and Females,,satellite-based spatiotemporal model,,,air,Particulate Matter,25.3 micrograms per cubic meter,75th percentile,distribution of 2 year average concentration at baseline,"Taiwan, Province of China",,,,,,,,
29351544,,2012-2012,,Environmental,Particulate Matter,air pollution,,particulate matter with aerodynamic size <= 2.5 microns,"3,123",Controls for disease:Hypertension,,Current smoker|Former smoker|Never smoker,>=18 years (range),Both Males and Females,,satellite-based spatiotemporal model,,,air,Particulate Matter,24.3 micrograms per cubic meter,mean,distribution of 2 year average concentration at baseline,"Taiwan, Province of China",,,,,,,,
29351544,,2012-2012,,Environmental,Particulate Matter,air pollution,,particulate matter with aerodynamic size <= 2.5 microns,"3,123",Controls for disease:Hypertension,,Current smoker|Former smoker|Never smoker,>=18 years (range),Both Males and Females,,satellite-based spatiotemporal model,,,air,Particulate Matter,20.9 micrograms per cubic meter,25th percentile,distribution of 2 year average concentration at baseline,"Taiwan, Province of China",,,,,,,,
29351544,,2012-2012,,Environmental,Particulate Matter,air pollution,,particulate matter with aerodynamic size <= 2.5 microns,"3,123",Controls for disease:Hypertension,,Current smoker|Former smoker|Never smoker,>=18 years (range),Both Males and Females,,satellite-based spatiotemporal model,,,air,Particulate Matter,22.9 micrograms per cubic meter,50th percentile,distribution of 2 year average concentration at baseline,"Taiwan, Province of China",,,,,,,,
29351544,,2012-2012,,Environmental,Particulate Matter,air pollution,,particulate matter with aerodynamic size <= 2.5 microns,"3,123",Controls for disease:Hypertension,,Current smoker|Former smoker|Never smoker,>=18 years (range),Both Males and Females,,satellite-based spatiotemporal model,,,air,Particulate Matter,25.2 micrograms per cubic meter,75th percentile,distribution of 2 year average concentration at baseline,"Taiwan, Province of China",,,,,,,,
29351544,,2011-2011,,Environmental,Particulate Matter,air pollution,,particulate matter with aerodynamic size <= 2.5 microns,"4,944",Controls for disease:Hypertension,,Current smoker|Former smoker|Never smoker,>=18 years (range),Both Males and Females,,satellite-based spatiotemporal model,,,air,Particulate Matter,25.7 micrograms per cubic meter,mean,distribution of 2 year average concentration at baseline,"Taiwan, Province of China",,,,,,,,
29351544,,2011-2011,,Environmental,Particulate Matter,air pollution,,particulate matter with aerodynamic size <= 2.5 microns,"4,944",Controls for disease:Hypertension,,Current smoker|Former smoker|Never smoker,>=18 years (range),Both Males and Females,,satellite-based spatiotemporal model,,,air,Particulate Matter,21 micrograms per cubic meter,25th percentile,distribution of 2 year average concentration at baseline,"Taiwan, Province of China",,,,,,,,
29351544,,2011-2011,,Environmental,Particulate Matter,air pollution,,particulate matter with aerodynamic size <= 2.5 microns,"4,944",Controls for disease:Hypertension,,Current smoker|Former smoker|Never smoker,>=18 years (range),Both Males and Females,,satellite-based spatiotemporal model,,,air,Particulate Matter,23.4 micrograms per cubic meter,50th percentile,distribution of 2 year average concentration at baseline,"Taiwan, Province of China",,,,,,,,
29351544,,2011-2011,,Environmental,Particulate Matter,air pollution,,particulate matter with aerodynamic size <= 2.5 microns,"4,944",Controls for disease:Hypertension,,Current smoker|Former smoker|Never smoker,>=18 years (range),Both Males and Females,,satellite-based spatiotemporal model,,,air,Particulate Matter,26.2 micrograms per cubic meter,75th percentile,distribution of 2 year average concentration at baseline,"Taiwan, Province of China",,,,,,,,
29351544,,2010-2010,,Environmental,Particulate Matter,air pollution,,particulate matter with aerodynamic size <= 2.5 microns,"6,077",Controls for disease:Hypertension,,Current smoker|Former smoker|Never smoker,>=18 years (range),Both Males and Females,,satellite-based spatiotemporal model,,,air,Particulate Matter,26.3 micrograms per cubic meter,mean,distribution of 2 year average concentration at baseline,"Taiwan, Province of China",,,,,,,,
29351544,,2010-2010,,Environmental,Particulate Matter,air pollution,,particulate matter with aerodynamic size <= 2.5 microns,"6,077",Controls for disease:Hypertension,,Current smoker|Former smoker|Never smoker,>=18 years (range),Both Males and Females,,satellite-based spatiotemporal model,,,air,Particulate Matter,21.6 micrograms per cubic meter,25th percentile,distribution of 2 year average concentration at baseline,"Taiwan, Province of China",,,,,,,,
29351544,,2010-2010,,Environmental,Particulate Matter,air pollution,,particulate matter with aerodynamic size <= 2.5 microns,"6,077",Controls for disease:Hypertension,,Current smoker|Former smoker|Never smoker,>=18 years (range),Both Males and Females,,satellite-based spatiotemporal model,,,air,Particulate Matter,23.6 micrograms per cubic meter,50th percentile,distribution of 2 year average concentration at baseline,"Taiwan, Province of China",,,,,,,,
29351544,,2010-2010,,Environmental,Particulate Matter,air pollution,,particulate matter with aerodynamic size <= 2.5 microns,"6,077",Controls for disease:Hypertension,,Current smoker|Former smoker|Never smoker,>=18 years (range),Both Males and Females,,satellite-based spatiotemporal model,,,air,Particulate Matter,29.6 micrograms per cubic meter,75th percentile,distribution of 2 year average concentration at baseline,"Taiwan, Province of China",,,,,,,,
29351544,,2009-2009,,Environmental,Particulate Matter,air pollution,,particulate matter with aerodynamic size <= 2.5 microns,"6,125",Controls for disease:Hypertension,,Current smoker|Former smoker|Never smoker,>=18 years (range),Both Males and Females,,satellite-based spatiotemporal model,,,air,Particulate Matter,27.7 micrograms per cubic meter,mean,distribution of 2 year average concentration at baseline,"Taiwan, Province of China",,,,,,,,
29351544,,2009-2009,,Environmental,Particulate Matter,air pollution,,particulate matter with aerodynamic size <= 2.5 microns,"6,125",Controls for disease:Hypertension,,Current smoker|Former smoker|Never smoker,>=18 years (range),Both Males and Females,,satellite-based spatiotemporal model,,,air,Particulate Matter,22.7 micrograms per cubic meter,25th percentile,distribution of 2 year average concentration at baseline,"Taiwan, Province of China",,,,,,,,
29351544,,2009-2009,,Environmental,Particulate Matter,air pollution,,particulate matter with aerodynamic size <= 2.5 microns,"6,125",Controls for disease:Hypertension,,Current smoker|Former smoker|Never smoker,>=18 years (range),Both Males and Females,,satellite-based spatiotemporal model,,,air,Particulate Matter,25.3 micrograms per cubic meter,50th percentile,distribution of 2 year average concentration at baseline,"Taiwan, Province of China",,,,,,,,
29351544,,2009-2009,,Environmental,Particulate Matter,air pollution,,particulate matter with aerodynamic size <= 2.5 microns,"6,125",Controls for disease:Hypertension,,Current smoker|Former smoker|Never smoker,>=18 years (range),Both Males and Females,,satellite-based spatiotemporal model,,,air,Particulate Matter,31.4 micrograms per cubic meter,75th percentile,distribution of 2 year average concentration at baseline,"Taiwan, Province of China",,,,,,,,
29351544,,2008-2008,,Environmental,Particulate Matter,air pollution,,particulate matter with aerodynamic size <= 2.5 microns,"7,567",Controls for disease:Hypertension,,Current smoker|Former smoker|Never smoker,>=18 years (range),Both Males and Females,,satellite-based spatiotemporal model,,,air,Particulate Matter,26.8 micrograms per cubic meter,mean,distribution of 2 year average concentration at baseline,"Taiwan, Province of China",,,,,,,,
29351544,,2008-2008,,Environmental,Particulate Matter,air pollution,,particulate matter with aerodynamic size <= 2.5 microns,"7,567",Controls for disease:Hypertension,,Current smoker|Former smoker|Never smoker,>=18 years (range),Both Males and Females,,satellite-based spatiotemporal model,,,air,Particulate Matter,22.6 micrograms per cubic meter,25th percentile,distribution of 2 year average concentration at baseline,"Taiwan, Province of China",,,,,,,,
29351544,,2008-2008,,Environmental,Particulate Matter,air pollution,,particulate matter with aerodynamic size <= 2.5 microns,"7,567",Controls for disease:Hypertension,,Current smoker|Former smoker|Never smoker,>=18 years (range),Both Males and Females,,satellite-based spatiotemporal model,,,air,Particulate Matter,24.8 micrograms per cubic meter,50th percentile,distribution of 2 year average concentration at baseline,"Taiwan, Province of China",,,,,,,,
29351544,,2008-2008,,Environmental,Particulate Matter,air pollution,,particulate matter with aerodynamic size <= 2.5 microns,"7,567",Controls for disease:Hypertension,,Current smoker|Former smoker|Never smoker,>=18 years (range),Both Males and Females,,satellite-based spatiotemporal model,,,air,Particulate Matter,27.3 micrograms per cubic meter,75th percentile,distribution of 2 year average concentration at baseline,"Taiwan, Province of China",,,,,,,,
29351544,,2007-2007,,Environmental,Particulate Matter,air pollution,,particulate matter with aerodynamic size <= 2.5 microns,"8,863",Controls for disease:Hypertension,,Current smoker|Former smoker|Never smoker,>=18 years (range),Both Males and Females,,satellite-based spatiotemporal model,,,air,Particulate Matter,26.8 micrograms per cubic meter,mean,distribution of 2 year average concentration at baseline,"Taiwan, Province of China",,,,,,,,
29351544,,2007-2007,,Environmental,Particulate Matter,air pollution,,particulate matter with aerodynamic size <= 2.5 microns,"8,863",Controls for disease:Hypertension,,Current smoker|Former smoker|Never smoker,>=18 years (range),Both Males and Females,,satellite-based spatiotemporal model,,,air,Particulate Matter,22.7 micrograms per cubic meter,25th percentile,distribution of 2 year average concentration at baseline,"Taiwan, Province of China",,,,,,,,
29351544,,2007-2007,,Environmental,Particulate Matter,air pollution,,particulate matter with aerodynamic size <= 2.5 microns,"8,863",Controls for disease:Hypertension,,Current smoker|Former smoker|Never smoker,>=18 years (range),Both Males and Females,,satellite-based spatiotemporal model,,,air,Particulate Matter,25 micrograms per cubic meter,50th percentile,distribution of 2 year average concentration at baseline,"Taiwan, Province of China",,,,,,,,
29351544,,2007-2007,,Environmental,Particulate Matter,air pollution,,particulate matter with aerodynamic size <= 2.5 microns,"8,863",Controls for disease:Hypertension,,Current smoker|Former smoker|Never smoker,>=18 years (range),Both Males and Females,,satellite-based spatiotemporal model,,,air,Particulate Matter,27.4 micrograms per cubic meter,75th percentile,distribution of 2 year average concentration at baseline,"Taiwan, Province of China",,,,,,,,
29351544,,2006-2006,,Environmental,Particulate Matter,air pollution,,particulate matter with aerodynamic size <= 2.5 microns,"9,512",Controls for disease:Hypertension,,Current smoker|Former smoker|Never smoker,>=18 years (range),Both Males and Females,,satellite-based spatiotemporal model,,,air,Particulate Matter,26.9 micrograms per cubic meter,mean,distribution of 2 year average concentration at baseline,"Taiwan, Province of China",,,,,,,,
29351544,,2006-2006,,Environmental,Particulate Matter,air pollution,,particulate matter with aerodynamic size <= 2.5 microns,"9,512",Controls for disease:Hypertension,,Current smoker|Former smoker|Never smoker,>=18 years (range),Both Males and Females,,satellite-based spatiotemporal model,,,air,Particulate Matter,22.5 micrograms per cubic meter,25th percentile,distribution of 2 year average concentration at baseline,"Taiwan, Province of China",,,,,,,,
29351544,,2006-2006,,Environmental,Particulate Matter,air pollution,,particulate matter with aerodynamic size <= 2.5 microns,"9,512",Controls for disease:Hypertension,,Current smoker|Former smoker|Never smoker,>=18 years (range),Both Males and Females,,satellite-based spatiotemporal model,,,air,Particulate Matter,24.8 micrograms per cubic meter,50th percentile,distribution of 2 year average concentration at baseline,"Taiwan, Province of China",,,,,,,,
29351544,,2006-2006,,Environmental,Particulate Matter,air pollution,,particulate matter with aerodynamic size <= 2.5 microns,"9,512",Controls for disease:Hypertension,,Current smoker|Former smoker|Never smoker,>=18 years (range),Both Males and Females,,satellite-based spatiotemporal model,,,air,Particulate Matter,27.5 micrograms per cubic meter,75th percentile,distribution of 2 year average concentration at baseline,"Taiwan, Province of China",,,,,,,,
29351544,,2005-2005,,Environmental,Particulate Matter,air pollution,,particulate matter with aerodynamic size <= 2.5 microns,"10,653",Controls for disease:Hypertension,,Current smoker|Former smoker|Never smoker,>=18 years (range),Both Males and Females,,satellite-based spatiotemporal model,,,air,Particulate Matter,27.4 micrograms per cubic meter,mean,distribution of 2 year average concentration at baseline,"Taiwan, Province of China",,,,,,,,
29351544,,2005-2005,,Environmental,Particulate Matter,air pollution,,particulate matter with aerodynamic size <= 2.5 microns,"10,653",Controls for disease:Hypertension,,Current smoker|Former smoker|Never smoker,>=18 years (range),Both Males and Females,,satellite-based spatiotemporal model,,,air,Particulate Matter,22.3 micrograms per cubic meter,25th percentile,distribution of 2 year average concentration at baseline,"Taiwan, Province of China",,,,,,,,
29351544,,2005-2005,,Environmental,Particulate Matter,air pollution,,particulate matter with aerodynamic size <= 2.5 microns,"10,653",Controls for disease:Hypertension,,Current smoker|Former smoker|Never smoker,>=18 years (range),Both Males and Females,,satellite-based spatiotemporal model,,,air,Particulate Matter,24.8 micrograms per cubic meter,50th percentile,distribution of 2 year average concentration at baseline,"Taiwan, Province of China",,,,,,,,
29351544,,2005-2005,,Environmental,Particulate Matter,air pollution,,particulate matter with aerodynamic size <= 2.5 microns,"10,653",Controls for disease:Hypertension,,Current smoker|Former smoker|Never smoker,>=18 years (range),Both Males and Females,,satellite-based spatiotemporal model,,,air,Particulate Matter,30.9 micrograms per cubic meter,75th percentile,distribution of 2 year average concentration at baseline,"Taiwan, Province of China",,,,,,,,
29351544,,2003-2003,,Environmental,Particulate Matter,air pollution,,particulate matter with aerodynamic size <= 2.5 microns,"11,178",Controls for disease:Hypertension,,Current smoker|Former smoker|Never smoker,>=18 years (range),Both Males and Females,,satellite-based spatiotemporal model,,,air,Particulate Matter,28.8 micrograms per cubic meter,mean,distribution of 2 year average concentration at baseline,"Taiwan, Province of China",,,,,,,,
29351544,,2003-2003,,Environmental,Particulate Matter,air pollution,,particulate matter with aerodynamic size <= 2.5 microns,"11,178",Controls for disease:Hypertension,,Current smoker|Former smoker|Never smoker,>=18 years (range),Both Males and Females,,satellite-based spatiotemporal model,,,air,Particulate Matter,23.1 micrograms per cubic meter,25th percentile,distribution of 2 year average concentration at baseline,"Taiwan, Province of China",,,,,,,,
29351544,,2003-2003,,Environmental,Particulate Matter,air pollution,,particulate matter with aerodynamic size <= 2.5 microns,"11,178",Controls for disease:Hypertension,,Current smoker|Former smoker|Never smoker,>=18 years (range),Both Males and Females,,satellite-based spatiotemporal model,,,air,Particulate Matter,25.8 micrograms per cubic meter,50th percentile,distribution of 2 year average concentration at baseline,"Taiwan, Province of China",,,,,,,,
29351544,,2003-2003,,Environmental,Particulate Matter,air pollution,,particulate matter with aerodynamic size <= 2.5 microns,"11,178",Controls for disease:Hypertension,,Current smoker|Former smoker|Never smoker,>=18 years (range),Both Males and Females,,satellite-based spatiotemporal model,,,air,Particulate Matter,36 micrograms per cubic meter,75th percentile,distribution of 2 year average concentration at baseline,"Taiwan, Province of China",,,,,,,,
29351544,,2004-2004,,Environmental,Particulate Matter,air pollution,,particulate matter with aerodynamic size <= 2.5 microns,"11,544",Controls for disease:Hypertension,,Current smoker|Former smoker|Never smoker,>=18 years (range),Both Males and Females,,satellite-based spatiotemporal model,,,air,Particulate Matter,29.9 micrograms per cubic meter,mean,distribution of 2 year average concentration at baseline,"Taiwan, Province of China",,,,,,,,
29351544,,2004-2004,,Environmental,Particulate Matter,air pollution,,particulate matter with aerodynamic size <= 2.5 microns,"11,544",Controls for disease:Hypertension,,Current smoker|Former smoker|Never smoker,>=18 years (range),Both Males and Females,,satellite-based spatiotemporal model,,,air,Particulate Matter,23.6 micrograms per cubic meter,25th percentile,distribution of 2 year average concentration at baseline,"Taiwan, Province of China",,,,,,,,
29351544,,2004-2004,,Environmental,Particulate Matter,air pollution,,particulate matter with aerodynamic size <= 2.5 microns,"11,544",Controls for disease:Hypertension,,Current smoker|Former smoker|Never smoker,>=18 years (range),Both Males and Females,,satellite-based spatiotemporal model,,,air,Particulate Matter,26.5 micrograms per cubic meter,50th percentile,distribution of 2 year average concentration at baseline,"Taiwan, Province of China",,,,,,,,
29351544,,2004-2004,,Environmental,Particulate Matter,air pollution,,particulate matter with aerodynamic size <= 2.5 microns,"11,544",Controls for disease:Hypertension,,Current smoker|Former smoker|Never smoker,>=18 years (range),Both Males and Females,,satellite-based spatiotemporal model,,,air,Particulate Matter,38.9 micrograms per cubic meter,75th percentile,distribution of 2 year average concentration at baseline,"Taiwan, Province of China",,,,,,,,
29351544,,2002-2002,,Environmental,Particulate Matter,air pollution,,particulate matter with aerodynamic size <= 2.5 microns,"18,107",Controls for disease:Hypertension,,Current smoker|Former smoker|Never smoker,>=18 years (range),Both Males and Females,,satellite-based spatiotemporal model,,,air,Particulate Matter,26.5 micrograms per cubic meter,mean,distribution of 2 year average concentration at baseline,"Taiwan, Province of China",,,,,,,,
29351544,,2002-2002,,Environmental,Particulate Matter,air pollution,,particulate matter with aerodynamic size <= 2.5 microns,"18,107",Controls for disease:Hypertension,,Current smoker|Former smoker|Never smoker,>=18 years (range),Both Males and Females,,satellite-based spatiotemporal model,,,air,Particulate Matter,20.8 micrograms per cubic meter,25th percentile,distribution of 2 year average concentration at baseline,"Taiwan, Province of China",,,,,,,,
29351544,,2002-2002,,Environmental,Particulate Matter,air pollution,,particulate matter with aerodynamic size <= 2.5 microns,"18,107",Controls for disease:Hypertension,,Current smoker|Former smoker|Never smoker,>=18 years (range),Both Males and Females,,satellite-based spatiotemporal model,,,air,Particulate Matter,23.4 micrograms per cubic meter,50th percentile,distribution of 2 year average concentration at baseline,"Taiwan, Province of China",,,,,,,,
29351544,,2002-2002,,Environmental,Particulate Matter,air pollution,,particulate matter with aerodynamic size <= 2.5 microns,"18,107",Controls for disease:Hypertension,,Current smoker|Former smoker|Never smoker,>=18 years (range),Both Males and Females,,satellite-based spatiotemporal model,,,air,Particulate Matter,34.4 micrograms per cubic meter,75th percentile,distribution of 2 year average concentration at baseline,"Taiwan, Province of China",,,,,,,,
29351544,,2001-2001,,Environmental,Particulate Matter,air pollution,,particulate matter with aerodynamic size <= 2.5 microns,"27,605",Controls for disease:Hypertension,,Current smoker|Former smoker|Never smoker,>=18 years (range),Both Males and Females,,satellite-based spatiotemporal model,,,air,Particulate Matter,24.8 micrograms per cubic meter,mean,distribution of 2 year average concentration at baseline,"Taiwan, Province of China",,,,,,,,
29351544,,2001-2001,,Environmental,Particulate Matter,air pollution,,particulate matter with aerodynamic size <= 2.5 microns,"27,605",Controls for disease:Hypertension,,Current smoker|Former smoker|Never smoker,>=18 years (range),Both Males and Females,,satellite-based spatiotemporal model,,,air,Particulate Matter,19.9 micrograms per cubic meter,25th percentile,distribution of 2 year average concentration at baseline,"Taiwan, Province of China",,,,,,,,
29351544,,2001-2001,,Environmental,Particulate Matter,air pollution,,particulate matter with aerodynamic size <= 2.5 microns,"27,605",Controls for disease:Hypertension,,Current smoker|Former smoker|Never smoker,>=18 years (range),Both Males and Females,,satellite-based spatiotemporal model,,,air,Particulate Matter,22.3 micrograms per cubic meter,50th percentile,distribution of 2 year average concentration at baseline,"Taiwan, Province of China",,,,,,,,
29351544,,2001-2001,,Environmental,Particulate Matter,air pollution,,particulate matter with aerodynamic size <= 2.5 microns,"27,605",Controls for disease:Hypertension,,Current smoker|Former smoker|Never smoker,>=18 years (range),Both Males and Females,,satellite-based spatiotemporal model,,,air,Particulate Matter,25.6 micrograms per cubic meter,75th percentile,distribution of 2 year average concentration at baseline,"Taiwan, Province of China",,,,,,,,
29351544,,2001-2014,,Environmental,Particulate Matter,air pollution,,particulate matter with aerodynamic size <= 2.5 microns,"125,913",Controls for disease:Hypertension,,20% Current smoker|5% Former smoker|76% Never smoker,37.6 years (mean),48% Males (Only)|52% Females (Only),,satellite-based spatiotemporal model,,,air,Particulate Matter,26.7 micrograms per cubic meter,mean,distribution of 2 year average concentration at baseline,"Taiwan, Province of China",,,,,,,,
29351544,,2001-2014,,Environmental,Particulate Matter,air pollution,,particulate matter with aerodynamic size <= 2.5 microns,"125,913",Controls for disease:Hypertension,,20% Current smoker|5% Former smoker|76% Never smoker,37.6 years (mean),48% Males (Only)|52% Females (Only),,satellite-based spatiotemporal model,,,air,Particulate Matter,21.6 micrograms per cubic meter,25th percentile,distribution of 2 year average concentration at baseline,"Taiwan, Province of China",,,,,,,,
29351544,,2001-2014,,Environmental,Particulate Matter,air pollution,,particulate matter with aerodynamic size <= 2.5 microns,"125,913",Controls for disease:Hypertension,,20% Current smoker|5% Former smoker|76% Never smoker,37.6 years (mean),48% Males (Only)|52% Females (Only),,satellite-based spatiotemporal model,,,air,Particulate Matter,24 micrograms per cubic meter,50th percentile,distribution of 2 year average concentration at baseline,"Taiwan, Province of China",,,,,,,,
29351544,,2001-2014,,Environmental,Particulate Matter,air pollution,,particulate matter with aerodynamic size <= 2.5 microns,"125,913",Controls for disease:Hypertension,,20% Current smoker|5% Former smoker|76% Never smoker,37.6 years (mean),48% Males (Only)|52% Females (Only),,satellite-based spatiotemporal model,,,air,Particulate Matter,28.9 micrograms per cubic meter,75th percentile,distribution of 2 year average concentration at baseline,"Taiwan, Province of China",,,,,,,,
29351544,,2001-2014,,Environmental,Particulate Matter,air pollution,,particulate matter with aerodynamic size <= 2.5 microns,"361,560",Study subjects,,20% Current smoker|6% Former smoker|74% Never smoker,39.9 years (mean),49% Males (Only)|52% Females (Only),,Cox proportional hazard regression analysis,,,,,,,,"Taiwan, Province of China",,,,positive correlation,Hypertension,,,"hazard ratio HR = 1.03 (95% CI: 1.01, 1.05)"
21356620,Air Pollution and Inflammatory Response in Myocardial Infarction Survivors: Gene-Environment Interaction in a High Risk Group (AIRGENE),2003-2004,,Environmental,Particulate Matter,air pollution,,,200,Subjects with disease:Myocardial Infarction,,Current smoker|Former smoker|Never smoker,61.9 years (mean),Both Males and Females,,ELISA,,,plasma,PLA2G7,,,for both PM2.5 and PM10,Germany,,Augsburg,,,,,,
29114965,EPICOR Study | European Prospective Investigation into Cancer and Nutrition (EPIC),1993-1998,,Environmental,Particulate Matter,air pollution,,,"14,712",Study subjects,mixed population of 661 cases of Cardiovascular and Cerebrovascular Disorders and 14051 controls,100% Non-smoker,35-65 years (range),Both Males and Females,,,,,,,,,,Italy,,,,positive correlation,Cardiovascular Diseases,,,"hazard ratio = 1.29 (95% CI 1.05-1.60), p=0.02 for each increase of 5 micrograms per cubic meter"
29114965,EPICOR Study | European Prospective Investigation into Cancer and Nutrition (EPIC),1993-1998,,Environmental,Particulate Matter,air pollution,,,"14,712",Study subjects,mixed population of 661 cases of Cardiovascular and Cerebrovascular Disorders and 14051 controls,100% Non-smoker,35-65 years (range),Both Males and Females,,,,,,,,,,Italy,,,,positive correlation,Cerebrovascular Disorders,,,"hazard ratio = 1.29 (95% CI 1.05-1.60), p=0.02 for each increase of 5 micrograms per cubic meter"
29114965,EPICOR Study | European Prospective Investigation into Cancer and Nutrition (EPIC),1993-1998,,Environmental,Particulate Matter,air pollution,,,"18,982",Study subjects,mixed population of 948 cases of Cardiovascular and Cerebrovascular Disorders and 18034 controls,Current smoker|Non-smoker,35-65 years (range),Both Males and Females,,,,,,,,,,Italy,,,,positive correlation,Cardiovascular Diseases,,,"hazard ratio = 1.29 (95% CI 1.08-1.55), p=0.006 for each increase of 5 micrograms per cubic meter"
29114965,EPICOR Study | European Prospective Investigation into Cancer and Nutrition (EPIC),1993-1998,,Environmental,Particulate Matter,air pollution,,,"18,982",Study subjects,mixed population of 948 cases of Cardiovascular and Cerebrovascular Disorders and 18034 controls,Current smoker|Non-smoker,35-65 years (range),Both Males and Females,,,,,,,,,,Italy,,,,positive correlation,Cerebrovascular Disorders,,,"hazard ratio = 1.29 (95% CI 1.08-1.55), p=0.006 for each increase of 5 micrograms per cubic meter"
27152932,Enhanced Feedback For Effective Cardiac Treatment (EFFECT) Study,1999-2011,,Environmental,Particulate Matter,Air Pollution,,particulate matter with aerodynamic diameter <=2.5 microns,"8,873",Subjects with disease:Myocardial Infarction,,Current smoker|Former smoker|Never smoker,66.9 years (mean),Both Males and Females,,air monitoring,,,air,Particulate Matter,10.7 micrograms per cubic meter,mean,,Canada,Ontario,,average PM2.5 at subjects residences at baseline,,,,,
27152932,Enhanced Feedback For Effective Cardiac Treatment (EFFECT) Study,1999-2011,,Environmental,Particulate Matter,Air Pollution,,particulate matter with aerodynamic diameter <=2.5 microns,"8,873",Subjects with disease:Myocardial Infarction,,Current smoker|Former smoker|Never smoker,66.9 years (mean),Both Males and Females,,air monitoring,,,air,Particulate Matter,2.2 micrograms per cubic meter,minimum,,Canada,Ontario,,average PM2.5 at subjects residences at baseline,,,,,
27152932,Enhanced Feedback For Effective Cardiac Treatment (EFFECT) Study,1999-2011,,Environmental,Particulate Matter,Air Pollution,,particulate matter with aerodynamic diameter <=2.5 microns,"8,873",Subjects with disease:Myocardial Infarction,,Current smoker|Former smoker|Never smoker,66.9 years (mean),Both Males and Females,,air monitoring,,,air,Particulate Matter,16.5 micrograms per cubic meter,maximum,,Canada,Ontario,,average PM2.5 at subjects residences at baseline,,,,,
27152932,Enhanced Feedback For Effective Cardiac Treatment (EFFECT) Study,1999-2011,,Environmental,Particulate Matter,Air Pollution,,particulate matter with aerodynamic diameter <=2.5 microns,"8,873",Subjects with disease:Myocardial Infarction,,Current smoker|Former smoker|Never smoker,66.9 years (mean),Both Males and Females,,Cox proportional hazards model,,,,,,,,Canada,Ontario,,,positive correlation,Death,,,
30721825,,2018-2018,,Environmental,Particulate Matter,"air pollution, residential with illegal electronic waste recycling",,particulate matter with aerodynamic diameter <=10 microns,132,Study subjects,"50 subjects from site I, 54 from site II, 28 from site III",,,,,one-way ANOVA,,,,,,,,India,,Moradabad City,,positive correlation,Hypertension,,,"statistically significant correlation between e-waste recycling at site III and control site I with hypertension, p=0.0006"
30721825,,2018-2018,,Environmental,Particulate Matter,"air pollution, residential with illegal electronic waste recycling",,particulate matter with aerodynamic diameter <=10 microns,132,Study subjects,"50 subjects from site I, 54 from site II, 28 from site III",,,,,one-way ANOVA,,,,,,,,India,,Moradabad City,,prediction/hypothesis,Cardiovascular Diseases,,,
20617041,Swedish Onset study,1994-1994,,Environmental,Particulate Matter,ambient air,,particulate matter with aerodynamic diameter <= 10 microns microns,660,Subjects with disease:Myocardial Infarction,,,,,,survey method,,,air,Particulate Matter,,,,Sweden,,Stockholm,,no correlation,Myocardial Infarction,,,
31605119,Andhra Pradesh Children and Parent Study (APCAPS) | CHAI Project,2010-2012,sex,Environmental,Particulate Matter,ambient and household air pollution,,,"3,278",Study subjects,,16% Current smoker|1% Former smoker|83% Never smoker,38 years (mean),52% Males (Only)|48% Females (Only),,linear mixed model analyses,,,,,,,,India,,,,positive correlation,Carotid Artery Diseases,,,"positive association between particulate matter and carotid intima-media thickness in all participants (1.79%, 95% CI: -0.31-3.9) per 1 microgram per cubic meter of PM2.5, and in men (2.98%, 95% CI: 0.23-5.72)"
27286442,Prenatal Iron Supplements Study,2011-2013,,Environmental,Particulate Matter,biomass burning,,,79,Fetuses,,,,,,multiple logistic regression | placental histopathology,,,,,,,,"Tanzania, United Republic of",,Dar es Salaam,,prediction/hypothesis,Thrombosis,,,
25479755,,2005-2006,,Environmental,Particulate Matter,biomass combustion and traffic,,particulate matter with aerodynamic diameter size <2.5 microns,56,Subjects with disease:Myocardial Ischemia,elderly,Non-smoker,71 years (mean),Both Males and Females,,air monitoring | linear mixed models,,,,,,,,Finland,,Kotka,,positive correlation,,increased inflammatory response,Plasma,
25479755,,2005-2006,,Environmental,Particulate Matter,biomass combustion and traffic,,particulate matter with aerodynamic diameter size <2.5 microns,56,Subjects with disease:Myocardial Ischemia,elderly,Non-smoker,71 years (mean),Both Males and Females,,air monitoring | linear mixed models,,,,,,,,Finland,,Kotka,,positive correlation,Inflammation,,,
25479755,,2005-2006,,Environmental,Particulate Matter,biomass combustion and traffic,,particulate matter with aerodynamic diameter size <2.5 microns,56,Subjects with disease:Myocardial Ischemia,elderly,Non-smoker,71 years (mean),Both Males and Females,,air monitoring | linear mixed models,,,,,,,,Finland,,Kotka,,prediction/hypothesis,Cardiovascular Diseases,,,
31605119,Andhra Pradesh Children and Parent Study (APCAPS) | CHAI Project,2010-2012,sex,Environmental,Particulate Matter,biomass cooking fuel,,,"1,585",Study subjects,,,38 years (mean),100% Females (Only),,linear mixed model analyses,,,,,,,,India,,,,positive correlation,Carotid Artery Diseases,,,"positive association between particulate matter and carotid intima-media thickness in women cooking with unvented stove (6.14%, 95% CI: 1.4-10.89) per 1 microgram per cubic meter of PM2.5"
26629599,American Cancer Society Cancer Prevention Study II (ACS CPS-II),1982-2004,,Environmental,Particulate Matter,coal combustion,,particulate matter with aerodynamic diameter <=2.5 microns,"445,860",Study subjects,,Current smoker|Former smoker|Non-smoker,56.6 years (mean),Both Males and Females,94% White,Cox proportional hazard models,,,,,,,,United States,,,,positive correlation,Myocardial Ischemia,,,
23836630,,1981-2000,,Environmental,Particulate Matter,coal combustion for heating,125,,,Study subjects,,,,Both Males and Females,,,,,,,,,,China,,South of Huai River,,positive correlation,Cardiovascular Diseases,,,
26219103,Particles size and composition in Mediterranean countries: geographical variability and short term health effects (MED-PARTICLES) Project,2001-2010,,Environmental,Particulate Matter,desert and non-desert particulate matter,,Desert and non-desert particulate matter with aerodynamic diameter <=10 microns,,Study subjects,,,,,,air monitoring | Poisson regression model analysis | random-effects meta-analysis,,,,,,,,Italy|Spain,,,,positive correlation,Cardiovascular Diseases,,,
26629599,American Cancer Society Cancer Prevention Study II (ACS CPS-II),1982-2004,,Environmental,Particulate Matter,diesel traffic,,,"445,860",Study subjects,,Current smoker|Former smoker|Non-smoker,56.6 years (mean),Both Males and Females,94% White,Cox proportional hazard models,,,,,,,,United States,,,,positive correlation,Myocardial Ischemia,,,
26884048,,2011-2012,age,Environmental,Particulate Matter,diesel vehicle exhaust,,,,Study subjects,in both adults and elderly,,>15 years (range),,,ClearfLo project | emergency hospital admissions,,,"air, ambient",Carbon,,,,United Kingdom,,London,England,positive correlation,Cardiovascular Diseases,,,
26884048,,2011-2012,age,Environmental,Particulate Matter,diesel vehicle exhaust,,,,Study subjects,in both adults and elderly,,>15 years (range),,,ClearfLo project | emergency hospital admissions,,,"air, ambient",Soot,,,,United Kingdom,,London,England,positive correlation,Cardiovascular Diseases,,,
27128449,,1993-2005,,Environmental,Particulate Matter,dust storms,,particulate matter with aerodynamic diameter <=10 microns,,Study subjects,,,,,,air monitoring | mortality record analysis,,,,,,,,United States,,,,prediction/hypothesis,Cardiovascular Diseases,,,
15929900,,1993-2000,,Environmental,Particulate Matter,in zip codes containing or abutting sites contaminated with persistent organic pollutants,,particulate matter with aerodynamic size <=2.5 microns,"14,385,988",Study subjects,,,>=25 years (range),Both Males and Females,,air monitoring,,,,,,,,United States,New York,,,positive correlation,Myocardial Infarction,,,
29467108,Atherosclerosis Risk in Communities (ARIC) Study,1990-2007,,Environmental,Particulate Matter,particulate matter with aerodynamic diameter <=10 microns or <= 2.5 microns,,,"1,749",Study subjects,,16% Current smoker|32% Former smoker|52% Never smoker,53 years (mean),40% Males (Only),27% Black,"linear regression analysis | random-effect, inverse variance weighted meta-analysis",,,,,,,,United States,Maryland|Minnesota|Mississippi|North Carolina,,,no correlation,Cerebrovascular Disorders,,,
16299096,,1998-1999,,Environmental,Particulate Matter,personal,225,Particulate Matter with aerodynamic diameter <=2.5 microns,36,Subjects with disease:Cardiovascular Diseases,,Non-smoker,50-84 years (range),,,particle reflectance,,,air,Particulate Matter,14.5 micrograms per cubic meter,median,personal exposure monitoring,Netherlands,,Amsterdam,,,,,,
16299096,,1998-1999,,Environmental,Particulate Matter,personal,225,Particulate Matter with aerodynamic diameter <=2.5 microns,36,Subjects with disease:Cardiovascular Diseases,,Non-smoker,50-84 years (range),,,particle reflectance,,,air,Particulate Matter,2.3 micrograms per cubic meter,minimum,personal exposure monitoring,Netherlands,,Amsterdam,,,,,,
16299096,,1998-1999,,Environmental,Particulate Matter,personal,225,Particulate Matter with aerodynamic diameter <=2.5 microns,36,Subjects with disease:Cardiovascular Diseases,,Non-smoker,50-84 years (range),,,particle reflectance,,,air,Particulate Matter,261.9 micrograms per cubic meter,maximum,personal exposure monitoring,Netherlands,,Amsterdam,,,,,,
16299096,,1998-1999,,Environmental,Particulate Matter,personal,225,,36,Subjects with disease:Cardiovascular Diseases,,Non-smoker,50-84 years (range),,,particle reflectance transformed into an absorption coefficient,,,air,Particulate Matter,1.4 per meter x 10e-4,median particle absorbance,personal exposure monitoring,Netherlands,,Amsterdam,,,,,,
16299096,,1998-1999,,Environmental,Particulate Matter,personal,225,,36,Subjects with disease:Cardiovascular Diseases,,Non-smoker,50-84 years (range),,,particle reflectance transformed into an absorption coefficient,,,air,Particulate Matter,0.2 per meter x 10e-4,minimum particle absorbance,personal exposure monitoring,Netherlands,,Amsterdam,,,,,,
16299096,,1998-1999,,Environmental,Particulate Matter,personal,225,,36,Subjects with disease:Cardiovascular Diseases,,Non-smoker,50-84 years (range),,,particle reflectance transformed into an absorption coefficient,,,air,Particulate Matter,7.5 per meter x 10e-4,maximum particle absorbance,personal exposure monitoring,Netherlands,,Amsterdam,,,,,,
16299096,,1998-1999,,Environmental,Particulate Matter,personal,238,Particulate Matter with aerodynamic diameter <=2.5 microns,43,Subjects with disease:Cardiovascular Diseases,,Non-smoker,50-84 years (range),,,particle reflectance,,,air,Particulate Matter,9.4 micrograms per cubic meter,median,personal exposure monitoring,Finland,,Helinski,,,,,,
16299096,,1998-1999,,Environmental,Particulate Matter,personal,238,Particulate Matter with aerodynamic diameter <=2.5 microns,43,Subjects with disease:Cardiovascular Diseases,,Non-smoker,50-84 years (range),,,particle reflectance,,,air,Particulate Matter,2.1 micrograms per cubic meter,minimum,personal exposure monitoring,Finland,,Helinski,,,,,,
16299096,,1998-1999,,Environmental,Particulate Matter,personal,238,Particulate Matter with aerodynamic diameter <=2.5 microns,43,Subjects with disease:Cardiovascular Diseases,,Non-smoker,50-84 years (range),,,particle reflectance,,,air,Particulate Matter,51.3 micrograms per cubic meter,maximum,personal exposure monitoring,Finland,,Helinski,,,,,,
16299096,,1998-1999,,Environmental,Particulate Matter,personal,238,,46,Subjects with disease:Cardiovascular Diseases,,Non-smoker,50-84 years (range),,,particle reflectance transformed into an absorption coefficient,,,air,Particulate Matter,1.3 per meter x 10e-4,median particle absorbance,personal exposure monitoring,Finland,,Helinski,,,,,,
16299096,,1998-1999,,Environmental,Particulate Matter,personal,238,,46,Subjects with disease:Cardiovascular Diseases,,Non-smoker,50-84 years (range),,,particle reflectance transformed into an absorption coefficient,,,air,Particulate Matter,0.1 per meter x 10e-4,minimum particle absorbance,personal exposure monitoring,Finland,,Helinski,,,,,,
16299096,,1998-1999,,Environmental,Particulate Matter,personal,238,,46,Subjects with disease:Cardiovascular Diseases,,Non-smoker,50-84 years (range),,,particle reflectance transformed into an absorption coefficient,,,air,Particulate Matter,4.5 per meter x 10e-4,maximum particle absorbance,personal exposure monitoring,Finland,,Helinski,,,,,,
27384219,,2007-2013,,Environmental,Particulate Matter,PM10 air pollutant,,,"110,720",Infants or newborns,"total birth population, exposed to maternal particulate matter, of which 662 newoborns have cardiovascular abnormalities",,,,,cardiovascular diagnosis | multivariable logistic regression,,,,,,,,China,Fujian Province,Fuzhou,,positive correlation,"Heart Septal Defects, Atrial",,,adjusted odds ratios ranging from 1.29 to 2.17
27384219,,2007-2013,,Environmental,Particulate Matter,PM10 air pollutant,,,"110,720",Infants or newborns,"total birth population, exposed to maternal particulate matter, of which 662 newoborns have cardiovascular abnormalities",,,,,cardiovascular diagnosis | multivariable logistic regression,,,,,,,,China,Fujian Province,Fuzhou,,positive correlation,"Ductus Arteriosus, Patent",,,adjusted odds ratios ranging from 1.54 to 1.63
27384219,,2007-2013,,Environmental,Particulate Matter,PM10 air pollutant,,,"110,720",Infants or newborns,"total birth population, exposed to maternal particulate matter, of which 662 newoborns have cardiovascular abnormalities",,,,,cardiovascular diagnosis | multivariable logistic regression,,,,,,,,China,Fujian Province,Fuzhou,,positive correlation,Cardiovascular Abnormalities,,,"adjusted odds ratio = 1.28 (95% CI: 1.03, 1.61)"
27384219,,2007-2013,,Environmental,Particulate Matter,PM10 air pollutant,,,"110,720",Infants or newborns,"total birth population, exposed to maternal particulate matter, of which 662 newoborns have cardiovascular abnormalities",,,,,cardiovascular diagnosis | multivariable logistic regression,,,,,,,,China,Fujian Province,Fuzhou,,positive correlation,"Heart Septal Defects, Ventricular",,,"adjusted odds ratio = 1.19 (95% CI: 1.00, 1.43)"
27384219,,2007-2013,,Environmental,Particulate Matter,PM10 air pollutant,,,"110,720",Infants or newborns,"total birth population, exposed to maternal particulate matter, of which 662 newoborns have cardiovascular abnormalities",,,,,cardiovascular diagnosis | multivariable logistic regression,,,,,,,,China,Fujian Province,Fuzhou,,positive correlation,Tetralogy of Fallot,,,"adjusted odds ratio = 1.44 (95% CI: 1.01, 2.19)"
31663781,Cardiovascular Effects of Air pollution and Noise Study (CEANS) | GOT-MONICA Cohort | Primary Prevention Study (PPS) | Vasterbotten Intervention Programme (VIP),1990-2011,,Environmental,Particulate Matter,residential heating,,particulate matter with aerodynamic diameter <=10 microns,"114,758",Study subjects,,,9-92 years (range),,,Cox proportional hazard models and stratified Cox regression,,,,,,,,Sweden,,"Gothenburg, Stockholm, Umea",,no correlation,Stroke,,,
31663781,Cardiovascular Effects of Air pollution and Noise Study (CEANS) | GOT-MONICA Cohort | Primary Prevention Study (PPS) | Vasterbotten Intervention Programme (VIP),1990-2011,,Environmental,Particulate Matter,residential heating,,particulate matter with aerodynamic diameter <=2.5 microns,"114,758",Study subjects,,,9-92 years (range),,,Cox proportional hazard models and stratified Cox regression,,,,,,,,Sweden,,"Gothenburg, Stockholm, Umea",,no correlation,Stroke,,,
24509062,,2001-2007,,Environmental,Particulate Matter,secondary nitrate,,particulate matter with aerodynamic diameter <=10 microns,,,,,,,,general additive models with log link and Poisson error,,,,,,,,Hong Kong,,,,positive correlation,Myocardial Ischemia,,,"2.28% increase in ischemic heart disease hospitalizations per interquartile range (IQR) increment (95% CI: 1.15, 3.42) in multisource model; IQR = 8.6 micrograms per cubic meter"
20049219,Respiratory Health in Northern Europe (RHINE) cohort,2000-2001,,Environmental,Particulate Matter,Traffic,,traffic-induced exhaust particles,"1,684",Study subjects,,,35 years (mean),,,survey method,,,,Vehicle Emissions,,,,Estonia,,Tartu,,positive correlation,Heart Diseases,,,
18288318,Netherlands Cohort Study on Diet and Cancer (NLCS),1987-1996,,Environmental,Particulate Matter,traffic pollution,"117,528",,,,,,,,,,,,,,,,,Netherlands,,,,positive correlation,Cardiovascular Diseases,,,
19553228,Worcester Heart Attack Study,1995-2005,,Environmental,Particulate Matter,traffic pollution,,Particulate Matter <= 2.5 microns in aerodynamic diameter,,Study subjects,,,70 years (mean),Both Males and Females,,air monitoring,,,air,Particulate Matter,,,,United States,Massachusetts,Worcester,,positive correlation,Myocardial Infarction,,,
25069830,,1990-2010,,Environmental,Particulate Matter,traffic pollution,,"particulate matter with aerodynamic diameter <= 10 microns (sum of sulfate, nitrate and ammonium ions)","28,215",Subjects with disease:Myocardial Infarction,,,,,,conditional logistic regression analysis,,,,,,,,Sweden,,Gothenburg,,prediction/hypothesis,Myocardial Infarction,,,increased acute myocardial infarction hospitalizations associated with locally generated particulate matter in cold period
20595912,,1999-2000,,Environmental,Particulate Matter,traffic pollution,,,12,Subjects with disease:Myocardial Infarction,113 personal exposures,,,,,personal exposure monitoring,,,air,Particulate Matter,14.65 micrograms per cubic meter,mean,PM2.5 = particulate matter <= 2.5 microns,United States,Georgia,Atlanta,,,,,,
20595912,,1999-2000,,Environmental,Particulate Matter,traffic pollution,,,12,Subjects with disease:Myocardial Infarction,113 personal exposures,,,,,personal exposure monitoring,,,air,Particulate Matter,13.89 micrograms per cubic meter,50th percentile,PM2.5 = particulate matter <= 2.5 microns,United States,Georgia,Atlanta,,,,,,
20595912,,1999-2000,,Environmental,Particulate Matter,traffic pollution,,,12,Subjects with disease:Myocardial Infarction,113 personal exposures,,,,,personal exposure monitoring,,,air,Particulate Matter,9.51 micrograms per cubic meter,interquartile range,PM2.5 = particulate matter <= 2.5 microns,United States,Georgia,Atlanta,,,,,,
20595912,,1999-2000,,Environmental,Particulate Matter,traffic pollution,,,30,Subjects with disease:Myocardial Infarction,282 personal exposures measured,,,,,personal exposure monitoring,,,air,Particulate Matter,15.78 micrograms per cubic meter,mean,PM2.5 = particulate matter <= 2.5 microns,United States,Georgia,Atlanta,,,,,,
20595912,,1999-2000,,Environmental,Particulate Matter,traffic pollution,,,30,Subjects with disease:Myocardial Infarction,282 personal exposures measured,,,,,personal exposure monitoring,,,air,Particulate Matter,14.25 micrograms per cubic meter,50th percentile,PM2.5 = particulate matter <= 2.5 microns,United States,Georgia,Atlanta,,,,,,
20595912,,1999-2000,,Environmental,Particulate Matter,traffic pollution,,,30,Subjects with disease:Myocardial Infarction,282 personal exposures measured,,,,,personal exposure monitoring,,,air,Particulate Matter,9.49 micrograms per cubic meter,interquartile range,PM2.5 = particulate matter <= 2.5 microns,United States,Georgia,Atlanta,,,,,,
20595912,,1999-2000,,Environmental,Particulate Matter,traffic pollution,,,169,Subjects with disease:Myocardial Infarction,169 personal exposures,,,,,personal exposure monitoring,,,air,Particulate Matter,16.54 micrograms per cubic meter,mean,PM2.5 = particulate matter <= 2.5 microns,United States,Georgia,Atlanta,,,,,,
20595912,,1999-2000,,Environmental,Particulate Matter,traffic pollution,,,169,Subjects with disease:Myocardial Infarction,169 personal exposures,,,,,personal exposure monitoring,,,air,Particulate Matter,14.44 micrograms per cubic meter,50th percentile,PM2.5 = particulate matter <= 2.5 microns,United States,Georgia,Atlanta,,,,,,
20595912,,1999-2000,,Environmental,Particulate Matter,traffic pollution,,,169,Subjects with disease:Myocardial Infarction,169 personal exposures,,,,,personal exposure monitoring,,,air,Particulate Matter,9.25 micrograms per cubic meter,interquartile range,PM2.5 = particulate matter <= 2.5 microns,United States,Georgia,Atlanta,,,,,,
26149207,,2008-2008,,Environmental,Particulate Matter,traffic-related air pollution,,particulate matter <= 2.5 microns in aerodynamic diameter,,Study subjects,,,>=45 years (range),Both Males and Females,,,,,,,,,,United States,California,,,positive correlation,Coronary Disease,,,
23717615,,,genetics,Environmental,Particulate Matter,traffic-related air pollution,,particulate matter with aerodynamic diameter = 0.25 - 2.5 microns,60,Subjects with disease:Coronary Artery Disease,,100% Non-smoker,>65 years (range),,,air monitoring,,,air,Particulate Matter,11.37 micrograms per cubic meter,mean,daily averages of 47 weeks of air monitoring,United States,California,Los Angeles air basin,,,,,,
23717615,,,genetics,Environmental,Particulate Matter,traffic-related air pollution,,particulate matter with aerodynamic diameter = 0.25 - 2.5 microns,60,Subjects with disease:Coronary Artery Disease,,100% Non-smoker,>65 years (range),,,air monitoring,,,air,Particulate Matter,9.05 micrograms per cubic meter,median,daily averages of 47 weeks of air monitoring,United States,California,Los Angeles air basin,,,,,,
23717615,,,genetics,Environmental,Particulate Matter,traffic-related air pollution,,particulate matter with aerodynamic diameter = 0.25 - 2.5 microns,60,Subjects with disease:Coronary Artery Disease,,100% Non-smoker,>65 years (range),,,air monitoring,,,air,Particulate Matter,10.36 micrograms per cubic meter,interquartile range,daily averages of 47 weeks of air monitoring,United States,California,Los Angeles air basin,,,,,,
23717615,,,genetics,Environmental,Particulate Matter,traffic-related air pollution,,particulate matter with aerodynamic diameter = 0.25 - 2.5 microns,60,Subjects with disease:Coronary Artery Disease,,100% Non-smoker,>65 years (range),,,air monitoring,,,air,Particulate Matter,0.98 micrograms per cubic meter,minimum,daily averages of 47 weeks of air monitoring,United States,California,Los Angeles air basin,,,,,,
23717615,,,genetics,Environmental,Particulate Matter,traffic-related air pollution,,particulate matter with aerodynamic diameter = 0.25 - 2.5 microns,60,Subjects with disease:Coronary Artery Disease,,100% Non-smoker,>65 years (range),,,air monitoring,,,air,Particulate Matter,66.77 micrograms per cubic meter,maximum,daily averages of 47 weeks of air monitoring,United States,California,Los Angeles air basin,,,,,,
23717615,,,genetics,Environmental,Particulate Matter,traffic-related air pollution,,particulate matter with aerodynamic diameter = 0.25 microns,60,Subjects with disease:Coronary Artery Disease,,100% Non-smoker,>65 years (range),,,air monitoring,,,air,Particulate Matter,9.77 micrograms per cubic meter,mean,daily averages of 47 weeks of air monitoring,United States,California,Los Angeles air basin,,,,,,
23717615,,,genetics,Environmental,Particulate Matter,traffic-related air pollution,,particulate matter with aerodynamic diameter = 0.25 microns,60,Subjects with disease:Coronary Artery Disease,,100% Non-smoker,>65 years (range),,,air monitoring,,,air,Particulate Matter,9.33 micrograms per cubic meter,median,daily averages of 47 weeks of air monitoring,United States,California,Los Angeles air basin,,,,,,
23717615,,,genetics,Environmental,Particulate Matter,traffic-related air pollution,,particulate matter with aerodynamic diameter = 0.25 microns,60,Subjects with disease:Coronary Artery Disease,,100% Non-smoker,>65 years (range),,,air monitoring,,,air,Particulate Matter,5.28 micrograms per cubic meter,interquartile range,daily averages of 47 weeks of air monitoring,United States,California,Los Angeles air basin,,,,,,
23717615,,,genetics,Environmental,Particulate Matter,traffic-related air pollution,,particulate matter with aerodynamic diameter = 0.25 microns,60,Subjects with disease:Coronary Artery Disease,,100% Non-smoker,>65 years (range),,,air monitoring,,,air,Particulate Matter,2.46 micrograms per cubic meter,minimum,daily averages of 47 weeks of air monitoring,United States,California,Los Angeles air basin,,,,,,
23717615,,,genetics,Environmental,Particulate Matter,traffic-related air pollution,,particulate matter with aerodynamic diameter = 0.25 microns,60,Subjects with disease:Coronary Artery Disease,,100% Non-smoker,>65 years (range),,,air monitoring,,,air,Particulate Matter,30.05 micrograms per cubic meter,maximum,daily averages of 47 weeks of air monitoring,United States,California,Los Angeles air basin,,,,,,
23717615,,,genetics,Environmental,Particulate Matter,traffic-related air pollution,,particulate matter with aerodynamic diameter = 0.25 microns,60,Subjects with disease:Coronary Artery Disease,,100% Non-smoker,>65 years (range),,,mixed-effect models,,,,,,,,United States,California,Los Angeles air basin,,prediction/hypothesis,,increased inflammatory response,Plasma,"Increases in Particulate Matter (quasi-ultrafine particles) were associated with increases in IL6 and TNFa, biomarkers of inflammation, with stronger associations in subjects with mitochondrial haplogroup H than U"
23717615,,,genetics,Environmental,Particulate Matter,traffic-related air pollution,,particulate matter with aerodynamic diameter = 2.5 - 10 microns,60,Subjects with disease:Coronary Artery Disease,,100% Non-smoker,>65 years (range),,,air monitoring,,,air,Particulate Matter,9.38 micrograms per cubic meter,mean,daily averages of 47 weeks of air monitoring,United States,California,Los Angeles air basin,,,,,,
23717615,,,genetics,Environmental,Particulate Matter,traffic-related air pollution,,particulate matter with aerodynamic diameter = 2.5 - 10 microns,60,Subjects with disease:Coronary Artery Disease,,100% Non-smoker,>65 years (range),,,air monitoring,,,air,Particulate Matter,9.02 micrograms per cubic meter,median,daily averages of 47 weeks of air monitoring,United States,California,Los Angeles air basin,,,,,,
23717615,,,genetics,Environmental,Particulate Matter,traffic-related air pollution,,particulate matter with aerodynamic diameter = 2.5 - 10 microns,60,Subjects with disease:Coronary Artery Disease,,100% Non-smoker,>65 years (range),,,air monitoring,,,air,Particulate Matter,7 micrograms per cubic meter,interquartile range,daily averages of 47 weeks of air monitoring,United States,California,Los Angeles air basin,,,,,,
23717615,,,genetics,Environmental,Particulate Matter,traffic-related air pollution,,particulate matter with aerodynamic diameter = 2.5 - 10 microns,60,Subjects with disease:Coronary Artery Disease,,100% Non-smoker,>65 years (range),,,air monitoring,,,air,Particulate Matter,0.3 micrograms per cubic meter,minimum,daily averages of 47 weeks of air monitoring,United States,California,Los Angeles air basin,,,,,,
23717615,,,genetics,Environmental,Particulate Matter,traffic-related air pollution,,particulate matter with aerodynamic diameter = 2.5 - 10 microns,60,Subjects with disease:Coronary Artery Disease,,100% Non-smoker,>65 years (range),,,air monitoring,,,air,Particulate Matter,24.63 micrograms per cubic meter,maximum,daily averages of 47 weeks of air monitoring,United States,California,Los Angeles air basin,,,,,,
25564368,Cardiovascular Health and Air Pollution Study,,,Environmental,Particulate Matter,traffic-related air pollution,,,43,Subjects with disease:Coronary Artery Disease,,Non-smoker,84.7 years (mean),47% Males (Only)|54% Females (Only),2% Hispanic|98% White,linear mixed-effects regression models,,,blood,IL1B,,,,United States,California,Los Angeles air basin,,positive correlation,,increased gene expression,Blood,
25564368,Cardiovascular Health and Air Pollution Study,,,Environmental,Particulate Matter,traffic-related air pollution,,,43,Subjects with disease:Coronary Artery Disease,,Non-smoker,84.7 years (mean),47% Males (Only)|54% Females (Only),2% Hispanic|98% White,linear mixed-effects regression models,,,blood,SELP,,,,United States,California,Los Angeles air basin,,positive correlation,,increased gene expression,Blood,
25564368,Cardiovascular Health and Air Pollution Study,,,Environmental,Particulate Matter,traffic-related air pollution,,,43,Subjects with disease:Coronary Artery Disease,,Non-smoker,84.7 years (mean),47% Males (Only)|54% Females (Only),2% Hispanic|98% White,linear mixed-effects regression models,,,blood,CYP1B1,,,,United States,California,Los Angeles air basin,,positive correlation,,increased gene expression,Blood,
24509062,,2001-2007,,Environmental,Particulate Matter,vehicle exhaust,,particulate matter with aerodynamic diameter <=10 microns,,,,,,,,general additive models with log link and Poisson error,,,,,,,,Hong Kong,,,,positive correlation,Myocardial Ischemia,,,"1.87% increase in ischemic heart disease hospitalizations per interquartile range (IQR) increment (95% CI: 0.66, 3.10) in multisource model; IQR = 4.9 micrograms per cubic meter"
21846610,,2003-2007,,Environmental,Particulate Matter,"vehicle exhaust, fuel oil combustion, secondary nitrate/organics, minerals, secondary sulfate/organics, and road dust",279,279 daily measurements of PM2.5 species,,,,,,,,,,,"air, outdoor",Particulate Matter,26.1 micrograms per cubic meter,daily mean,PM2.5 species,Spain,,Barcelona,,positive correlation,Cardiovascular Diseases,,,
21846610,,2003-2007,,Environmental,Particulate Matter,"vehicle exhaust, fuel oil combustion, secondary nitrate/organics, minerals, secondary sulfate/organics, and road dust","1,656",1656 daily measurements of PM2.5 species,,,,,,,,,,,"air, outdoor",Particulate Matter,26.2 micrograms per cubic meter,daily mean,PM2.5 species,Spain,,Barcelona,,positive correlation,Cardiovascular Diseases,,,
26884048,,2011-2012,age,Environmental,Particulate Matter,"vehicle non-exhaust sources (mineral dust, brake and tires)",,,,Study subjects,in both adults and elderly,,>15 years (range),,,ClearfLo project | emergency hospital admissions,,,"air, ambient",Aluminum,,,,United Kingdom,,London,England,positive correlation,Cardiovascular Diseases,,,
27713111,,2000-2011,,Environmental,Particulate Matter,,16,aerodynamic size <=10 microns,,Study subjects,Elderly,,>=60 years (range),Both Males and Females,,air monitoring - beta radiation,,,,,,,,Brazil,,Sao Paulo,,positive correlation,Cardiovascular Diseases,,,Particulate Matter was associated with mortality displacement for circulatory deaths within 30 days in the elderly
25633926,California Teachers Study,2001-2007,,Environmental,Particulate Matter,,,copper in ultrafine particulate matter with aerodynamic diameter size <= 0.1 microns,"101,884",Study subjects,,5% Current smoker|27% Former smoker|68% Non-smoker,57.3 years (mean),100% Females (Only),86% White,Cox proportional hazards regression analysis,,,,,,,,United States,California,,,positive correlation,Cardiovascular Diseases,,,
25633926,California Teachers Study,2001-2007,,Environmental,Particulate Matter,,,copper in ultrafine particulate matter with aerodynamic diameter size <= 0.1 microns,"101,884",Study subjects,,5% Current smoker|27% Former smoker|68% Non-smoker,57.3 years (mean),100% Females (Only),86% White,Cox proportional hazards regression analysis,,,,,,,,United States,California,,,positive correlation,Myocardial Ischemia,,,
25633926,California Teachers Study,2001-2007,,Environmental,Particulate Matter,,,elemental carbon in ultrafine particulate matter with aerodynamic diameter size <= 0.1 microns,"101,884",Study subjects,,5% Current smoker|27% Former smoker|68% Non-smoker,57.3 years (mean),100% Females (Only),86% White,Cox proportional hazards regression analysis,,,,,,,,United States,California,,,positive correlation,Myocardial Ischemia,,,
15345340,,1999-2001,,Environmental,Particulate Matter,,,"Exposure level, particulate matter <= 2.5 microns aerodynamic diameter",,Study subjects,,,>20 years (range),Both Males and Females,,Bayesian hierarchical modeling,,,,,,,,United States,North Carolina,,,positive correlation,Cardiovascular Diseases,,,
25633926,California Teachers Study,2001-2007,,Environmental,Particulate Matter,,,iron in ultrafine particulate matter with aerodynamic diameter size <= 0.1 microns,"101,884",Study subjects,,5% Current smoker|27% Former smoker|68% Non-smoker,57.3 years (mean),100% Females (Only),86% White,Cox proportional hazards regression analysis,,,,,,,,United States,California,,,positive correlation,Myocardial Ischemia,,,
25633926,California Teachers Study,2001-2007,,Environmental,Particulate Matter,,,nitrate in particulate matter with aerodynamic diameter size <= 2.5 microns,"101,884",Study subjects,,5% Current smoker|27% Former smoker|68% Non-smoker,57.3 years (mean),100% Females (Only),86% White,Cox proportional hazards regression analysis,,,,,,,,United States,California,,,positive correlation,Cardiovascular Diseases,,,
25633926,California Teachers Study,2001-2007,,Environmental,Particulate Matter,,,nitrate in particulate matter with aerodynamic diameter size <= 2.5 microns,"101,884",Study subjects,,5% Current smoker|27% Former smoker|68% Non-smoker,57.3 years (mean),100% Females (Only),86% White,Cox proportional hazards regression analysis,,,,,,,,United States,California,,,positive correlation,Myocardial Ischemia,,,
25633926,California Teachers Study,2001-2007,,Environmental,Particulate Matter,,,organic carbon in ultrafine particulate matter with aerodynamic diameter size <= 0.1 microns,"101,884",Study subjects,,5% Current smoker|27% Former smoker|68% Non-smoker,57.3 years (mean),100% Females (Only),86% White,Cox proportional hazards regression analysis,,,,,,,,United States,California,,,positive correlation,Myocardial Ischemia,,,
23641873,Multi-Ethnic Study of Atherosclerosis (MESA),2000-2002,,Environmental,Particulate Matter,,,particular matter with aerodynamic size <= 2.5 microns,"6,256",Study subjects,,13% Current smoker|37% Former smoker|50% Never smoker,62 years (mean),48% Males (Only)|53% Females (Only),27% Black|12% Chinese|22% Hispanic|39% White,multiple linear regression analysis,,,,,,,,United States,California,Los Angeles,,prediction/hypothesis,Atherosclerosis,,,associated with measures of subclinical atherosclerosis
25760161,,1999-2004,,Environmental,Particulate Matter,,,particulate matter <=10 microns,"3,180",Children,,,1-18 years (range),,,,,,,,,,,Brazil,,Sao Paulo,,positive correlation,Cardiovascular Diseases,,,
25760161,,1999-2004,,Environmental,Particulate Matter,,,particulate matter <=10 microns,"3,180","Subjects with disease:Anemia, Sickle Cell",,,1-18 years (range),,,,,,,,,,,Brazil,,Sao Paulo,,positive correlation,Cardiovascular Diseases,,,
18227099,Multi-Ethnic Study of Atherosclerosis (MESA),2001-2001,,Environmental,Particulate Matter,,,particulate matter <= 10 microns in aerodynamic diameter,"5,172",Study subjects,,,62 years (mean),Both Males and Females,,,,,,,,,,United States,California|Illinois|Maryland|Minnesota|New York|North Carolina,,,positive correlation,Carotid Artery Diseases,,,
18835862,Nurses' Health Study (NHS),1976-2002,body mass index | tobacco,Environmental,Particulate Matter,,,particulate matter <= 10 microns in aerodynamic diameter,"104,645",Workers,Nurses,,62.2 years (mean),Females (Only),,,,,,,,,,United States,Connecticut|Delaware|Maine|Maryland|Massachusetts|Michigan|New Hampshire|New Jersey|New York|Ohio|Pennsylvania|Rhode Island|Vermont,Northeast Metropolitan Statistical Area,,positive correlation,Coronary Disease,,,positive correlation with increased fatal coronary heart disease
18285643,,2001-2004,,Environmental,Particulate Matter,,,particulate matter <= 10 microns in aerodynamic diameter,,Study subjects,,,,,,air monitoring | mortality data analysis,,,,,,,,China,,Shanghai,,positive correlation,Cardiovascular Diseases,,,
26717218,,2006-2009,disease,Environmental,Particulate Matter,,,particulate matter <=10 microns in aerodynamic diameter,"15,964",Subjects with disease:Myocardial Infarction,,,63 years (mean),Both Males and Females,,beta absorption method | laser diffraction method,,,air,Particulate Matter,30.3 micrograms per cubic meter,mean,,Belgium,,,,,,,,
26717218,,2006-2009,disease,Environmental,Particulate Matter,,,particulate matter <=10 microns in aerodynamic diameter,"15,964",Subjects with disease:Myocardial Infarction,,,63 years (mean),Both Males and Females,,beta absorption method | laser diffraction method,,,air,Particulate Matter,6.8 micrograms per cubic meter,minimum,,Belgium,,,,,,,,
26717218,,2006-2009,disease,Environmental,Particulate Matter,,,particulate matter <=10 microns in aerodynamic diameter,"15,964",Subjects with disease:Myocardial Infarction,,,63 years (mean),Both Males and Females,,beta absorption method | laser diffraction method,,,air,Particulate Matter,114 micrograms per cubic meter,maximum,,Belgium,,,,,,,,
26717218,,2006-2009,disease,Environmental,Particulate Matter,,,particulate matter <=10 microns in aerodynamic diameter,"15,964",Subjects with disease:Myocardial Infarction,,,63 years (mean),Both Males and Females,,beta absorption method | laser diffraction method | multivariate Poisson regression analysis,,,,,,,,Belgium,,,,prediction/hypothesis,Myocardial Infarction,,,
22075540,National Integrated Project for Prospective Observation of Non-communicable Diseases and its Trends in the Aged (NIPPON DATA),1985-2004,,Environmental,Particulate Matter,,,Particulate Matter <= 10 microns in aerodynamic diameter,"7,250",Study subjects,,,>=30 years (range),Both Males and Females,,air monitoring,,,air,Particulate Matter,,,,Japan,,,,no correlation,Cardiovascular Diseases,,,
19594904,Health Survey for England,1994-2003,,Environmental,Particulate Matter,,,Particulate Matter <= 10 microns in aerodynamic diameter,"23,030",Study subjects,,,>=45 years (range),Both Males and Females,White,,,,,Particulate Matter,,,,United Kingdom,,England,,positive correlation,Cardiovascular Diseases,,,
21081301,,1994-1998,,Environmental,Particulate Matter,,,particulate matter <=2.5 micron diameter,"418,826",Study subjects,,,58.9 years (mean),Both Males and Females,,particle soot absorption photometry,,,air,Particulate Matter,,,,Canada,Vancouver,,British Columbia,positive correlation,Coronary Disease,,,
22389181,,2004-2008,,Environmental,Particulate Matter,,,particulate matter < = 2.5 microns,,,,,,,,,,,air,Particulate Matter,,,,China,Shanxi,Xi'an,,positive correlation,Cardiovascular Diseases,,,
19244659,,1999-2004,,Environmental,Particulate Matter,,,particulate matter <= 2.5 microns in aerodynamic diameter,"1,101",Subjects with disease:Stroke,,,>21 years (range),Both Males and Females,2% Asian|11% Black|3% Hispanic|2% Other|63% White,,,,air,Particulate Matter,3.5 micrograms per cubic meter,5th percentile,,United States,Massachusetts,Boston,,,,,,
19244659,,1999-2004,,Environmental,Particulate Matter,,,particulate matter <= 2.5 microns in aerodynamic diameter,"1,101",Subjects with disease:Stroke,,,>21 years (range),Both Males and Females,2% Asian|11% Black|3% Hispanic|2% Other|63% White,,,,air,Particulate Matter,6.6 micrograms per cubic meter,25th percentile,,United States,Massachusetts,Boston,,,,,,
19244659,,1999-2004,,Environmental,Particulate Matter,,,particulate matter <= 2.5 microns in aerodynamic diameter,"1,101",Subjects with disease:Stroke,,,>21 years (range),Both Males and Females,2% Asian|11% Black|3% Hispanic|2% Other|63% White,,,,air,Particulate Matter,9.5 micrograms per cubic meter,50th percentile,,United States,Massachusetts,Boston,,,,,,
19244659,,1999-2004,,Environmental,Particulate Matter,,,particulate matter <= 2.5 microns in aerodynamic diameter,"1,101",Subjects with disease:Stroke,,,>21 years (range),Both Males and Females,2% Asian|11% Black|3% Hispanic|2% Other|63% White,,,,air,Particulate Matter,14.2 micrograms per cubic meter,75th percentile,,United States,Massachusetts,Boston,,,,,,
19244659,,1999-2004,,Environmental,Particulate Matter,,,particulate matter <= 2.5 microns in aerodynamic diameter,"1,101",Subjects with disease:Stroke,,,>21 years (range),Both Males and Females,2% Asian|11% Black|3% Hispanic|2% Other|63% White,,,,air,Particulate Matter,23.8 micrograms per cubic meter,95th percentile,,United States,Massachusetts,Boston,,,,,,
19244659,,1999-2004,,Environmental,Particulate Matter,,,particulate matter <= 2.5 microns in aerodynamic diameter,"1,101",Subjects with disease:Stroke,,,>21 years (range),Both Males and Females,2% Asian|11% Black|3% Hispanic|2% Other|63% White,,,,air,Particulate Matter,11.2 micrograms per cubic meter,mean,,United States,Massachusetts,Boston,,,,,,
18227099,Multi-Ethnic Study of Atherosclerosis (MESA),2001-2001,,Environmental,Particulate Matter,,,particulate matter <= 2.5 microns in aerodynamic diameter,"5,172",Study subjects,,,62 years (mean),Both Males and Females,,,,,,,,,,United States,California|Illinois|Maryland|Minnesota|New York|North Carolina,,,positive correlation,Carotid Artery Diseases,,,
26717218,,2006-2009,disease,Environmental,Particulate Matter,,,particulate matter <=2.5 microns in aerodynamic diameter,"15,964",Subjects with disease:Myocardial Infarction,,,63 years (mean),Both Males and Females,,beta absorption method | laser diffraction method,,,air,Particulate Matter,20.1 micrograms per cubic meter,mean,,Belgium,,,,,,,,
26717218,,2006-2009,disease,Environmental,Particulate Matter,,,particulate matter <=2.5 microns in aerodynamic diameter,"15,964",Subjects with disease:Myocardial Infarction,,,63 years (mean),Both Males and Females,,beta absorption method | laser diffraction method,,,air,Particulate Matter,2.5 micrograms per cubic meter,minimum,,Belgium,,,,,,,,
26717218,,2006-2009,disease,Environmental,Particulate Matter,,,particulate matter <=2.5 microns in aerodynamic diameter,"15,964",Subjects with disease:Myocardial Infarction,,,63 years (mean),Both Males and Females,,beta absorption method | laser diffraction method,,,air,Particulate Matter,112 micrograms per cubic meter,maximum,,Belgium,,,,,,,,
26717218,,2006-2009,disease,Environmental,Particulate Matter,,,particulate matter <=2.5 microns in aerodynamic diameter,"15,964",Subjects with disease:Myocardial Infarction,,,63 years (mean),Both Males and Females,,beta absorption method | laser diffraction method | multivariate Poisson regression analysis,,,,,,,,Belgium,,,,prediction/hypothesis,Myocardial Infarction,,,
19672412,German Heinz Nixdorf Recall Study,2002-2002,sex,Environmental,Particulate Matter,,,Particulate Matter <= 2.5 microns in aerodynamic diameter,"2,004",Controls for disease:Coronary Disease,,,60 years (mean),Females (Only),,air monitoring | nephelometry,,,,CRP,1.6 percent,percent change per 3.91 micrograms per cubic meter Particulate Matter,Model 2,Germany,,Bochum | Essen | Mulheim,,,,,,
19672412,German Heinz Nixdorf Recall Study,2002-2002,sex,Environmental,Particulate Matter,,,Particulate Matter <= 2.5 microns in aerodynamic diameter,"2,028",Controls for disease:Coronary Disease,,,60 years (mean),Males (Only),,air monitoring | nephelometry,,,,CRP,24.1 percent,percent change per 3.91 micrograms per cubic meter Particulate Matter,Model 2,Germany,,Bochum | Essen | Mulheim,,,,,,
19672412,German Heinz Nixdorf Recall Study,2002-2002,sex,Environmental,Particulate Matter,,,Particulate Matter <= 2.5 microns in aerodynamic diameter,"2,028",Study subjects,,,60 years (mean),Males (Only),,air monitoring | nephelometry,,,,CRP,,,,Germany,,Bochum | Essen | Mulheim,,prediction/hypothesis,Atherosclerosis,,,
19672412,German Heinz Nixdorf Recall Study,2002-2002,sex,Environmental,Particulate Matter,,,Particulate Matter <= 2.5 microns in aerodynamic diameter,"2,028",Subjects with disease:Coronary Disease,,,60 years (mean),Males (Only),,air monitoring | nephelometry,,,,CRP,36.9 percent,percent change per 3.91 micrograms per cubic meter Particulate Matter,Model 2,Germany,,Bochum | Essen | Mulheim,,,,,,
19479017,Environmental Epidemiology of Arrhythmogenesis in Women's Health Initiative (EEAWHI),1999-2003,sex,Environmental,Particulate Matter,,,Particulate Matter <= 2.5 microns in aerodynamic diameter,"55,529",Study subjects,postmenopausal women,,52-90 years (range),Females (Only),10% Black|7% Other|83% White,electrocardiography,,,air,Particulate Matter,,,,United States,,,,positive correlation,"Arrhythmias, Cardiac",,,
19479017,Environmental Epidemiology of Arrhythmogenesis in Women's Health Initiative (EEAWHI),1999-2003,sex,Environmental,Particulate Matter,,,Particulate Matter <= 2.5 microns in aerodynamic diameter,"55,529",Study subjects,postmenopausal women,,52-90 years (range),Females (Only),10% Black|7% Other|83% White,electrocardiography,,,air,Particulate Matter,,,,United States,,,,positive correlation,Myocardial Ischemia,,,
22529923,,2000-2006,age,Environmental,Particulate Matter,,,Particulate Matter of aerodynamic size <= 2.5 microns,,Study subjects,acute exposure to particulate matter,,76.65-80.30 years (range),Both Males and Females,,,,,,Particulate Matter,,,,United States,Connecticut|Maine|Massachusetts|New Hampshire|Rhode Island|Vermont,New England,,positive correlation,Cardiovascular Diseases,,,
22529923,,2000-2006,age,Environmental,Particulate Matter,,,Particulate Matter of aerodynamic size <= 2.5 microns,,Study subjects,acute exposure to particulate matter,,76.65-80.30 years (range),Both Males and Females,,,,,,Particulate Matter,,,,United States,Connecticut|Maine|Massachusetts|New Hampshire|Rhode Island|Vermont,New England,,positive correlation,Stroke,,,
22529923,,2000-2006,age,Environmental,Particulate Matter,,,Particulate Matter of aerodynamic size <= 2.5 microns,,Study subjects,chronic exposure to particulate matter,,76.65-80.30 years (range),Both Males and Females,,,,,,Particulate Matter,,,,United States,Connecticut|Maine|Massachusetts|New Hampshire|Rhode Island|Vermont,New England,,positive correlation,Cardiovascular Diseases,,,
22529923,,2000-2006,age,Environmental,Particulate Matter,,,Particulate Matter of aerodynamic size <= 2.5 microns,,Study subjects,chronic exposure to particulate matter,,76.65-80.30 years (range),Both Males and Females,,,,,,Particulate Matter,,,,United States,Connecticut|Maine|Massachusetts|New Hampshire|Rhode Island|Vermont,New England,,positive correlation,Stroke,,,
22440092,,2000-2006,,Environmental,Particulate Matter,,,"Particulate Matter, particles less than 10 micrograms per cubic meter",,,,,,,,air monitoring | hospital admissions data analysis,,,,Particulate Matter,20 micrograms per cubic meter,median,,United Kingdom,,"Edinburgh, Scotland",,no correlation,Cardiovascular Diseases,,,
22440092,,2000-2006,,Environmental,Particulate Matter,,,"Particulate Matter, particles less than 10 micrograms per cubic meter",,,,,,,,air monitoring | hospital admissions data analysis,,,,Particulate Matter,20 micrograms per cubic meter,median,,United Kingdom,,"Glasgow, Scotland",,no correlation,Cardiovascular Diseases,,,
25564368,Cardiovascular Health and Air Pollution Study,,,Environmental,Particulate Matter,,,particulate matter with aerodynamic diameter 0.25 - 2.5 microns,43,Subjects with disease:Coronary Artery Disease,,Non-smoker,84.7 years (mean),47% Males (Only)|54% Females (Only),2% Hispanic|98% White,,,,air,Particulate Matter,12.2 micrograms per cubic meter,mean,,United States,California,Los Angeles air basin,,,,,,
25564368,Cardiovascular Health and Air Pollution Study,,,Environmental,Particulate Matter,,,particulate matter with aerodynamic diameter 0.25 - 2.5 microns,43,Subjects with disease:Coronary Artery Disease,,Non-smoker,84.7 years (mean),47% Males (Only)|54% Females (Only),2% Hispanic|98% White,,,,air,Particulate Matter,11 micrograms per cubic meter,median,,United States,California,Los Angeles air basin,,,,,,
25564368,Cardiovascular Health and Air Pollution Study,,,Environmental,Particulate Matter,,,particulate matter with aerodynamic diameter 0.25 - 2.5 microns,43,Subjects with disease:Coronary Artery Disease,,Non-smoker,84.7 years (mean),47% Males (Only)|54% Females (Only),2% Hispanic|98% White,,,,air,Particulate Matter,7.14 micrograms per cubic meter,interquartile range,,United States,California,Los Angeles air basin,,,,,,
25564368,Cardiovascular Health and Air Pollution Study,,,Environmental,Particulate Matter,,,particulate matter with aerodynamic diameter 0.25 - 2.5 microns,43,Subjects with disease:Coronary Artery Disease,,Non-smoker,84.7 years (mean),47% Males (Only)|54% Females (Only),2% Hispanic|98% White,,,,air,Particulate Matter,3.89 micrograms per cubic meter,minimum,,United States,California,Los Angeles air basin,,,,,,
25564368,Cardiovascular Health and Air Pollution Study,,,Environmental,Particulate Matter,,,particulate matter with aerodynamic diameter 0.25 - 2.5 microns,43,Subjects with disease:Coronary Artery Disease,,Non-smoker,84.7 years (mean),47% Males (Only)|54% Females (Only),2% Hispanic|98% White,,,,air,Particulate Matter,28.1 micrograms per cubic meter,maximum,,United States,California,Los Angeles air basin,,,,,,
25564368,Cardiovascular Health and Air Pollution Study,,,Environmental,Particulate Matter,,,particulate matter with aerodynamic diameter 0.25 - 2.5 microns,43,Subjects with disease:Coronary Artery Disease,,Non-smoker,84.7 years (mean),47% Males (Only)|54% Females (Only),2% Hispanic|98% White,,,,air,Polycyclic Aromatic Hydrocarbons,0.53 nanograms per cubic meter,mean,,United States,California,Los Angeles air basin,,,,,,
25564368,Cardiovascular Health and Air Pollution Study,,,Environmental,Particulate Matter,,,particulate matter with aerodynamic diameter 0.25 - 2.5 microns,43,Subjects with disease:Coronary Artery Disease,,Non-smoker,84.7 years (mean),47% Males (Only)|54% Females (Only),2% Hispanic|98% White,,,,air,Polycyclic Aromatic Hydrocarbons,0.47 nanograms per cubic meter,median,,United States,California,Los Angeles air basin,,,,,,
25564368,Cardiovascular Health and Air Pollution Study,,,Environmental,Particulate Matter,,,particulate matter with aerodynamic diameter 0.25 - 2.5 microns,43,Subjects with disease:Coronary Artery Disease,,Non-smoker,84.7 years (mean),47% Males (Only)|54% Females (Only),2% Hispanic|98% White,,,,air,Polycyclic Aromatic Hydrocarbons,0.26 nanograms per cubic meter,interquartile range,,United States,California,Los Angeles air basin,,,,,,
25564368,Cardiovascular Health and Air Pollution Study,,,Environmental,Particulate Matter,,,particulate matter with aerodynamic diameter 0.25 - 2.5 microns,43,Subjects with disease:Coronary Artery Disease,,Non-smoker,84.7 years (mean),47% Males (Only)|54% Females (Only),2% Hispanic|98% White,,,,air,Polycyclic Aromatic Hydrocarbons,0.36 nanograms per cubic meter,minimum,,United States,California,Los Angeles air basin,,,,,,
25564368,Cardiovascular Health and Air Pollution Study,,,Environmental,Particulate Matter,,,particulate matter with aerodynamic diameter 0.25 - 2.5 microns,43,Subjects with disease:Coronary Artery Disease,,Non-smoker,84.7 years (mean),47% Males (Only)|54% Females (Only),2% Hispanic|98% White,,,,air,Polycyclic Aromatic Hydrocarbons,1.01 nanograms per cubic meter,maximum,,United States,California,Los Angeles air basin,,,,,,
25564368,Cardiovascular Health and Air Pollution Study,,,Environmental,Particulate Matter,,,particulate matter with aerodynamic diameter 0.25 - 2.5 microns,43,Subjects with disease:Coronary Artery Disease,,Non-smoker,84.7 years (mean),47% Males (Only)|54% Females (Only),2% Hispanic|98% White,,,,air,hopane,0.49 nanograms per cubic meter,mean,,United States,California,Los Angeles air basin,,,,,,
25564368,Cardiovascular Health and Air Pollution Study,,,Environmental,Particulate Matter,,,particulate matter with aerodynamic diameter 0.25 - 2.5 microns,43,Subjects with disease:Coronary Artery Disease,,Non-smoker,84.7 years (mean),47% Males (Only)|54% Females (Only),2% Hispanic|98% White,,,,air,hopane,0.39 nanograms per cubic meter,median,,United States,California,Los Angeles air basin,,,,,,
25564368,Cardiovascular Health and Air Pollution Study,,,Environmental,Particulate Matter,,,particulate matter with aerodynamic diameter 0.25 - 2.5 microns,43,Subjects with disease:Coronary Artery Disease,,Non-smoker,84.7 years (mean),47% Males (Only)|54% Females (Only),2% Hispanic|98% White,,,,air,hopane,0.25 nanograms per cubic meter,interquartile range,,United States,California,Los Angeles air basin,,,,,,
25564368,Cardiovascular Health and Air Pollution Study,,,Environmental,Particulate Matter,,,particulate matter with aerodynamic diameter 0.25 - 2.5 microns,43,Subjects with disease:Coronary Artery Disease,,Non-smoker,84.7 years (mean),47% Males (Only)|54% Females (Only),2% Hispanic|98% White,,,,air,hopane,0.16 nanograms per cubic meter,minimum,,United States,California,Los Angeles air basin,,,,,,
25564368,Cardiovascular Health and Air Pollution Study,,,Environmental,Particulate Matter,,,particulate matter with aerodynamic diameter 0.25 - 2.5 microns,43,Subjects with disease:Coronary Artery Disease,,Non-smoker,84.7 years (mean),47% Males (Only)|54% Females (Only),2% Hispanic|98% White,,,,air,hopane,1.45 nanograms per cubic meter,maximum,,United States,California,Los Angeles air basin,,,,,,
25564368,Cardiovascular Health and Air Pollution Study,,,Environmental,Particulate Matter,,,particulate matter with aerodynamic diameter 0.25 - 2.5 microns,43,Subjects with disease:Coronary Artery Disease,,Non-smoker,84.7 years (mean),47% Males (Only)|54% Females (Only),2% Hispanic|98% White,,,,air,Organic Chemicals,48.8 micrograms per cubic meter,mean,,United States,California,Los Angeles air basin,,,,,,
25564368,Cardiovascular Health and Air Pollution Study,,,Environmental,Particulate Matter,,,particulate matter with aerodynamic diameter 0.25 - 2.5 microns,43,Subjects with disease:Coronary Artery Disease,,Non-smoker,84.7 years (mean),47% Males (Only)|54% Females (Only),2% Hispanic|98% White,,,,air,Organic Chemicals,40.7 micrograms per cubic meter,median,,United States,California,Los Angeles air basin,,,,,,
25564368,Cardiovascular Health and Air Pollution Study,,,Environmental,Particulate Matter,,,particulate matter with aerodynamic diameter 0.25 - 2.5 microns,43,Subjects with disease:Coronary Artery Disease,,Non-smoker,84.7 years (mean),47% Males (Only)|54% Females (Only),2% Hispanic|98% White,,,,air,Organic Chemicals,41.6 micrograms per cubic meter,interquartile range,,United States,California,Los Angeles air basin,,,,,,
25564368,Cardiovascular Health and Air Pollution Study,,,Environmental,Particulate Matter,,,particulate matter with aerodynamic diameter 0.25 - 2.5 microns,43,Subjects with disease:Coronary Artery Disease,,Non-smoker,84.7 years (mean),47% Males (Only)|54% Females (Only),2% Hispanic|98% White,,,,air,Organic Chemicals,9.74 micrograms per cubic meter,minimum,,United States,California,Los Angeles air basin,,,,,,
25564368,Cardiovascular Health and Air Pollution Study,,,Environmental,Particulate Matter,,,particulate matter with aerodynamic diameter 0.25 - 2.5 microns,43,Subjects with disease:Coronary Artery Disease,,Non-smoker,84.7 years (mean),47% Males (Only)|54% Females (Only),2% Hispanic|98% White,,,,air,Organic Chemicals,150 micrograms per cubic meter,maximum,,United States,California,Los Angeles air basin,,,,,,
25564368,Cardiovascular Health and Air Pollution Study,,,Environmental,Particulate Matter,,,particulate matter with aerodynamic diameter 0.25 microns,43,Subjects with disease:Coronary Artery Disease,,Non-smoker,84.7 years (mean),47% Males (Only)|54% Females (Only),2% Hispanic|98% White,,,,air,Particulate Matter,9.89 micrograms per cubic meter,mean,,United States,California,Los Angeles air basin,,,,,,
25564368,Cardiovascular Health and Air Pollution Study,,,Environmental,Particulate Matter,,,particulate matter with aerodynamic diameter 0.25 microns,43,Subjects with disease:Coronary Artery Disease,,Non-smoker,84.7 years (mean),47% Males (Only)|54% Females (Only),2% Hispanic|98% White,,,,air,Particulate Matter,9.25 micrograms per cubic meter,median,,United States,California,Los Angeles air basin,,,,,,
25564368,Cardiovascular Health and Air Pollution Study,,,Environmental,Particulate Matter,,,particulate matter with aerodynamic diameter 0.25 microns,43,Subjects with disease:Coronary Artery Disease,,Non-smoker,84.7 years (mean),47% Males (Only)|54% Females (Only),2% Hispanic|98% White,,,,air,Particulate Matter,6.27 micrograms per cubic meter,interquartile range,,United States,California,Los Angeles air basin,,,,,,
25564368,Cardiovascular Health and Air Pollution Study,,,Environmental,Particulate Matter,,,particulate matter with aerodynamic diameter 0.25 microns,43,Subjects with disease:Coronary Artery Disease,,Non-smoker,84.7 years (mean),47% Males (Only)|54% Females (Only),2% Hispanic|98% White,,,,air,Particulate Matter,3.31 micrograms per cubic meter,minimum,,United States,California,Los Angeles air basin,,,,,,
25564368,Cardiovascular Health and Air Pollution Study,,,Environmental,Particulate Matter,,,particulate matter with aerodynamic diameter 0.25 microns,43,Subjects with disease:Coronary Artery Disease,,Non-smoker,84.7 years (mean),47% Males (Only)|54% Females (Only),2% Hispanic|98% White,,,,air,Particulate Matter,19.3 micrograms per cubic meter,maximum,,United States,California,Los Angeles air basin,,,,,,
25564368,Cardiovascular Health and Air Pollution Study,,,Environmental,Particulate Matter,,,particulate matter with aerodynamic diameter 0.25 microns,43,Subjects with disease:Coronary Artery Disease,,Non-smoker,84.7 years (mean),47% Males (Only)|54% Females (Only),2% Hispanic|98% White,,,,air,Polycyclic Aromatic Hydrocarbons,1.13 nanograms per cubic meter,mean,,United States,California,Los Angeles air basin,,,,,,
25564368,Cardiovascular Health and Air Pollution Study,,,Environmental,Particulate Matter,,,particulate matter with aerodynamic diameter 0.25 microns,43,Subjects with disease:Coronary Artery Disease,,Non-smoker,84.7 years (mean),47% Males (Only)|54% Females (Only),2% Hispanic|98% White,,,,air,Polycyclic Aromatic Hydrocarbons,0.97 nanograms per cubic meter,median,,United States,California,Los Angeles air basin,,,,,,
25564368,Cardiovascular Health and Air Pollution Study,,,Environmental,Particulate Matter,,,particulate matter with aerodynamic diameter 0.25 microns,43,Subjects with disease:Coronary Artery Disease,,Non-smoker,84.7 years (mean),47% Males (Only)|54% Females (Only),2% Hispanic|98% White,,,,air,Polycyclic Aromatic Hydrocarbons,0.46 nanograms per cubic meter,interquartile range,,United States,California,Los Angeles air basin,,,,,,
25564368,Cardiovascular Health and Air Pollution Study,,,Environmental,Particulate Matter,,,particulate matter with aerodynamic diameter 0.25 microns,43,Subjects with disease:Coronary Artery Disease,,Non-smoker,84.7 years (mean),47% Males (Only)|54% Females (Only),2% Hispanic|98% White,,,,air,Polycyclic Aromatic Hydrocarbons,0.55 nanograms per cubic meter,minimum,,United States,California,Los Angeles air basin,,,,,,
25564368,Cardiovascular Health and Air Pollution Study,,,Environmental,Particulate Matter,,,particulate matter with aerodynamic diameter 0.25 microns,43,Subjects with disease:Coronary Artery Disease,,Non-smoker,84.7 years (mean),47% Males (Only)|54% Females (Only),2% Hispanic|98% White,,,,air,Polycyclic Aromatic Hydrocarbons,2.7 nanograms per cubic meter,maximum,,United States,California,Los Angeles air basin,,,,,,
25564368,Cardiovascular Health and Air Pollution Study,,,Environmental,Particulate Matter,,,particulate matter with aerodynamic diameter 0.25 microns,43,Subjects with disease:Coronary Artery Disease,,Non-smoker,84.7 years (mean),47% Males (Only)|54% Females (Only),2% Hispanic|98% White,,,,air,hopane,0.33 nanograms per cubic meter,mean,,United States,California,Los Angeles air basin,,,,,,
25564368,Cardiovascular Health and Air Pollution Study,,,Environmental,Particulate Matter,,,particulate matter with aerodynamic diameter 0.25 microns,43,Subjects with disease:Coronary Artery Disease,,Non-smoker,84.7 years (mean),47% Males (Only)|54% Females (Only),2% Hispanic|98% White,,,,air,hopane,0.25 nanograms per cubic meter,median,,United States,California,Los Angeles air basin,,,,,,
25564368,Cardiovascular Health and Air Pollution Study,,,Environmental,Particulate Matter,,,particulate matter with aerodynamic diameter 0.25 microns,43,Subjects with disease:Coronary Artery Disease,,Non-smoker,84.7 years (mean),47% Males (Only)|54% Females (Only),2% Hispanic|98% White,,,,air,hopane,0.44 nanograms per cubic meter,interquartile range,,United States,California,Los Angeles air basin,,,,,,
25564368,Cardiovascular Health and Air Pollution Study,,,Environmental,Particulate Matter,,,particulate matter with aerodynamic diameter 0.25 microns,43,Subjects with disease:Coronary Artery Disease,,Non-smoker,84.7 years (mean),47% Males (Only)|54% Females (Only),2% Hispanic|98% White,,,,air,hopane,0.06 nanograms per cubic meter,minimum,,United States,California,Los Angeles air basin,,,,,,
25564368,Cardiovascular Health and Air Pollution Study,,,Environmental,Particulate Matter,,,particulate matter with aerodynamic diameter 0.25 microns,43,Subjects with disease:Coronary Artery Disease,,Non-smoker,84.7 years (mean),47% Males (Only)|54% Females (Only),2% Hispanic|98% White,,,,air,hopane,1.57 nanograms per cubic meter,maximum,,United States,California,Los Angeles air basin,,,,,,
25564368,Cardiovascular Health and Air Pollution Study,,,Environmental,Particulate Matter,,,particulate matter with aerodynamic diameter 0.25 microns,43,Subjects with disease:Coronary Artery Disease,,Non-smoker,84.7 years (mean),47% Males (Only)|54% Females (Only),2% Hispanic|98% White,,,,air,Organic Chemicals,0.26 micrograms per cubic meter,mean,,United States,California,Los Angeles air basin,,,,,,
25564368,Cardiovascular Health and Air Pollution Study,,,Environmental,Particulate Matter,,,particulate matter with aerodynamic diameter 0.25 microns,43,Subjects with disease:Coronary Artery Disease,,Non-smoker,84.7 years (mean),47% Males (Only)|54% Females (Only),2% Hispanic|98% White,,,,air,Organic Chemicals,0.19 micrograms per cubic meter,median,,United States,California,Los Angeles air basin,,,,,,
25564368,Cardiovascular Health and Air Pollution Study,,,Environmental,Particulate Matter,,,particulate matter with aerodynamic diameter 0.25 microns,43,Subjects with disease:Coronary Artery Disease,,Non-smoker,84.7 years (mean),47% Males (Only)|54% Females (Only),2% Hispanic|98% White,,,,air,Organic Chemicals,0.35 micrograms per cubic meter,interquartile range,,United States,California,Los Angeles air basin,,,,,,
25564368,Cardiovascular Health and Air Pollution Study,,,Environmental,Particulate Matter,,,particulate matter with aerodynamic diameter 0.25 microns,43,Subjects with disease:Coronary Artery Disease,,Non-smoker,84.7 years (mean),47% Males (Only)|54% Females (Only),2% Hispanic|98% White,,,,air,Organic Chemicals,0.06 micrograms per cubic meter,minimum,,United States,California,Los Angeles air basin,,,,,,
25564368,Cardiovascular Health and Air Pollution Study,,,Environmental,Particulate Matter,,,particulate matter with aerodynamic diameter 0.25 microns,43,Subjects with disease:Coronary Artery Disease,,Non-smoker,84.7 years (mean),47% Males (Only)|54% Females (Only),2% Hispanic|98% White,,,,air,Organic Chemicals,0.96 micrograms per cubic meter,maximum,,United States,California,Los Angeles air basin,,,,,,
16330354,Adventist Health Study on the Health Effects of Smog (AHSMOG),1976-1998,,Environmental,Particulate Matter,,,Particulate Matter with aerodynamic diameter 10-2.5 microns,"1,149",Study subjects,,,,Males (Only),White,,,,,,,,,United States,California,,,no correlation,Coronary Disease,,,
16330354,Adventist Health Study on the Health Effects of Smog (AHSMOG),1976-1998,,Environmental,Particulate Matter,,,Particulate Matter with aerodynamic diameter 10-2.5 microns,"1,149",Study subjects,,,,Males (Only),White,,,,,,,,,United States,California,,,no correlation,Coronary Disease,,,
16330354,Adventist Health Study on the Health Effects of Smog (AHSMOG),1976-1998,,Environmental,Particulate Matter,,,Particulate Matter with aerodynamic diameter 10-2.5 microns,"2,090",Study subjects,,,,Females (Only),White,,,,,,,,,United States,California,,,positive correlation,Coronary Disease,,,
16330354,Adventist Health Study on the Health Effects of Smog (AHSMOG),1976-1998,,Environmental,Particulate Matter,,,Particulate Matter with aerodynamic diameter 10-2.5 microns,"2,090",Study subjects,,,,Females (Only),White,,,,,,,,,United States,California,,,positive correlation,Coronary Disease,,,
27177127,Nurses' Health Study (NHS),1988-2008,,Environmental,Particulate Matter,,,particulate matter with aerodynamic diameter <= 10 microns,"74,880",Workers,nurses,Current smoker|Former smoker|Never smoker,61 years (mean),Females (Only),1% Asian|1% Black|1% Other|95% White,,,,,,,,,United States,,,,positive correlation,Hypertension,,,
24509062,,2001-2007,,Environmental,Particulate Matter,,,particulate matter with aerodynamic diameter <=10 microns,,,,,,,,general additive models with log link and Poisson error,,,,,,,,Hong Kong,,,,positive correlation,Myocardial Ischemia,,,
16079066,,1986-1999,,Environmental,Particulate Matter,,,Particulate Matter with aerodynamic diameter <=10 microns,815,Subjects with disease:Myocardial Infarction,,,>=65 years (range),Both Males and Females,,Air monitoring | hospital admissions data analysis,,,air,Particulate Matter,14.5 micrograms per cubic meter,10th percentile,,United States,Utah,Orem | Provo,,,,,,
16079066,,1986-1999,,Environmental,Particulate Matter,,,Particulate Matter with aerodynamic diameter <=10 microns,815,Subjects with disease:Myocardial Infarction,,,>=65 years (range),Both Males and Females,,Air monitoring | hospital admissions data analysis,,,air,Particulate Matter,30.5 micrograms per cubic meter,50th percentile,,United States,Utah,Orem | Provo,,,,,,
16079066,,1986-1999,,Environmental,Particulate Matter,,,Particulate Matter with aerodynamic diameter <=10 microns,815,Subjects with disease:Myocardial Infarction,,,>=65 years (range),Both Males and Females,,Air monitoring | hospital admissions data analysis,,,air,Particulate Matter,66.9 micrograms per cubic meter,90th percentile,,United States,Utah,Orem | Provo,,,,,,
16079066,,1989-1996,,Environmental,Particulate Matter,,,Particulate Matter with aerodynamic diameter <=10 microns,"1,347",Subjects with disease:Myocardial Infarction,,,>=65 years (range),Both Males and Females,,Air monitoring | hospital admissions data analysis,,,air,Particulate Matter,10.2 micrograms per cubic meter,10th percentile,,United States,Colorado,Boulder,,,,,,
16079066,,1989-1996,,Environmental,Particulate Matter,,,Particulate Matter with aerodynamic diameter <=10 microns,"1,347",Subjects with disease:Myocardial Infarction,,,>=65 years (range),Both Males and Females,,Air monitoring | hospital admissions data analysis,,,air,Particulate Matter,20.3 micrograms per cubic meter,50th percentile,,United States,Colorado,Boulder,,,,,,
16079066,,1989-1996,,Environmental,Particulate Matter,,,Particulate Matter with aerodynamic diameter <=10 microns,"1,347",Subjects with disease:Myocardial Infarction,,,>=65 years (range),Both Males and Females,,Air monitoring | hospital admissions data analysis,,,air,Particulate Matter,37.9 micrograms per cubic meter,90th percentile,,United States,Colorado,Boulder,,,,,,
16079066,,1987-1996,,Environmental,Particulate Matter,,,Particulate Matter with aerodynamic diameter <=10 microns,"2,398",Subjects with disease:Myocardial Infarction,,,>=65 years (range),Both Males and Females,,Air monitoring | hospital admissions data analysis,,,air,Particulate Matter,12.4 micrograms per cubic meter,10th percentile,,United States,Colorado,Colorado Springs,,,,,,
16079066,,1987-1996,,Environmental,Particulate Matter,,,Particulate Matter with aerodynamic diameter <=10 microns,"2,398",Subjects with disease:Myocardial Infarction,,,>=65 years (range),Both Males and Females,,Air monitoring | hospital admissions data analysis,,,air,Particulate Matter,21.7 micrograms per cubic meter,50th percentile,,United States,Colorado,Colorado Springs,,,,,,
16079066,,1987-1996,,Environmental,Particulate Matter,,,Particulate Matter with aerodynamic diameter <=10 microns,"2,398",Subjects with disease:Myocardial Infarction,,,>=65 years (range),Both Males and Females,,Air monitoring | hospital admissions data analysis,,,air,Particulate Matter,40.1 micrograms per cubic meter,90th percentile,,United States,Colorado,Colorado Springs,,,,,,
16079066,,1986-1999,,Environmental,Particulate Matter,,,Particulate Matter with aerodynamic diameter <=10 microns,"3,694",Subjects with disease:Myocardial Infarction,,,>=65 years (range),Both Males and Females,,Air monitoring | hospital admissions data analysis,,,air,Particulate Matter,13.9 micrograms per cubic meter,10th percentile,,United States,Utah,Salt Lake City,,,,,,
16079066,,1986-1999,,Environmental,Particulate Matter,,,Particulate Matter with aerodynamic diameter <=10 microns,"3,694",Subjects with disease:Myocardial Infarction,,,>=65 years (range),Both Males and Females,,Air monitoring | hospital admissions data analysis,,,air,Particulate Matter,30.7 micrograms per cubic meter,50th percentile,,United States,Utah,Salt Lake City,,,,,,
16079066,,1986-1999,,Environmental,Particulate Matter,,,Particulate Matter with aerodynamic diameter <=10 microns,"3,694",Subjects with disease:Myocardial Infarction,,,>=65 years (range),Both Males and Females,,Air monitoring | hospital admissions data analysis,,,air,Particulate Matter,61.2 micrograms per cubic meter,90th percentile,,United States,Utah,Salt Lake City,,,,,,
16079066,,1988-1998,,Environmental,Particulate Matter,,,Particulate Matter with aerodynamic diameter <=10 microns,"4,185",Subjects with disease:Myocardial Infarction,,,>=65 years (range),Both Males and Females,,Air monitoring | hospital admissions data analysis,,,air,Particulate Matter,15.4 micrograms per cubic meter,10th percentile,,United States,Ohio,Steubenville,,,,,,
16079066,,1988-1998,,Environmental,Particulate Matter,,,Particulate Matter with aerodynamic diameter <=10 microns,"4,185",Subjects with disease:Myocardial Infarction,,,>=65 years (range),Both Males and Females,,Air monitoring | hospital admissions data analysis,,,air,Particulate Matter,30 micrograms per cubic meter,50th percentile,,United States,Ohio,Steubenville,,,,,,
16079066,,1988-1998,,Environmental,Particulate Matter,,,Particulate Matter with aerodynamic diameter <=10 microns,"4,185",Subjects with disease:Myocardial Infarction,,,>=65 years (range),Both Males and Females,,Air monitoring | hospital admissions data analysis,,,air,Particulate Matter,59.7 micrograms per cubic meter,90th percentile,,United States,Ohio,Steubenville,,,,,,
16079066,,1990-1999,,Environmental,Particulate Matter,,,Particulate Matter with aerodynamic diameter <=10 microns,"4,740",Subjects with disease:Myocardial Infarction,,,>=65 years (range),Both Males and Females,,Air monitoring | hospital admissions data analysis,,,air,Particulate Matter,15.7 micrograms per cubic meter,10th percentile,,United States,Tennessee,Nashville,,,,,,
16079066,,1990-1999,,Environmental,Particulate Matter,,,Particulate Matter with aerodynamic diameter <=10 microns,"4,740",Subjects with disease:Myocardial Infarction,,,>=65 years (range),Both Males and Females,,Air monitoring | hospital admissions data analysis,,,air,Particulate Matter,28.1 micrograms per cubic meter,50th percentile,,United States,Tennessee,Nashville,,,,,,
16079066,,1990-1999,,Environmental,Particulate Matter,,,Particulate Matter with aerodynamic diameter <=10 microns,"4,740",Subjects with disease:Myocardial Infarction,,,>=65 years (range),Both Males and Females,,Air monitoring | hospital admissions data analysis,,,air,Particulate Matter,46.5 micrograms per cubic meter,90th percentile,,United States,Tennessee,Nashville,,,,,,
16079066,,1986-1999,,Environmental,Particulate Matter,,,Particulate Matter with aerodynamic diameter <=10 microns,"4,755",Subjects with disease:Myocardial Infarction,,,>=65 years (range),Both Males and Females,,Air monitoring | hospital admissions data analysis,,,air,Particulate Matter,16.7 micrograms per cubic meter,10th percentile,,United States,Colorado,Denver,,,,,,
16079066,,1986-1999,,Environmental,Particulate Matter,,,Particulate Matter with aerodynamic diameter <=10 microns,"4,755",Subjects with disease:Myocardial Infarction,,,>=65 years (range),Both Males and Females,,Air monitoring | hospital admissions data analysis,,,air,Particulate Matter,28.5 micrograms per cubic meter,50th percentile,,United States,Colorado,Denver,,,,,,
16079066,,1986-1999,,Environmental,Particulate Matter,,,Particulate Matter with aerodynamic diameter <=10 microns,"4,755",Subjects with disease:Myocardial Infarction,,,>=65 years (range),Both Males and Females,,Air monitoring | hospital admissions data analysis,,,air,Particulate Matter,49.2 micrograms per cubic meter,90th percentile,,United States,Colorado,Denver,,,,,,
16079066,,1998-1999,,Environmental,Particulate Matter,,,Particulate Matter with aerodynamic diameter <=10 microns,"6,540",Subjects with disease:Myocardial Infarction,,,>=65 years (range),Both Males and Females,,Air monitoring | hospital admissions data analysis,,,air,Particulate Matter,11.1 micrograms per cubic meter,10th percentile,,United States,Hawaii,Honolulu,,,,,,
16079066,,1998-1999,,Environmental,Particulate Matter,,,Particulate Matter with aerodynamic diameter <=10 microns,"6,540",Subjects with disease:Myocardial Infarction,,,>=65 years (range),Both Males and Females,,Air monitoring | hospital admissions data analysis,,,air,Particulate Matter,15.5 micrograms per cubic meter,50th percentile,,United States,Hawaii,Honolulu,,,,,,
16079066,,1998-1999,,Environmental,Particulate Matter,,,Particulate Matter with aerodynamic diameter <=10 microns,"6,540",Subjects with disease:Myocardial Infarction,,,>=65 years (range),Both Males and Females,,Air monitoring | hospital admissions data analysis,,,air,Particulate Matter,22.7 micrograms per cubic meter,90th percentile,,United States,Hawaii,Honolulu,,,,,,
16079066,,1989-1996,,Environmental,Particulate Matter,,,Particulate Matter with aerodynamic diameter <=10 microns,"7,158",Subjects with disease:Myocardial Infarction,,,>=65 years (range),Both Males and Females,,Air monitoring | hospital admissions data analysis,,,air,Particulate Matter,14.8 micrograms per cubic meter,10th percentile,,United States,Ohio,Canton,,,,,,
16079066,,1989-1996,,Environmental,Particulate Matter,,,Particulate Matter with aerodynamic diameter <=10 microns,"7,158",Subjects with disease:Myocardial Infarction,,,>=65 years (range),Both Males and Females,,Air monitoring | hospital admissions data analysis,,,air,Particulate Matter,24.3 micrograms per cubic meter,50th percentile,,United States,Ohio,Canton,,,,,,
16079066,,1989-1996,,Environmental,Particulate Matter,,,Particulate Matter with aerodynamic diameter <=10 microns,"7,158",Subjects with disease:Myocardial Infarction,,,>=65 years (range),Both Males and Females,,Air monitoring | hospital admissions data analysis,,,air,Particulate Matter,43.5 micrograms per cubic meter,90th percentile,,United States,Ohio,Canton,,,,,,
16079066,,1989-1995,,Environmental,Particulate Matter,,,Particulate Matter with aerodynamic diameter <=10 microns,"9,493",Subjects with disease:Myocardial Infarction,,,>=65 years (range),Both Males and Females,,Air monitoring | hospital admissions data analysis,,,air,Particulate Matter,15.4 micrograms per cubic meter,10th percentile,,United States,Ohio,Youngstown,,,,,,
16079066,,1989-1995,,Environmental,Particulate Matter,,,Particulate Matter with aerodynamic diameter <=10 microns,"9,493",Subjects with disease:Myocardial Infarction,,,>=65 years (range),Both Males and Females,,Air monitoring | hospital admissions data analysis,,,air,Particulate Matter,27.9 micrograms per cubic meter,50th percentile,,United States,Ohio,Youngstown,,,,,,
16079066,,1989-1995,,Environmental,Particulate Matter,,,Particulate Matter with aerodynamic diameter <=10 microns,"9,493",Subjects with disease:Myocardial Infarction,,,>=65 years (range),Both Males and Females,,Air monitoring | hospital admissions data analysis,,,air,Particulate Matter,50.7 micrograms per cubic meter,90th percentile,,United States,Ohio,Youngstown,,,,,,
16079066,,1986-1997,,Environmental,Particulate Matter,,,Particulate Matter with aerodynamic diameter <=10 microns,"12,437",Subjects with disease:Myocardial Infarction,,,>=65 years (range),Both Males and Females,,Air monitoring | hospital admissions data analysis,,,air,Particulate Matter,12.4 micrograms per cubic meter,10th percentile,,United States,Washingtom,Seattle,,,,,,
16079066,,1986-1997,,Environmental,Particulate Matter,,,Particulate Matter with aerodynamic diameter <=10 microns,"12,437",Subjects with disease:Myocardial Infarction,,,>=65 years (range),Both Males and Females,,Air monitoring | hospital admissions data analysis,,,air,Particulate Matter,24.5 micrograms per cubic meter,50th percentile,,United States,Washingtom,Seattle,,,,,,
16079066,,1986-1997,,Environmental,Particulate Matter,,,Particulate Matter with aerodynamic diameter <=10 microns,"12,437",Subjects with disease:Myocardial Infarction,,,>=65 years (range),Both Males and Females,,Air monitoring | hospital admissions data analysis,,,air,Particulate Matter,50.5 micrograms per cubic meter,90th percentile,,United States,Washingtom,Seattle,,,,,,
16079066,,1991-1994,,Environmental,Particulate Matter,,,Particulate Matter with aerodynamic diameter <=10 microns,"12,451",Subjects with disease:Myocardial Infarction,,,>=65 years (range),Both Males and Females,,Air monitoring | hospital admissions data analysis,,,air,Particulate Matter,15.4 micrograms per cubic meter,10th percentile,,United States,Ohio,Columbus,,,,,,
16079066,,1991-1994,,Environmental,Particulate Matter,,,Particulate Matter with aerodynamic diameter <=10 microns,"12,451",Subjects with disease:Myocardial Infarction,,,>=65 years (range),Both Males and Females,,Air monitoring | hospital admissions data analysis,,,air,Particulate Matter,25.7 micrograms per cubic meter,50th percentile,,United States,Ohio,Columbus,,,,,,
16079066,,1991-1994,,Environmental,Particulate Matter,,,Particulate Matter with aerodynamic diameter <=10 microns,"12,451",Subjects with disease:Myocardial Infarction,,,>=65 years (range),Both Males and Females,,Air monitoring | hospital admissions data analysis,,,air,Particulate Matter,46.5 micrograms per cubic meter,90th percentile,,United States,Ohio,Columbus,,,,,,
16079066,,1988-1999,,Environmental,Particulate Matter,,,Particulate Matter with aerodynamic diameter <=10 microns,"12,807",Subjects with disease:Myocardial Infarction,,,>=65 years (range),Both Males and Females,,Air monitoring | hospital admissions data analysis,,,air,Particulate Matter,9.9 micrograms per cubic meter,10th percentile,,United States,Connecticut,New Haven,,,,,,
16079066,,1988-1999,,Environmental,Particulate Matter,,,Particulate Matter with aerodynamic diameter <=10 microns,"12,807",Subjects with disease:Myocardial Infarction,,,>=65 years (range),Both Males and Females,,Air monitoring | hospital admissions data analysis,,,air,Particulate Matter,22.7 micrograms per cubic meter,50th percentile,,United States,Connecticut,New Haven,,,,,,
16079066,,1988-1999,,Environmental,Particulate Matter,,,Particulate Matter with aerodynamic diameter <=10 microns,"12,807",Subjects with disease:Myocardial Infarction,,,>=65 years (range),Both Males and Females,,Air monitoring | hospital admissions data analysis,,,air,Particulate Matter,44.8 micrograms per cubic meter,90th percentile,,United States,Connecticut,New Haven,,,,,,
16079066,,1989-1998,,Environmental,Particulate Matter,,,Particulate Matter with aerodynamic diameter <=10 microns,"13,025",Subjects with disease:Myocardial Infarction,,,>=65 years (range),Both Males and Females,,Air monitoring | hospital admissions data analysis,,,air,Particulate Matter,16.3 micrograms per cubic meter,10th percentile,,United States,Ohio,Cincinnati,,,,,,
16079066,,1989-1998,,Environmental,Particulate Matter,,,Particulate Matter with aerodynamic diameter <=10 microns,"13,025",Subjects with disease:Myocardial Infarction,,,>=65 years (range),Both Males and Females,,Air monitoring | hospital admissions data analysis,,,air,Particulate Matter,28.5 micrograms per cubic meter,50th percentile,,United States,Ohio,Cincinnati,,,,,,
16079066,,1989-1998,,Environmental,Particulate Matter,,,Particulate Matter with aerodynamic diameter <=10 microns,"13,025",Subjects with disease:Myocardial Infarction,,,>=65 years (range),Both Males and Females,,Air monitoring | hospital admissions data analysis,,,air,Particulate Matter,52.5 micrograms per cubic meter,90th percentile,,United States,Ohio,Cincinnati,,,,,,
16079066,,1986-1999,,Environmental,Particulate Matter,,,Particulate Matter with aerodynamic diameter <=10 microns,"14,356",Subjects with disease:Myocardial Infarction,,,>=65 years (range),Both Males and Females,,Air monitoring | hospital admissions data analysis,,,air,Particulate Matter,12 micrograms per cubic meter,10th percentile,,United States,Minnesota,Minneapolis,,,,,,
16079066,,1986-1999,,Environmental,Particulate Matter,,,Particulate Matter with aerodynamic diameter <=10 microns,"14,356",Subjects with disease:Myocardial Infarction,,,>=65 years (range),Both Males and Females,,Air monitoring | hospital admissions data analysis,,,air,Particulate Matter,23.5 micrograms per cubic meter,50th percentile,,United States,Minnesota,Minneapolis,,,,,,
16079066,,1986-1999,,Environmental,Particulate Matter,,,Particulate Matter with aerodynamic diameter <=10 microns,"14,356",Subjects with disease:Myocardial Infarction,,,>=65 years (range),Both Males and Females,,Air monitoring | hospital admissions data analysis,,,air,Particulate Matter,44.4 micrograms per cubic meter,90th percentile,,United States,Minnesota,Minneapolis,,,,,,
16079066,,1986-1993,,Environmental,Particulate Matter,,,Particulate Matter with aerodynamic diameter <=10 microns,"14,457",Subjects with disease:Myocardial Infarction,,,>=65 years (range),Both Males and Females,,Air monitoring | hospital admissions data analysis,,,air,Particulate Matter,13.7 micrograms per cubic meter,10th percentile,,United States,Alabama,Birmingham,,,,,,
16079066,,1986-1993,,Environmental,Particulate Matter,,,Particulate Matter with aerodynamic diameter <=10 microns,"14,457",Subjects with disease:Myocardial Infarction,,,>=65 years (range),Both Males and Females,,Air monitoring | hospital admissions data analysis,,,air,Particulate Matter,32.3 micrograms per cubic meter,50th percentile,,United States,Alabama,Birmingham,,,,,,
16079066,,1986-1993,,Environmental,Particulate Matter,,,Particulate Matter with aerodynamic diameter <=10 microns,"14,457",Subjects with disease:Myocardial Infarction,,,>=65 years (range),Both Males and Females,,Air monitoring | hospital admissions data analysis,,,air,Particulate Matter,63.2 micrograms per cubic meter,90th percentile,,United States,Alabama,Birmingham,,,,,,
16079066,,1986-1987,,Environmental,Particulate Matter,,,Particulate Matter with aerodynamic diameter <=10 microns,"15,085",Subjects with disease:Myocardial Infarction,,,>=65 years (range),Both Males and Females,,Air monitoring | hospital admissions data analysis,,,air,Particulate Matter,15.9 micrograms per cubic meter,10th percentile,,United States,Texas,Houston,,,,,,
16079066,,1986-1987,,Environmental,Particulate Matter,,,Particulate Matter with aerodynamic diameter <=10 microns,"15,085",Subjects with disease:Myocardial Infarction,,,>=65 years (range),Both Males and Females,,Air monitoring | hospital admissions data analysis,,,air,Particulate Matter,29.7 micrograms per cubic meter,50th percentile,,United States,Texas,Houston,,,,,,
16079066,,1986-1987,,Environmental,Particulate Matter,,,Particulate Matter with aerodynamic diameter <=10 microns,"15,085",Subjects with disease:Myocardial Infarction,,,>=65 years (range),Both Males and Females,,Air monitoring | hospital admissions data analysis,,,air,Particulate Matter,50 micrograms per cubic meter,90th percentile,,United States,Texas,Houston,,,,,,
16079066,,1989-1999,,Environmental,Particulate Matter,,,Particulate Matter with aerodynamic diameter <=10 microns,"27,218",Subjects with disease:Myocardial Infarction,,,>=65 years (range),Both Males and Females,,Air monitoring | hospital admissions data analysis,,,air,Particulate Matter,17 micrograms per cubic meter,10th percentile,,United States,Ohio,Cleveland,,,,,,
16079066,,1989-1999,,Environmental,Particulate Matter,,,Particulate Matter with aerodynamic diameter <=10 microns,"27,218",Subjects with disease:Myocardial Infarction,,,>=65 years (range),Both Males and Females,,Air monitoring | hospital admissions data analysis,,,air,Particulate Matter,34.1 micrograms per cubic meter,50th percentile,,United States,Ohio,Cleveland,,,,,,
16079066,,1989-1999,,Environmental,Particulate Matter,,,Particulate Matter with aerodynamic diameter <=10 microns,"27,218",Subjects with disease:Myocardial Infarction,,,>=65 years (range),Both Males and Females,,Air monitoring | hospital admissions data analysis,,,air,Particulate Matter,63.4 micrograms per cubic meter,90th percentile,,United States,Ohio,Cleveland,,,,,,
16079066,,1986-1999,,Environmental,Particulate Matter,,,Particulate Matter with aerodynamic diameter <=10 microns,"30,793",Subjects with disease:Myocardial Infarction,,,>=65 years (range),Both Males and Females,,Air monitoring | hospital admissions data analysis,,,air,Particulate Matter,13.1 micrograms per cubic meter,10th percentile,,United States,Michigan,Detroit,,,,,,
16079066,,1986-1999,,Environmental,Particulate Matter,,,Particulate Matter with aerodynamic diameter <=10 microns,"30,793",Subjects with disease:Myocardial Infarction,,,>=65 years (range),Both Males and Females,,Air monitoring | hospital admissions data analysis,,,air,Particulate Matter,30.5 micrograms per cubic meter,50th percentile,,United States,Michigan,Detroit,,,,,,
16079066,,1986-1999,,Environmental,Particulate Matter,,,Particulate Matter with aerodynamic diameter <=10 microns,"30,793",Subjects with disease:Myocardial Infarction,,,>=65 years (range),Both Males and Females,,Air monitoring | hospital admissions data analysis,,,air,Particulate Matter,59.8 micrograms per cubic meter,90th percentile,,United States,Michigan,Detroit,,,,,,
16079066,,1987-1998,,Environmental,Particulate Matter,,,Particulate Matter with aerodynamic diameter <=10 microns,"34,439",Subjects with disease:Myocardial Infarction,,,>=65 years (range),Both Males and Females,,Air monitoring | hospital admissions data analysis,,,air,Particulate Matter,11.6 micrograms per cubic meter,10th percentile,,United States,Pennsylvania,Pittsburgh,,,,,,
16079066,,1987-1998,,Environmental,Particulate Matter,,,Particulate Matter with aerodynamic diameter <=10 microns,"34,439",Subjects with disease:Myocardial Infarction,,,>=65 years (range),Both Males and Females,,Air monitoring | hospital admissions data analysis,,,air,Particulate Matter,26 micrograms per cubic meter,50th percentile,,United States,Pennsylvania,Pittsburgh,,,,,,
16079066,,1987-1998,,Environmental,Particulate Matter,,,Particulate Matter with aerodynamic diameter <=10 microns,"34,439",Subjects with disease:Myocardial Infarction,,,>=65 years (range),Both Males and Females,,Air monitoring | hospital admissions data analysis,,,air,Particulate Matter,60 micrograms per cubic meter,90th percentile,,United States,Pennsylvania,Pittsburgh,,,,,,
16079066,,1986-1999,,Environmental,Particulate Matter,,,Particulate Matter with aerodynamic diameter <=10 microns,"67,974",Subjects with disease:Myocardial Infarction,,,>=65 years (range),Both Males and Females,,Air monitoring | hospital admissions data analysis,,,air,Particulate Matter,16.8 micrograms per cubic meter,10th percentile,,United States,Illinois,Chicago,,,,,,
16079066,,1986-1999,,Environmental,Particulate Matter,,,Particulate Matter with aerodynamic diameter <=10 microns,"67,974",Subjects with disease:Myocardial Infarction,,,>=65 years (range),Both Males and Females,,Air monitoring | hospital admissions data analysis,,,air,Particulate Matter,32.1 micrograms per cubic meter,50th percentile,,United States,Illinois,Chicago,,,,,,
16079066,,1986-1999,,Environmental,Particulate Matter,,,Particulate Matter with aerodynamic diameter <=10 microns,"67,974",Subjects with disease:Myocardial Infarction,,,>=65 years (range),Both Males and Females,,Air monitoring | hospital admissions data analysis,,,air,Particulate Matter,57.6 micrograms per cubic meter,90th percentile,,United States,Illinois,Chicago,,,,,,
16079066,,1986-1999,,Environmental,Particulate Matter,,,Particulate Matter with aerodynamic diameter <=10 microns,"300,167",Subjects with disease:Myocardial Infarction,,,>=65 years (range),Both Males and Females,,Air monitoring | hospital admissions data analysis,,,air,Particulate Matter,,,,United States,Alabama|Colorado|Connecticut|Hawaii|Illinois|Michigan|Minnesota|Ohio|Pennsylvania|Tennessee|Texas|Utah|Washingtom,,,positive correlation,Myocardial Infarction,,,
16079066,,1986-1999,,Environmental,Particulate Matter,,,Particulate Matter with aerodynamic diameter <=10 microns,"300,167",Subjects with disease:Myocardial Infarction,,,>=65 years (range),Both Males and Females,,Air monitoring | hospital admissions data analysis,,,air,Particulate Matter,14.7 micrograms per cubic meter,10th percentile,,United States,Ohio,Youngstown,,,,,,
16079066,,1986-1999,,Environmental,Particulate Matter,,,Particulate Matter with aerodynamic diameter <=10 microns,"300,167",Subjects with disease:Myocardial Infarction,,,>=65 years (range),Both Males and Females,,Air monitoring | hospital admissions data analysis,,,air,Particulate Matter,28.35 micrograms per cubic meter,50th percentile,,United States,Ohio,Youngstown,,,,,,
16079066,,1986-1999,,Environmental,Particulate Matter,,,Particulate Matter with aerodynamic diameter <=10 microns,"300,167",Subjects with disease:Myocardial Infarction,,,>=65 years (range),Both Males and Females,,Air monitoring | hospital admissions data analysis,,,air,Particulate Matter,53.55 micrograms per cubic meter,90th percentile,,United States,Alabama|Colorado|Connecticut|Hawaii|Illinois|Michigan|Minnesota|Ohio|Pennsylvania|Tennessee|Texas|Utah|Washingtom,,,,,,,
16079066,,1986-1999,,Environmental,Particulate Matter,,,Particulate Matter with aerodynamic diameter <=10 microns,"302,453",Subjects with disease:Myocardial Infarction,,,>=65 years (range),Both Males and Females,,Air monitoring | hospital admissions data analysis,,,air,Particulate Matter,27 micrograms per cubic meter,mean,,United States,Alabama|Colorado|Connecticut|Hawaii|Illinois|Michigan|Minnesota|Ohio|Pennsylvania|Tennessee|Texas|Utah|Washingtom,,,,,,,
16330354,Adventist Health Study on the Health Effects of Smog (AHSMOG),1976-1998,,Environmental,Particulate Matter,,,Particulate Matter with aerodynamic diameter 10 microns,"1,149",Study subjects,,,,Males (Only),White,,,,,,,,,United States,California,,,no correlation,Coronary Disease,,,
16330354,Adventist Health Study on the Health Effects of Smog (AHSMOG),1976-1998,,Environmental,Particulate Matter,,,Particulate Matter with aerodynamic diameter 10 microns,"1,149",Study subjects,,,,Males (Only),White,,,,,,,,,United States,California,,,no correlation,Coronary Disease,,,
16330354,Adventist Health Study on the Health Effects of Smog (AHSMOG),1976-1998,,Environmental,Particulate Matter,,,Particulate Matter with aerodynamic diameter 10 microns,"2,090",Study subjects,,,,Females (Only),White,,,,,,,,,United States,California,,,positive correlation,Coronary Disease,,,
16330354,Adventist Health Study on the Health Effects of Smog (AHSMOG),1976-1998,,Environmental,Particulate Matter,,,Particulate Matter with aerodynamic diameter 10 microns,"2,090",Study subjects,,,,Females (Only),White,,,,,,,,,United States,California,,,positive correlation,Coronary Disease,,,
27177127,Nurses' Health Study (NHS),1988-2008,,Environmental,Particulate Matter,,,particulate matter with aerodynamic diameter 2.5-10 microns,"74,880",Workers,nurses,Current smoker|Former smoker|Never smoker,61 years (mean),Females (Only),1% Asian|1% Black|1% Other|95% White,,,,,,,,,United States,,,,positive correlation,Hypertension,,,
27177127,Nurses' Health Study (NHS),1988-2008,,Environmental,Particulate Matter,,,particulate matter with aerodynamic diameter <= 2.5 microns,"74,880",Workers,nurses,Current smoker|Former smoker|Never smoker,61 years (mean),Females (Only),1% Asian|1% Black|1% Other|95% White,,,,,,,,,United States,,,,positive correlation,Hypertension,,,
27138533,Women's Health Initiative (WHI) Observational Study,1993-1998,socioeconomic status,Environmental,Particulate Matter,,,particulate matter with aerodynamic diameter <=2.5 microns,"51,754",Study subjects,,Current smoker|Former smoker|Never smoker,63 years (mean),Females (Only),American Indian|1% Asian|7% Black|4% Hispanic|1% Other|86% White,Cox proportional hazards model,,,,,,,,United States,,,,positive correlation,Cardiovascular Diseases,,,"particulate matter was associated with increased risk of cardiovascular events, with higher risk for lower socioeconomic status"
20025755,,2000-2003,,Environmental,Particulate Matter,,,Particulate Matter with aerodynamic diameter <= 2.5 microns,"1,353,596",Study subjects,,,>=65 years (range),Both Males and Females,,EPA Technology Transfer Network Air Quality System data analysis,,,air,Particulate Matter,,,,United States,,,,positive correlation,Cardiovascular Diseases,,,"Cardiovascular disease hospital admissions was modified when particulate matter mass was high in Bromine, Chromium, Nickel, Sodium, Manganese, and Arsenic"
16330354,Adventist Health Study on the Health Effects of Smog (AHSMOG),1976-1998,,Environmental,Particulate Matter,,,Particulate Matter with aerodynamic diameter <2.5 microns,"1,149",Study subjects,,,,Males (Only),White,,,,,,,,,United States,California,,,no correlation,Coronary Disease,,,
16330354,Adventist Health Study on the Health Effects of Smog (AHSMOG),1976-1998,,Environmental,Particulate Matter,,,Particulate Matter with aerodynamic diameter <2.5 microns,"1,149",Study subjects,,,,Males (Only),White,,,,,,,,,United States,California,,,no correlation,Coronary Disease,,,
16330354,Adventist Health Study on the Health Effects of Smog (AHSMOG),1976-1998,,Environmental,Particulate Matter,,,Particulate Matter with aerodynamic diameter <2.5 microns,"2,090",Study subjects,,,,Females (Only),White,,,,,,,,,United States,California,,,positive correlation,Coronary Disease,,,
16330354,Adventist Health Study on the Health Effects of Smog (AHSMOG),1976-1998,,Environmental,Particulate Matter,,,Particulate Matter with aerodynamic diameter <2.5 microns,"2,090",Study subjects,,,,Females (Only),White,,,,,,,,,United States,California,,,positive correlation,Coronary Disease,,,
25633926,California Teachers Study,2001-2007,,Environmental,Particulate Matter,,,particulate matter with aerodynamic diameter size <= 2.5 microns,"101,884",Study subjects,,5% Current smoker|27% Former smoker|68% Non-smoker,57.3 years (mean),100% Females (Only),86% White,Cox proportional hazards regression analysis,,,,,,,,United States,California,,,positive correlation,Myocardial Ischemia,,,
26047618,Denver Aerosol Sources and Health (DASH) Study,2003-2007,,Environmental,Particulate Matter,,,particulate matter with aerodynamic diameter size of <=2.5 microns,,Study subjects,,,,,,generalized additive models | regression analysis,,,,,,,,United States,Colorado,Denver,,positive correlation,Myocardial Ischemia,,,"RR = 1.06 (95% CI: 1.00, 1.12)"
15987727,,,sex,Environmental,Particulate Matter,,,particulate matter with aerodynamic size <=10 microns,"5,338",Children,,,0-1 year (range),Both Males and Females,,,,,,,,,,United States,Texas,,,negative correlation,Endocardial Cushion Defects,,,
15987727,,,sex,Environmental,Particulate Matter,,,particulate matter with aerodynamic size <=10 microns,"5,338",Children,,,0-1 year (range),Both Males and Females,,,,,,,,,,United States,Texas,,,positive correlation,"Heart Septal Defects, Atrial",,,
21059260,Air Pollution and Cardiac Risk and its Time Course (APACR) Study,2007-2009,,Environmental,Particulate Matter,,,,106,Study subjects,healthy,Non-smoker,56.2 years (mean),Both Males and Females,74% White,personal monitoring with PM2.5 DataRam and Holter ECG recorder | survey method,,,air,Particulate Matter,13.6 micrograms per cubic meter,mean,,United States,Pennsylvania,Harrisburg metropolitan area,,positive correlation,Myocardial Ischemia,,,
27129131,,2002-2010,,Environmental,Particulate Matter,,,,"27,270",Subjects with disease:Cardiovascular Diseases,,Current smoker|Former smoker|Non-smoker,15-79 years (range),Both Males and Females,,Cox proportional hazards model,,,,,,,,"Korea, Republic of",,Seoul,,positive correlation,"Depressive Disorder, Major",,,
22004949,,2001-2002,physical activity,Environmental,Particulate Matter,,,,"30,007",Study subjects,,,21-54 years (range),Both Males and Females,40% Other|60% White,,,,,,,,,United States,California,Los Angeles,all residents in study,positive correlation,Myocardial Ischemia,,,in combination with physical inactivity
24633320,Agricultural Health Study (AHS),1993-2011,body mass index | tobacco,Environmental,Particulate Matter,,,,"31,571",Study subjects,Pesticide applicators and their spouses,Current smoker|Former smoker|Never smoker,,Females (Only),,air monitoring | survey method,,,,Particulate Matter,9.5 micrograms per cubic meter,mean,,United States,Iowa|North Carolina,,,negative correlation,Cardiovascular Diseases,,,PM2.5 was associated with cardiovascular mortality among men but not women
24633320,Agricultural Health Study (AHS),1993-2011,body mass index | tobacco,Environmental,Particulate Matter,,,,"31,571",Workers,Pesticide applicators and their spouses,Current smoker|Former smoker|Never smoker,,Females (Only),,air monitoring | survey method,,,,Particulate Matter,9.5 micrograms per cubic meter,mean,,United States,Iowa|North Carolina,,,negative correlation,Cardiovascular Diseases,,,PM2.5 was associated with cardiovascular mortality among men but not women
24633320,Agricultural Health Study (AHS),1993-2011,body mass index | tobacco,Environmental,Particulate Matter,,,,"51,807",Study subjects,Pesticide applicators and their spouses,Current smoker|Former smoker|Never smoker,,Males (Only),,air monitoring | survey method,,,,Particulate Matter,9.54 micrograms per cubic meter,mean,,United States,Iowa|North Carolina,,,positive correlation,Cardiovascular Diseases,,,PM2.5 was associated with cardiovascular mortality among men but not women
24633320,Agricultural Health Study (AHS),1993-2011,body mass index | tobacco,Environmental,Particulate Matter,,,,"51,807",Workers,Pesticide applicators and their spouses,Current smoker|Former smoker|Never smoker,,Males (Only),,air monitoring | survey method,,,,Particulate Matter,9.54 micrograms per cubic meter,mean,,United States,Iowa|North Carolina,,,positive correlation,Cardiovascular Diseases,,,PM2.5 was associated with cardiovascular mortality among men but not women
32716950,,2001-2011,race,Environmental,Particulate Matter,,,,"130,863",Study subjects,,,80.2 years (mean),47% Males (Only)|53% Females (Only),4% Black|96% White,,,,,,,,,United States,Massachusetts,,,positive correlation,Cardiovascular Diseases,,,"for each 10 ug/m3 increase in two-day average exposure to PM2.5, we found a 2.35% increase (95% CI: 0.92%, 3.79%) in cardiovascular mortality"
26370657,National Institutes of Health-AARP Study (NIH-AARP),2000-2000,,Environmental,Particulate Matter,,,,"160,209",Study subjects,,Current smoker|Former smoker|Never smoker,50-71 years (range),Both Males and Females,Asian|Black|Hispanic|White,Cox proportional hazard model analysis,,,,,,,,United States,California,,,positive correlation,Cardiovascular Diseases,,,significant association between particulate matter <=2.5 microns and cardiovascular mortality in CA residents
26629599,American Cancer Society Cancer Prevention Study II (ACS CPS-II),1982-2004,,Environmental,Particulate Matter,,,,"445,860",Study subjects,,Current smoker|Former smoker|Non-smoker,56.6 years (mean),Both Males and Females,94% White,Cox proportional hazard models,,,,,,,,United States,,,,positive correlation,Myocardial Ischemia,,,
26629599,American Cancer Society Cancer Prevention Study II (ACS CPS-II),1982-2004,,Environmental,Particulate Matter,,,,"445,860",Study subjects,,Current smoker|Former smoker|Non-smoker,56.6 years (mean),Both Males and Females,94% White,Cox proportional hazard models,,,,,,,,United States,,,,positive correlation,Myocardial Ischemia,,,
26629599,American Cancer Society Cancer Prevention Study II (ACS CPS-II),1982-2004,,Environmental,Particulate Matter,,,,"445,860",Study subjects,,Current smoker|Former smoker|Non-smoker,56.6 years (mean),Both Males and Females,94% White,Cox proportional hazard models,,,,,,,,United States,,,,positive correlation,Myocardial Ischemia,,,
26629599,American Cancer Society Cancer Prevention Study II (ACS CPS-II),1982-2004,,Environmental,Particulate Matter,,,,"445,860",Study subjects,,Current smoker|Former smoker|Non-smoker,56.6 years (mean),Both Males and Females,94% White,Cox proportional hazard models,,,,,,,,United States,,,,positive correlation,Myocardial Ischemia,,,
26629599,American Cancer Society Cancer Prevention Study II (ACS CPS-II),1982-2004,,Environmental,Particulate Matter,,,,"445,860",Study subjects,,Current smoker|Former smoker|Non-smoker,56.6 years (mean),Both Males and Females,94% White,Cox proportional hazard models,,,,,,,,United States,,,,positive correlation,Myocardial Ischemia,,,
26629599,American Cancer Society Cancer Prevention Study II (ACS CPS-II),1982-2004,,Environmental,Particulate Matter,,,,"445,860",Study subjects,,Current smoker|Former smoker|Non-smoker,56.6 years (mean),Both Males and Females,94% White,Cox proportional hazard models,,,,,,,,United States,,,,positive correlation,Myocardial Ischemia,,,
26629599,American Cancer Society Cancer Prevention Study II (ACS CPS-II),1982-2004,,Environmental,Particulate Matter,,,,"445,860",Study subjects,,Current smoker|Former smoker|Non-smoker,56.6 years (mean),Both Males and Females,94% White,Cox proportional hazard models,,,,,,,,United States,,,,no correlation,Myocardial Ischemia,,,
26629599,American Cancer Society Cancer Prevention Study II (ACS CPS-II),1982-2004,,Environmental,Particulate Matter,,,,"445,860",Study subjects,,Current smoker|Former smoker|Non-smoker,56.6 years (mean),Both Males and Females,94% White,Cox proportional hazard models,,,,,,,,United States,,,,no correlation,Myocardial Ischemia,,,
26629599,American Cancer Society Cancer Prevention Study II (ACS CPS-II),1982-2004,,Environmental,Particulate Matter,,,,"445,860",Study subjects,,Current smoker|Former smoker|Non-smoker,56.6 years (mean),Both Males and Females,94% White,Cox proportional hazard models,,,,,,,,United States,,,,no correlation,Myocardial Ischemia,,,
26629599,American Cancer Society Cancer Prevention Study II (ACS CPS-II),1982-2004,,Environmental,Particulate Matter,,,,"445,860",Study subjects,,Current smoker|Former smoker|Non-smoker,56.6 years (mean),Both Males and Females,94% White,Cox proportional hazard models,,,,,,,,United States,,,,no correlation,Myocardial Ischemia,,,
26370657,National Institutes of Health-AARP Study (NIH-AARP),2000-2000,,Environmental,Particulate Matter,,,,"517,041",Study subjects,,Current smoker|Former smoker|Never smoker,50-71 years (range),Both Males and Females,Asian|Black|Hispanic|White,Cox proportional hazard model analysis,,,,Particulate Matter,15.9-28.0 micrograms per cubic meter,5th quintile,,United States,California|Florida|Georgia|Louisiana|Michigan|New Jersey|North Carolina|Pennsylvania,,,positive correlation,Cardiovascular Diseases,,,significant association between particulate matter <=2.5 microns and cardiovascular mortality
21768054,American Cancer Society Cancer Prevention Study II (ACS CPS-II),,tobacco,Environmental,Particulate Matter,,,,"794,784",Study subjects,Adults,Current smoker|Former smoker,56 years (mean),Both Males and Females,94% White,statistical analysis and modeling objective,,,,,,,,United States,,,,positive correlation,Cardiovascular Diseases,,,
31796478,European Study of Cohorts for Air Pollution Effects (ESCAPE),2010-2011,,Environmental,Particulate Matter,,,,"13,600,000",Study subjects,approximate number of residents of London and Oxford area of England,,,,,air monitoring stations | energy dispersive X-ray fluorescence | Harvard impactors | land use regression models | Poisson regression models,,,"air, ambient",Copper,5.7 nanograms per cubic meter,90th percentile,"Cu-PM2.5, modelled metal concentrations using land use regression",United Kingdom,,London | Oxford,England,positive correlation,Cardiovascular Diseases,,,"associations between cardiovascular mortality and PM2.5 copper with interdecile range (2.6-5.7 ng/m3) and IDR relative risk = 1.005 (95% CI: 1.001, 1.009)"
12842775,,1952-1953,,Environmental,Particulate Matter,,,,,Study subjects,,,,Both Males and Females,,"data analysis, autopsy records | histopathologic and microanalytic tissue examination",,,,,,,,United Kingdom,,London,,positive correlation,Heart Diseases,,,
14754572,,1980-1996,,Environmental,Particulate Matter,,,,,Study subjects,,,,,,,,,,,,,,Ireland,,Dublin,same and subsequent days after exposure,positive correlation,Cardiovascular Diseases,,,
21399501,,2003-2008,disease,Environmental,Particulate Matter,,,,,Subjects with disease:Diabetes Mellitus,,,,,,,,,,,,,,Canada,Ontario,,,positive correlation,"Ischemic Attack, Transient",,,in patients with Diabetes Mellitus
21399501,,2003-2008,disease,Environmental,Particulate Matter,,,,,Subjects with disease:Diabetes Mellitus,,,,,,,,,,,,,,Canada,Ontario,,,positive correlation,Stroke,,,in patients with Diabetes Mellitus
21399501,,2003-2008,disease,Environmental,Particulate Matter,,,,,,,,,,,,,,,,,,,Canada,Ontario,,,no correlation,"Ischemic Attack, Transient",,,
21399501,,2003-2008,disease,Environmental,Particulate Matter,,,,,,,,,,,,,,,,,,,Canada,Ontario,,,no correlation,Stroke,,,
20507901,,2007-2007,,Environmental|Occupational,Particulate Matter,traffic pollution,85,Particulate Matter 1-<2.5 microns,17,Workers,Mail Carriers,,25-46 years (range),Males (Only),,air monitoring,,,air,Particulate Matter,,,,"Taiwan, Province of China",,Taipei County,,prediction/hypothesis,Cardiovascular Diseases,,,
33870008,Bangladesh Global Environmental and Occupational Health Project (GEO Health),,,Environmental|Residential,Particulate Matter,household air pollutants,,particulate matter with aerodynamic diameter <=2.5 microns,200,Study subjects,used biomass fuel for cooking,100% Non-smoker,38 years (mean),100% Females (Only),,logistic regression analysis | peripheral arterial tonometry,,,,,,,,Bangladesh,,,,no correlation,Hyperemia,,,No statistically significant association was observed for logarithm of reactive hyperemia index with PM2.5 after adjusting for potential covariates
32349365,,2016-2018,,Environmental|Residential,Particulate Matter,,,,55,Subjects with disease:Ischemic Stroke,,22% Current smoker|66% Never smoker,74.6 years (mean),56% Males (Only)|44% Females (Only),,air monitoring,,,air,Particulate Matter,22 micrograms per milliliter,minimum,1 year PM2.5 average,Italy,,,,,,,,
32349365,,2016-2018,,Environmental|Residential,Particulate Matter,,,,55,Subjects with disease:Ischemic Stroke,,22% Current smoker|66% Never smoker,74.6 years (mean),56% Males (Only)|44% Females (Only),,air monitoring,,,air,Particulate Matter,26.7 micrograms per milliliter,mean,1 year PM2.5 average,Italy,,,,,,,,
32349365,,2016-2018,,Environmental|Residential,Particulate Matter,,,,55,Subjects with disease:Ischemic Stroke,,22% Current smoker|66% Never smoker,74.6 years (mean),56% Males (Only)|44% Females (Only),,air monitoring,,,air,Particulate Matter,30 micrograms per milliliter,maximum,1 year PM2.5 average,Italy,,,,,,,,
32349365,,2016-2018,,Environmental|Residential,Particulate Matter,,,,55,Subjects with disease:Ischemic Stroke,,22% Current smoker|66% Never smoker,74.6 years (mean),56% Males (Only)|44% Females (Only),,linear mixed-effect regression analyses,,,,,,,,Italy,,,,positive correlation,,abnormal methylation,Blood,"in the 4-5 days prior to stroke event, CLOCK and PER2 were negatively associated with PM2.5 exposure, while CRY1 and NPAS2 were positively associated with PM2.5 exposure"
31888885,Prediction for Atherosclerotic Cardiovascular Disease Risk in China (China-PAR) Project,2000-2015,,Residential,Particulate Matter,,,particulate matter with aerodynamic diameter <= 2.5 microns,"117,575",Study subjects,,24% Current smoker,50.9 years (mean),41% Males (Only)|59% Females (Only),,stratified Cox proportional hazards regression models,,,,,,,,China,,,,positive correlation,Stroke,,,"for each increase of 10 micrograms per cubic meter particulate matter (PM2.5) concentration, increased risk of stroke was 13% (hazard ratio 1.13, 95% CI: 1.09 to 1.17)"
31888885,Prediction for Atherosclerotic Cardiovascular Disease Risk in China (China-PAR) Project,2000-2015,,Residential,Particulate Matter,,,particulate matter with aerodynamic diameter <= 2.5 microns,"117,575",Study subjects,,24% Current smoker,50.9 years (mean),41% Males (Only)|59% Females (Only),,stratified Cox proportional hazards regression models,,,,,,,,China,,,,positive correlation,Ischemic Stroke,,,"for each increase of 10 micrograms per cubic meter particulate matter (PM2.5) concentration, increased risk of stroke was 20% (hazard ratio 1.20, 95% CI: 1.15 to 1.25)"
31888885,Prediction for Atherosclerotic Cardiovascular Disease Risk in China (China-PAR) Project,2000-2015,,Residential,Particulate Matter,,,particulate matter with aerodynamic diameter <= 2.5 microns,"117,575",Study subjects,,24% Current smoker,50.9 years (mean),41% Males (Only)|59% Females (Only),,stratified Cox proportional hazards regression models,,,,,,,,China,,,,positive correlation,Hemorrhagic Stroke,,,"for each increase of 10 micrograms per cubic meter particulate matter (PM2.5) concentration, increased risk of stroke was 12% (hazard ratio 1.12, 95% CI: 1.05 to 1.20)"
31026035,Prospective Investigation of the Vasculature in Uppsala Seniors (PIVUS),2001-2004,,Dietary|Environmental,PCB 180,"environment and high-fat foods including dairy, eggs, and animal fats",,,814,Study subjects,,6% Current smoker,80 years (mean),49% Males (Only)|51% Females (Only),,Cox proportional hazard analysis,,,,,,,,Sweden,,Uppsala,,prediction/hypothesis,Cardiovascular Diseases,,,significant association between PCB 180 plasma levels and cardiovascular disease mortality
20595914,Agricultural Health Study (AHS),1993-2003,,Occupational|Residential,pendimethalin,Pesticide application,,,"22,425",Study subjects,Female pesticide applicators and female spouses of pesticide applicators,Current smoker|Former smoker|Never smoker,17-88 years (range),Females (Only),,logistic regression analysis | survey method,,,,,,,,United States,Iowa|North Carolina,,,positive correlation,Myocardial Infarction,,,
20595914,Agricultural Health Study (AHS),1993-2003,,Occupational|Residential,pendimethalin,Pesticide application,,,"22,425",Workers,Female pesticide applicators and female spouses of pesticide applicators,Current smoker|Former smoker|Never smoker,17-88 years (range),Females (Only),,logistic regression analysis | survey method,,,,,,,,United States,Iowa|North Carolina,,,positive correlation,Myocardial Infarction,,,
30626391,,2011-2012,,Dietary|Environmental,perfluorobutanesulfonic acid,,,,674,Pregnant females,,,29.3 years (mean),100% Females (Only),,logistic regression analysis,,,,,,,,China,,Shanghai,,positive correlation,"Hypertension, Pregnancy-Induced",,,"one unit increase in standardized PFBS concentration was associated with a higher risk of Pregnancy-Induced Hypertension; adjusted odds ratio = 1.64, 95% CI: 1.09-2.47)"
33882431,,2014-2018,,Environmental,perfluorobutyric acid,maternal exposure,,,158,"Controls for disease:Heart Defects, Congenital",infants with normal hearts (controls),,,53% Males (Only)|47% Females (Only),,,,,"blood, cord",perfluorobutyric acid,1.199 nanograms per milliliter,median,PFBA,China,Guangdong Province,Guangzhou,,,,,,
33882431,,2014-2018,,Environmental,perfluorobutyric acid,maternal exposure,,,158,"Controls for disease:Heart Defects, Congenital",infants with normal hearts (controls),,,53% Males (Only)|47% Females (Only),,,,,"blood, cord",perfluorobutyric acid,0.511 nanograms per milliliter,25th percentile,PFBA,China,Guangdong Province,Guangzhou,,,,,,
33882431,,2014-2018,,Environmental,perfluorobutyric acid,maternal exposure,,,158,"Controls for disease:Heart Defects, Congenital",infants with normal hearts (controls),,,53% Males (Only)|47% Females (Only),,,,,"blood, cord",perfluorobutyric acid,1.887 nanograms per milliliter,75th percentile,PFBA,China,Guangdong Province,Guangzhou,,,,,,
33882431,,2014-2018,,Environmental,perfluorobutyric acid,maternal exposure,,,158,"Subjects with disease:Heart Defects, Congenital",infants with congenital heart defects (cases),,,66% Males (Only)|34% Females (Only),,,,,"blood, cord",perfluorobutyric acid,1.22 nanograms per milliliter,median,PFBA,China,Guangdong Province,Guangzhou,,,,,,
33882431,,2014-2018,,Environmental,perfluorobutyric acid,maternal exposure,,,158,"Subjects with disease:Heart Defects, Congenital",infants with congenital heart defects (cases),,,66% Males (Only)|34% Females (Only),,,,,"blood, cord",perfluorobutyric acid,0.317 nanograms per milliliter,25th percentile,PFBA,China,Guangdong Province,Guangzhou,,,,,,
33882431,,2014-2018,,Environmental,perfluorobutyric acid,maternal exposure,,,158,"Subjects with disease:Heart Defects, Congenital",infants with congenital heart defects (cases),,,66% Males (Only)|34% Females (Only),,,,,"blood, cord",perfluorobutyric acid,1.934 nanograms per milliliter,75th percentile,PFBA,China,Guangdong Province,Guangzhou,,,,,,
33882431,,2014-2018,,Environmental,perfluorodecanoic acid,maternal exposure,,,158,"Controls for disease:Heart Defects, Congenital",infants with normal hearts (controls),,,53% Males (Only)|47% Females (Only),,,,,"blood, cord",perfluorodecanoic acid,0.092 nanograms per milliliter,median,PFDA,China,Guangdong Province,Guangzhou,,,,,,
33882431,,2014-2018,,Environmental,perfluorodecanoic acid,maternal exposure,,,158,"Controls for disease:Heart Defects, Congenital",infants with normal hearts (controls),,,53% Males (Only)|47% Females (Only),,,,,"blood, cord",perfluorodecanoic acid,0.069 nanograms per milliliter,25th percentile,PFDA,China,Guangdong Province,Guangzhou,,,,,,
33882431,,2014-2018,,Environmental,perfluorodecanoic acid,maternal exposure,,,158,"Controls for disease:Heart Defects, Congenital",infants with normal hearts (controls),,,53% Males (Only)|47% Females (Only),,,,,"blood, cord",perfluorodecanoic acid,0.188 nanograms per milliliter,75th percentile,PFDA,China,Guangdong Province,Guangzhou,,,,,,
33882431,,2014-2018,,Environmental,perfluorodecanoic acid,maternal exposure,,,158,Infants or newborns,infants with congenital heart defects (cases),,,66% Males (Only)|34% Females (Only),,,,,"blood, cord",perfluorodecanoic acid,0.183 nanograms per milliliter,75th percentile,PFDA,China,Guangdong Province,Guangzhou,,positive correlation,Heart Septal Defects,,,"maternal exposure to PFDA associated with increased odds of septal defects, aOR = 2.33 (95% CI: 1.00, 5.45)"
33882431,,2014-2018,,Environmental,perfluorodecanoic acid,maternal exposure,,,158,"Subjects with disease:Heart Defects, Congenital",infants with congenital heart defects (cases),,,66% Males (Only)|34% Females (Only),,,,,"blood, cord",perfluorodecanoic acid,0.11 nanograms per milliliter,median,PFDA,China,Guangdong Province,Guangzhou,,,,,,
33882431,,2014-2018,,Environmental,perfluorodecanoic acid,maternal exposure,,,158,"Subjects with disease:Heart Defects, Congenital",infants with congenital heart defects (cases),,,66% Males (Only)|34% Females (Only),,,,,"blood, cord",perfluorodecanoic acid,0.052 nanograms per milliliter,25th percentile,PFDA,China,Guangdong Province,Guangzhou,,,,,,
33882431,,2014-2018,,Environmental,perfluorodecanoic acid,maternal exposure,,,158,"Subjects with disease:Heart Defects, Congenital",infants with congenital heart defects (cases),,,66% Males (Only)|34% Females (Only),,,,,"blood, cord",perfluorodecanoic acid,0.183 nanograms per milliliter,75th percentile,PFDA,China,Guangdong Province,Guangzhou,,positive correlation,Heart Septal Defects,,,"maternal exposure to PFDA associated with increased odds of septal defects, aOR = 2.33 (95% CI: 1.00, 5.45)"
33882431,,2014-2018,,Environmental,perfluorododecanoic acid,maternal exposure,,,158,"Controls for disease:Heart Defects, Congenital",infants with normal hearts (controls),,,53% Males (Only)|47% Females (Only),,,,,"blood, cord",perfluorododecanoic acid,0.004 nanograms per milliliter,median,PFDoA,China,Guangdong Province,Guangzhou,,,,,,
33882431,,2014-2018,,Environmental,perfluorododecanoic acid,maternal exposure,,,158,"Controls for disease:Heart Defects, Congenital",infants with normal hearts (controls),,,53% Males (Only)|47% Females (Only),,,,,"blood, cord",perfluorododecanoic acid,0.004 nanograms per milliliter,25th percentile,PFDoA,China,Guangdong Province,Guangzhou,,,,,,
33882431,,2014-2018,,Environmental,perfluorododecanoic acid,maternal exposure,,,158,"Controls for disease:Heart Defects, Congenital",infants with normal hearts (controls),,,53% Males (Only)|47% Females (Only),,,,,"blood, cord",perfluorododecanoic acid,0.017 nanograms per milliliter,75th percentile,PFDoA,China,Guangdong Province,Guangzhou,,,,,,
33882431,,2014-2018,,Environmental,perfluorododecanoic acid,maternal exposure,,,158,Infants or newborns,infants with congenital heart defects (cases),,,66% Males (Only)|34% Females (Only),,,,,"blood, cord",perfluorododecanoic acid,0.017 nanograms per milliliter,75th percentile,PFDoA,China,Guangdong Province,Guangzhou,,positive correlation,Conotruncal cardiac defects,,,"maternal exposure to PFDoA associated with increased odds of conotruncal defects, aOR = 6.82 (95% CI: 1.75, 26.61)"
33882431,,2014-2018,,Environmental,perfluorododecanoic acid,maternal exposure,,,158,"Subjects with disease:Heart Defects, Congenital",infants with congenital heart defects (cases),,,66% Males (Only)|34% Females (Only),,,,,"blood, cord",perfluorododecanoic acid,0.004 nanograms per milliliter,median,PFDoA,China,Guangdong Province,Guangzhou,,,,,,
33882431,,2014-2018,,Environmental,perfluorododecanoic acid,maternal exposure,,,158,"Subjects with disease:Heart Defects, Congenital",infants with congenital heart defects (cases),,,66% Males (Only)|34% Females (Only),,,,,"blood, cord",perfluorododecanoic acid,0.004 nanograms per milliliter,25th percentile,PFDoA,China,Guangdong Province,Guangzhou,,,,,,
33882431,,2014-2018,,Environmental,perfluorododecanoic acid,maternal exposure,,,158,"Subjects with disease:Heart Defects, Congenital",infants with congenital heart defects (cases),,,66% Males (Only)|34% Females (Only),,,,,"blood, cord",perfluorododecanoic acid,0.017 nanograms per milliliter,75th percentile,PFDoA,China,Guangdong Province,Guangzhou,,positive correlation,Conotruncal cardiac defects,,,"maternal exposure to PFDoA associated with increased odds of conotruncal defects, aOR = 6.82 (95% CI: 1.75, 26.61)"
32469207,UNC Preterm Birth Biobank (PTB) Study,2015-2018,race,Commercial product|Dietary|Environmental,perfluoroheptanesulfonic acid,"contaminated diet, drinking water, environment, consumer products",,,122,Pregnant females,,7% Current smoker|93% Non-smoker,33.9 years (mean),100% Females (Only),33% Black|27% Hispanic|3% Other|38% White,,,,,,,,,United States,North Carolina,Chapel Hill,,no correlation,"Hypertension, Pregnancy-Induced",,,
33882431,,2014-2018,,Environmental,perfluoroheptanesulfonic acid,maternal exposure,,,158,"Controls for disease:Heart Defects, Congenital",infants with normal hearts (controls),,,53% Males (Only)|47% Females (Only),,,,,"blood, cord",perfluoroheptanesulfonic acid,0.002 nanograms per milliliter,median,PFHpS,China,Guangdong Province,Guangzhou,,,,,,
33882431,,2014-2018,,Environmental,perfluoroheptanesulfonic acid,maternal exposure,,,158,"Controls for disease:Heart Defects, Congenital",infants with normal hearts (controls),,,53% Males (Only)|47% Females (Only),,,,,"blood, cord",perfluoroheptanesulfonic acid,0.002 nanograms per milliliter,25th percentile,PFHpS,China,Guangdong Province,Guangzhou,,,,,,
33882431,,2014-2018,,Environmental,perfluoroheptanesulfonic acid,maternal exposure,,,158,"Controls for disease:Heart Defects, Congenital",infants with normal hearts (controls),,,53% Males (Only)|47% Females (Only),,,,,"blood, cord",perfluoroheptanesulfonic acid,0.031 nanograms per milliliter,75th percentile,PFHpS,China,Guangdong Province,Guangzhou,,,,,,
33882431,,2014-2018,,Environmental,perfluoroheptanesulfonic acid,maternal exposure,,,158,"Subjects with disease:Heart Defects, Congenital",infants with congenital heart defects (cases),,,66% Males (Only)|34% Females (Only),,,,,"blood, cord",perfluoroheptanesulfonic acid,0.006 nanograms per milliliter,median,PFHpS,China,Guangdong Province,Guangzhou,,,,,,
33882431,,2014-2018,,Environmental,perfluoroheptanesulfonic acid,maternal exposure,,,158,"Subjects with disease:Heart Defects, Congenital",infants with congenital heart defects (cases),,,66% Males (Only)|34% Females (Only),,,,,"blood, cord",perfluoroheptanesulfonic acid,0.002 nanograms per milliliter,25th percentile,PFHpS,China,Guangdong Province,Guangzhou,,,,,,
33882431,,2014-2018,,Environmental,perfluoroheptanesulfonic acid,maternal exposure,,,158,"Subjects with disease:Heart Defects, Congenital",infants with congenital heart defects (cases),,,66% Males (Only)|34% Females (Only),,,,,"blood, cord",perfluoroheptanesulfonic acid,0.026 nanograms per milliliter,75th percentile,PFHpS,China,Guangdong Province,Guangzhou,,,,,,
32469207,UNC Preterm Birth Biobank (PTB) Study,2015-2018,race,Commercial product|Dietary|Environmental,perfluorohexanesulfonic acid,"contaminated diet, drinking water, environment, consumer products",,,122,Pregnant females,,7% Current smoker|93% Non-smoker,33.9 years (mean),100% Females (Only),33% Black|27% Hispanic|3% Other|38% White,,,,,,,,,United States,North Carolina,Chapel Hill,,no correlation,"Hypertension, Pregnancy-Induced",,,
32958007,,2017-2017,sex,Dietary|Environmental,perfluorohexanesulfonic acid,contaminated food and dust,,,"10,656",Study subjects,,Current smoker|Former smoker|Non-smoker,30.04 years (mean),Both Males and Females,,generalized additive models,,,,,,,,Italy,,,,positive correlation,Hypertension,,,one unit increase in ln-transformed PFHxS was positively associated with increased odds of hypertension in men OR = 1.08 (95% CI: 1.02-1.15)
33882431,,2014-2018,,Environmental,perfluorohexanesulfonic acid,maternal exposure,,,158,"Controls for disease:Heart Defects, Congenital",infants with normal hearts (controls),,,53% Males (Only)|47% Females (Only),,,,,"blood, cord",perfluorohexanesulfonic acid,0.094 nanograms per milliliter,median,PFHxS,China,Guangdong Province,Guangzhou,,,,,,
33882431,,2014-2018,,Environmental,perfluorohexanesulfonic acid,maternal exposure,,,158,"Controls for disease:Heart Defects, Congenital",infants with normal hearts (controls),,,53% Males (Only)|47% Females (Only),,,,,"blood, cord",perfluorohexanesulfonic acid,0.038 nanograms per milliliter,25th percentile,PFHxS,China,Guangdong Province,Guangzhou,,,,,,
33882431,,2014-2018,,Environmental,perfluorohexanesulfonic acid,maternal exposure,,,158,"Controls for disease:Heart Defects, Congenital",infants with normal hearts (controls),,,53% Males (Only)|47% Females (Only),,,,,"blood, cord",perfluorohexanesulfonic acid,0.147 nanograms per milliliter,75th percentile,PFHxS,China,Guangdong Province,Guangzhou,,,,,,
33882431,,2014-2018,,Environmental,perfluorohexanesulfonic acid,maternal exposure,,,158,"Subjects with disease:Heart Defects, Congenital",infants with congenital heart defects (cases),,,66% Males (Only)|34% Females (Only),,,,,"blood, cord",perfluorohexanesulfonic acid,0.064 nanograms per milliliter,median,PFHxS,China,Guangdong Province,Guangzhou,,,,,,
33882431,,2014-2018,,Environmental,perfluorohexanesulfonic acid,maternal exposure,,,158,"Subjects with disease:Heart Defects, Congenital",infants with congenital heart defects (cases),,,66% Males (Only)|34% Females (Only),,,,,"blood, cord",perfluorohexanesulfonic acid,0.029 nanograms per milliliter,25th percentile,PFHxS,China,Guangdong Province,Guangzhou,,,,,,
33882431,,2014-2018,,Environmental,perfluorohexanesulfonic acid,maternal exposure,,,158,"Subjects with disease:Heart Defects, Congenital",infants with congenital heart defects (cases),,,66% Males (Only)|34% Females (Only),,,,,"blood, cord",perfluorohexanesulfonic acid,0.128 nanograms per milliliter,75th percentile,PFHxS,China,Guangdong Province,Guangzhou,,,,,,
33882431,,2014-2018,,Environmental,perfluorohexanoic acid,maternal exposure,,,158,"Controls for disease:Heart Defects, Congenital",infants with normal hearts (controls),,,53% Males (Only)|47% Females (Only),,,,,"blood, cord",perfluorohexanoic acid,0.016 nanograms per milliliter,median,PFHxA,China,Guangdong Province,Guangzhou,,,,,,
33882431,,2014-2018,,Environmental,perfluorohexanoic acid,maternal exposure,,,158,"Controls for disease:Heart Defects, Congenital",infants with normal hearts (controls),,,53% Males (Only)|47% Females (Only),,,,,"blood, cord",perfluorohexanoic acid,0.01 nanograms per milliliter,25th percentile,PFHxA,China,Guangdong Province,Guangzhou,,,,,,
33882431,,2014-2018,,Environmental,perfluorohexanoic acid,maternal exposure,,,158,"Controls for disease:Heart Defects, Congenital",infants with normal hearts (controls),,,53% Males (Only)|47% Females (Only),,,,,"blood, cord",perfluorohexanoic acid,0.026 nanograms per milliliter,75th percentile,PFHxA,China,Guangdong Province,Guangzhou,,,,,,
33882431,,2014-2018,,Environmental,perfluorohexanoic acid,maternal exposure,,,158,"Subjects with disease:Heart Defects, Congenital",infants with congenital heart defects (cases),,,66% Males (Only)|34% Females (Only),,,,,"blood, cord",perfluorohexanoic acid,0.014 nanograms per milliliter,median,PFHxA,China,Guangdong Province,Guangzhou,,,,,,
33882431,,2014-2018,,Environmental,perfluorohexanoic acid,maternal exposure,,,158,"Subjects with disease:Heart Defects, Congenital",infants with congenital heart defects (cases),,,66% Males (Only)|34% Females (Only),,,,,"blood, cord",perfluorohexanoic acid,0.007 nanograms per milliliter,25th percentile,PFHxA,China,Guangdong Province,Guangzhou,,,,,,
33882431,,2014-2018,,Environmental,perfluorohexanoic acid,maternal exposure,,,158,"Subjects with disease:Heart Defects, Congenital",infants with congenital heart defects (cases),,,66% Males (Only)|34% Females (Only),,,,,"blood, cord",perfluorohexanoic acid,0.025 nanograms per milliliter,75th percentile,PFHxA,China,Guangdong Province,Guangzhou,,,,,,
32958007,,2017-2017,sex,Dietary|Environmental,perfluoro-n-nonanoic acid,contaminated food and dust,,,"10,656",Study subjects,,Current smoker|Former smoker|Non-smoker,30.04 years (mean),Both Males and Females,,generalized additive models,,,,,,,,Italy,,,,positive correlation,Hypertension,,,one unit increase in ln-transformed PFNA was positively associated with increased odds of hypertension in men OR = 1.20 (95% CI: 1.02-1.40)
33882431,,2014-2018,,Environmental,perfluoro-n-nonanoic acid,maternal exposure,,,158,"Controls for disease:Heart Defects, Congenital",infants with normal hearts (controls),,,53% Males (Only)|47% Females (Only),,,,,"blood, cord",perfluoro-n-nonanoic acid,0.188 nanograms per milliliter,median,PFNA,China,Guangdong Province,Guangzhou,,,,,,
33882431,,2014-2018,,Environmental,perfluoro-n-nonanoic acid,maternal exposure,,,158,"Controls for disease:Heart Defects, Congenital",infants with normal hearts (controls),,,53% Males (Only)|47% Females (Only),,,,,"blood, cord",perfluoro-n-nonanoic acid,0.15 nanograms per milliliter,25th percentile,PFNA,China,Guangdong Province,Guangzhou,,,,,,
33882431,,2014-2018,,Environmental,perfluoro-n-nonanoic acid,maternal exposure,,,158,"Controls for disease:Heart Defects, Congenital",infants with normal hearts (controls),,,53% Males (Only)|47% Females (Only),,,,,"blood, cord",perfluoro-n-nonanoic acid,0.301 nanograms per milliliter,75th percentile,PFNA,China,Guangdong Province,Guangzhou,,,,,,
33882431,,2014-2018,,Environmental,perfluoro-n-nonanoic acid,maternal exposure,,,158,"Subjects with disease:Heart Defects, Congenital",infants with congenital heart defects (cases),,,66% Males (Only)|34% Females (Only),,,,,"blood, cord",perfluoro-n-nonanoic acid,0.203 nanograms per milliliter,median,PFNA,China,Guangdong Province,Guangzhou,,,,,,
33882431,,2014-2018,,Environmental,perfluoro-n-nonanoic acid,maternal exposure,,,158,"Subjects with disease:Heart Defects, Congenital",infants with congenital heart defects (cases),,,66% Males (Only)|34% Females (Only),,,,,"blood, cord",perfluoro-n-nonanoic acid,0.146 nanograms per milliliter,25th percentile,PFNA,China,Guangdong Province,Guangzhou,,,,,,
33882431,,2014-2018,,Environmental,perfluoro-n-nonanoic acid,maternal exposure,,,158,"Subjects with disease:Heart Defects, Congenital",infants with congenital heart defects (cases),,,66% Males (Only)|34% Females (Only),,,,,"blood, cord",perfluoro-n-nonanoic acid,0.299 nanograms per milliliter,75th percentile,PFNA,China,Guangdong Province,Guangzhou,,,,,,
32469207,UNC Preterm Birth Biobank (PTB) Study,2015-2018,race,Commercial product|Dietary|Environmental,perfluorooctane sulfonic acid,"contaminated diet, drinking water, environment, consumer products",,,122,Pregnant females,,7% Current smoker|93% Non-smoker,33.9 years (mean),100% Females (Only),33% Black|27% Hispanic|3% Other|38% White,,,,,,,,,United States,North Carolina,Chapel Hill,,no correlation,"Hypertension, Pregnancy-Induced",,,
32958007,,2017-2017,sex,Dietary|Environmental,perfluorooctane sulfonic acid,contaminated food and dust,,,"10,656",Study subjects,,Current smoker|Former smoker|Non-smoker,30.04 years (mean),Both Males and Females,,generalized additive models,,,,,,,,Italy,,,,positive correlation,Hypertension,,,one unit increase in ln-transformed PFOS was positively associated with increased odds of hypertension in men OR = 1.13 (95% CI: 1.03-1.23)
33882431,,2014-2018,,Environmental,perfluorooctane sulfonic acid,maternal exposure,,,158,"Controls for disease:Heart Defects, Congenital",infants with normal hearts (controls),,,53% Males (Only)|47% Females (Only),,,,,"blood, cord",perfluorooctane sulfonic acid,2.237 nanograms per milliliter,median,total PFOS,China,Guangdong Province,Guangzhou,,,,,,
33882431,,2014-2018,,Environmental,perfluorooctane sulfonic acid,maternal exposure,,,158,"Controls for disease:Heart Defects, Congenital",infants with normal hearts (controls),,,53% Males (Only)|47% Females (Only),,,,,"blood, cord",perfluorooctane sulfonic acid,1.505 nanograms per milliliter,25th percentile,total PFOS,China,Guangdong Province,Guangzhou,,,,,,
33882431,,2014-2018,,Environmental,perfluorooctane sulfonic acid,maternal exposure,,,158,"Controls for disease:Heart Defects, Congenital",infants with normal hearts (controls),,,53% Males (Only)|47% Females (Only),,,,,"blood, cord",perfluorooctane sulfonic acid,3.072 nanograms per milliliter,75th percentile,total PFOS,China,Guangdong Province,Guangzhou,,,,,,
33882431,,2014-2018,,Environmental,perfluorooctane sulfonic acid,maternal exposure,,,158,Infants or newborns,infants with congenital heart defects (cases),,,66% Males (Only)|34% Females (Only),,,,,"blood, cord",perfluorooctane sulfonic acid,,,linear-PFOS,China,Guangdong Province,Guangzhou,,positive correlation,Conotruncal cardiac defects,,,"maternal exposure to linear-PFOS associated with increased odds of conotruncal defects, aOR = 3.65 (95% CI: 1.09, 12.16)"
33882431,,2014-2018,,Environmental,perfluorooctane sulfonic acid,maternal exposure,,,158,"Subjects with disease:Heart Defects, Congenital",infants with congenital heart defects (cases),,,66% Males (Only)|34% Females (Only),,,,,"blood, cord",perfluorooctane sulfonic acid,1.928 nanograms per milliliter,median,total PFOS,China,Guangdong Province,Guangzhou,,,,,,
33882431,,2014-2018,,Environmental,perfluorooctane sulfonic acid,maternal exposure,,,158,"Subjects with disease:Heart Defects, Congenital",infants with congenital heart defects (cases),,,66% Males (Only)|34% Females (Only),,,,,"blood, cord",perfluorooctane sulfonic acid,0.826 nanograms per milliliter,25th percentile,total PFOS,China,Guangdong Province,Guangzhou,,,,,,
33882431,,2014-2018,,Environmental,perfluorooctane sulfonic acid,maternal exposure,,,158,"Subjects with disease:Heart Defects, Congenital",infants with congenital heart defects (cases),,,66% Males (Only)|34% Females (Only),,,,,"blood, cord",perfluorooctane sulfonic acid,3.295 nanograms per milliliter,75th percentile,total PFOS,China,Guangdong Province,Guangzhou,,,,,,
33882431,,2014-2018,,Environmental,perfluorooctane sulfonic acid,maternal exposure,,,158,"Subjects with disease:Heart Defects, Congenital",infants with congenital heart defects (cases),,,66% Males (Only)|34% Females (Only),,,,,"blood, cord",perfluorooctane sulfonic acid,,,linear-PFOS,China,Guangdong Province,Guangzhou,,positive correlation,Conotruncal cardiac defects,,,"maternal exposure to linear-PFOS associated with increased odds of conotruncal defects, aOR = 3.65 (95% CI: 1.09, 12.16)"
32958007,,2017-2017,sex,Dietary|Environmental,perfluorooctanoic acid,contaminated food and dust,,,"10,656",Study subjects,,Current smoker|Former smoker|Non-smoker,30.04 years (mean),Both Males and Females,,generalized additive models,,,,,,,,Italy,,,,positive correlation,Hypertension,,,one unit increase in ln-transformed PFOA was positively associated with increased odds of hypertension in men OR = 1.06 (95% CI: 1.01-1.11)
25260175,C8 Science Panel (C8SP),2005-2006,sex,Dietary|Environmental|Occupational|Residential,perfluorooctanoic acid,chemical plant emissions and drinking water contamination,,,"32,254",Study subjects,,20% Current smoker|32% Former smoker|48% Never smoker,>=20 years (range),54% Females (Only),2% Other|97% White,Cox proportional hazard models,,,,,,,,United States,Ohio,,,no correlation,Hypertension,,,
25260175,C8 Science Panel (C8SP),2005-2006,sex,Dietary|Environmental|Occupational|Residential,perfluorooctanoic acid,chemical plant emissions and drinking water contamination,,,"32,254",Study subjects,,20% Current smoker|32% Former smoker|48% Never smoker,>=20 years (range),54% Females (Only),2% Other|97% White,Cox proportional hazard models,,,,,,,,United States,Ohio,,,no correlation,Coronary Artery Disease,,,
33882431,,2014-2018,,Environmental,perfluorooctanoic acid,maternal exposure,,,158,"Controls for disease:Heart Defects, Congenital",infants with normal hearts (controls),,,53% Males (Only)|47% Females (Only),,,,,"blood, cord",perfluorooctanoic acid,1.169 nanograms per milliliter,median,PFOA,China,Guangdong Province,Guangzhou,,,,,,
33882431,,2014-2018,,Environmental,perfluorooctanoic acid,maternal exposure,,,158,"Controls for disease:Heart Defects, Congenital",infants with normal hearts (controls),,,53% Males (Only)|47% Females (Only),,,,,"blood, cord",perfluorooctanoic acid,0.895 nanograms per milliliter,25th percentile,PFOA,China,Guangdong Province,Guangzhou,,,,,,
33882431,,2014-2018,,Environmental,perfluorooctanoic acid,maternal exposure,,,158,"Controls for disease:Heart Defects, Congenital",infants with normal hearts (controls),,,53% Males (Only)|47% Females (Only),,,,,"blood, cord",perfluorooctanoic acid,1.397 nanograms per milliliter,75th percentile,PFOA,China,Guangdong Province,Guangzhou,,,,,,
33882431,,2014-2018,,Environmental,perfluorooctanoic acid,maternal exposure,,,158,"Subjects with disease:Heart Defects, Congenital",infants with congenital heart defects (cases),,,66% Males (Only)|34% Females (Only),,,,,"blood, cord",perfluorooctanoic acid,1.083 nanograms per milliliter,median,PFOA,China,Guangdong Province,Guangzhou,,,,,,
33882431,,2014-2018,,Environmental,perfluorooctanoic acid,maternal exposure,,,158,"Subjects with disease:Heart Defects, Congenital",infants with congenital heart defects (cases),,,66% Males (Only)|34% Females (Only),,,,,"blood, cord",perfluorooctanoic acid,0.778 nanograms per milliliter,25th percentile,PFOA,China,Guangdong Province,Guangzhou,,,,,,
33882431,,2014-2018,,Environmental,perfluorooctanoic acid,maternal exposure,,,158,"Subjects with disease:Heart Defects, Congenital",infants with congenital heart defects (cases),,,66% Males (Only)|34% Females (Only),,,,,"blood, cord",perfluorooctanoic acid,1.379 nanograms per milliliter,75th percentile,PFOA,China,Guangdong Province,Guangzhou,,,,,,
24832944,Cottage Grove Cohort Study,,,Occupational,perfluorooctanoic acid,ammonium perfluorooctanoate production facilities,,,"9,027",Workers,mixed population of 4668 ammonium perfluorooctanoate-exposed and 4359 non-exposed workers,,,84% Males (Only),,,,,,,,,,United States,Minnesota|Wisconsin,,,no correlation,Myocardial Ischemia,,,
24832944,Cottage Grove Cohort Study,,,Occupational,perfluorooctanoic acid,ammonium perfluorooctanoate production facilities,,,"9,027",Workers,mixed population of 4668 ammonium perfluorooctanoate-exposed and 4359 non-exposed workers,,,84% Males (Only),,,,,,,,,,United States,Minnesota|Wisconsin,,,no correlation,Cerebrovascular Disorders,,,
22652006,National Health and Nutrition Examination Survey (NHANES),2003-2006,alcohol drinking | race | sex | socioeconomic status | tobacco,,perfluorooctanoic acid,,,,"1,894",Study subjects,,,>20 years (range),Both Males and Females,,high-performance liquid chromatography | tandem mass spectrometry | turbo ion spray ionisation,,,serum,perfluorooctanoic acid,,,,United States,,,,positive correlation,Hypertension,,,
33882431,,2014-2018,,Environmental,perfluorotridecanoic acid,maternal exposure,,,158,"Controls for disease:Heart Defects, Congenital",infants with normal hearts (controls),,,53% Males (Only)|47% Females (Only),,,,,"blood, cord",perfluorotridecanoic acid,0.203 nanograms per milliliter,median,PFTrDA,China,Guangdong Province,Guangzhou,,,,,,
33882431,,2014-2018,,Environmental,perfluorotridecanoic acid,maternal exposure,,,158,"Controls for disease:Heart Defects, Congenital",infants with normal hearts (controls),,,53% Males (Only)|47% Females (Only),,,,,"blood, cord",perfluorotridecanoic acid,0.13 nanograms per milliliter,25th percentile,PFTrDA,China,Guangdong Province,Guangzhou,,,,,,
33882431,,2014-2018,,Environmental,perfluorotridecanoic acid,maternal exposure,,,158,"Controls for disease:Heart Defects, Congenital",infants with normal hearts (controls),,,53% Males (Only)|47% Females (Only),,,,,"blood, cord",perfluorotridecanoic acid,0.351 nanograms per milliliter,75th percentile,PFTrDA,China,Guangdong Province,Guangzhou,,,,,,
33882431,,2014-2018,,Environmental,perfluorotridecanoic acid,maternal exposure,,,158,"Subjects with disease:Heart Defects, Congenital",infants with congenital heart defects (cases),,,66% Males (Only)|34% Females (Only),,,,,"blood, cord",perfluorotridecanoic acid,0.216 nanograms per milliliter,median,PFTrDA,China,Guangdong Province,Guangzhou,,,,,,
33882431,,2014-2018,,Environmental,perfluorotridecanoic acid,maternal exposure,,,158,"Subjects with disease:Heart Defects, Congenital",infants with congenital heart defects (cases),,,66% Males (Only)|34% Females (Only),,,,,"blood, cord",perfluorotridecanoic acid,0.143 nanograms per milliliter,25th percentile,PFTrDA,China,Guangdong Province,Guangzhou,,,,,,
33882431,,2014-2018,,Environmental,perfluorotridecanoic acid,maternal exposure,,,158,"Subjects with disease:Heart Defects, Congenital",infants with congenital heart defects (cases),,,66% Males (Only)|34% Females (Only),,,,,"blood, cord",perfluorotridecanoic acid,0.345 nanograms per milliliter,75th percentile,PFTrDA,China,Guangdong Province,Guangzhou,,,,,,
32469207,UNC Preterm Birth Biobank (PTB) Study,2015-2018,race,Commercial product|Dietary|Environmental,perfluoroundecanoic acid,"contaminated diet, drinking water, environment, consumer products",,,122,Pregnant females,,7% Current smoker|93% Non-smoker,33.9 years (mean),100% Females (Only),33% Black|27% Hispanic|3% Other|38% White,,,,,,,,,United States,North Carolina,Chapel Hill,,prediction/hypothesis,"Hypertension, Pregnancy-Induced",,,a borderline significant difference was observed of PFUnA levels by hypertensive complications of pregnancy status (p = 0.09)
33882431,,2014-2018,,Environmental,perfluoroundecanoic acid,maternal exposure,,,158,"Controls for disease:Heart Defects, Congenital",infants with normal hearts (controls),,,53% Males (Only)|47% Females (Only),,,,,"blood, cord",perfluoroundecanoic acid,0.163 nanograms per milliliter,median,PFUnDA,China,Guangdong Province,Guangzhou,,,,,,
33882431,,2014-2018,,Environmental,perfluoroundecanoic acid,maternal exposure,,,158,"Controls for disease:Heart Defects, Congenital",infants with normal hearts (controls),,,53% Males (Only)|47% Females (Only),,,,,"blood, cord",perfluoroundecanoic acid,0.095 nanograms per milliliter,25th percentile,PFUnDA,China,Guangdong Province,Guangzhou,,,,,,
33882431,,2014-2018,,Environmental,perfluoroundecanoic acid,maternal exposure,,,158,"Controls for disease:Heart Defects, Congenital",infants with normal hearts (controls),,,53% Males (Only)|47% Females (Only),,,,,"blood, cord",perfluoroundecanoic acid,0.247 nanograms per milliliter,75th percentile,PFUnDA,China,Guangdong Province,Guangzhou,,,,,,
33882431,,2014-2018,,Environmental,perfluoroundecanoic acid,maternal exposure,,,158,"Subjects with disease:Heart Defects, Congenital",infants with congenital heart defects (cases),,,66% Males (Only)|34% Females (Only),,,,,"blood, cord",perfluoroundecanoic acid,0.137 nanograms per milliliter,median,PFUnDA,China,Guangdong Province,Guangzhou,,,,,,
33882431,,2014-2018,,Environmental,perfluoroundecanoic acid,maternal exposure,,,158,"Subjects with disease:Heart Defects, Congenital",infants with congenital heart defects (cases),,,66% Males (Only)|34% Females (Only),,,,,"blood, cord",perfluoroundecanoic acid,0.079 nanograms per milliliter,25th percentile,PFUnDA,China,Guangdong Province,Guangzhou,,,,,,
33882431,,2014-2018,,Environmental,perfluoroundecanoic acid,maternal exposure,,,158,"Subjects with disease:Heart Defects, Congenital",infants with congenital heart defects (cases),,,66% Males (Only)|34% Females (Only),,,,,"blood, cord",perfluoroundecanoic acid,0.253 nanograms per milliliter,75th percentile,PFUnDA,China,Guangdong Province,Guangzhou,,,,,,
25337994,Agricultural Health Study (AHS),1993-2011,,Environmental|Occupational,Permethrin,"agricultural use of insecticides, fungicides, and fumigants",,,"54,306",Workers,pesticide applicators,,,,,Poisson and polytomous models | questionnaires,,,,,,,,United States,Iowa|North Carolina,,,positive correlation,Multiple Myeloma,,,
19440497,Agricultural Health Study (AHS),1993-2004,,Occupational,Permethrin,Pesticide application,,,"49,093",Workers,Pesticide Applicators,Current smoker|Non-smoker,,Both Males and Females,2% Other|98% White,Poisson regression analysis | survey method,,,,,,,,United States,Iowa|North Carolina,,,prediction/hypothesis,Multiple Myeloma,,,
11665844,,2001-2001,,Commercial product,Pesticides,Dormex pesticide,,,,Workers,agricultural workers applying pesticide Dormex,,41 years (median),Males (Only),,,,,,,,,,Italy,,Ragusa,,positive correlation,Cardiovascular Diseases,,,
15858460,,2002-2004,,Commercial product,Pesticides,Dormex pesticide,,,,Workers,agricultural workers applying pesticide Dormex,,41 years (median),Males (Only),,,,,,,,,,Italy,,Apulia | Calabria | Sicily,,positive correlation,Cardiovascular Diseases,,,
24028665,Agricultural Health Study (AHS),1993-2008,,Commercial product|Occupational,Pesticides,handling and applying insecticide,,,"51,603",Workers,pesticide applicators,,,Males (Only),3% Other|97% White,Cox proportional hazards models,,,,,,,,United States,Iowa|North Carolina,,,no correlation,Stroke,,,stroke mortality only
26630154,National Health and Nutrition Examination Survey (NHANES),1999-2002,,Environmental,Pesticides,,,,437,Subjects with disease:Hypertension,,,71.8 years (mean),Both Males and Females,,,,,serum,DDT,,,,United States,,,,positive correlation,Cognition Disorders,,,association between hypertension and low cognition is stronger the higher serum concentrations of DDT (p = 0.06)
26630154,National Health and Nutrition Examination Survey (NHANES),1999-2002,,Environmental,Pesticides,,,,437,Subjects with disease:Hypertension,,,71.8 years (mean),Both Males and Females,,,,,serum,Dichlorodiphenyl Dichloroethylene,,,,United States,,,,positive correlation,Cognition Disorders,,,association between hypertension and low cognition is stronger the higher serum concentrations of Dichlorodiphenyl Dichloroethylene (p = 0.01)
26630154,National Health and Nutrition Examination Survey (NHANES),1999-2002,,Environmental,Pesticides,,,,437,Subjects with disease:Hypertension,,,71.8 years (mean),Both Males and Females,,,,,serum,beta-hexachlorocyclohexane,,,,United States,,,,prediction/hypothesis,Cognition Disorders,,,"association between hypertension and low cognition trends with higher serum concentrations of beta-hexachlorocyclohexane (p = 0.39), but does not reach significance"
26630154,National Health and Nutrition Examination Survey (NHANES),1999-2002,,Environmental,Pesticides,,,,437,Subjects with disease:Hypertension,,,71.8 years (mean),Both Males and Females,,,,,serum,nonachlor,,,,United States,,,,prediction/hypothesis,Cognition Disorders,,,"association between hypertension and low cognition trends with higher serum concentrations of trans-nonachlor (p = 0.14), but does not reach significance"
26630154,National Health and Nutrition Examination Survey (NHANES),1999-2002,,Environmental,Pesticides,,,,644,Controls for disease:Hypertension,"207 controls, 437 patients",,60-85 years (range),Both Males and Females,,,,,serum,DDT,5.7 nanograms per gram lipid,median of first tertile,,United States,,,,,,,,
26630154,National Health and Nutrition Examination Survey (NHANES),1999-2002,,Environmental,Pesticides,,,,644,Controls for disease:Hypertension,"207 controls, 437 patients",,60-85 years (range),Both Males and Females,,,,,serum,DDT,9.4 nanograms per gram lipid,median of second tertile,,United States,,,,,,,,
26630154,National Health and Nutrition Examination Survey (NHANES),1999-2002,,Environmental,Pesticides,,,,644,Controls for disease:Hypertension,"207 controls, 437 patients",,60-85 years (range),Both Males and Females,,,,,serum,DDT,25.6 nanograms per gram lipid,median of third tertile,,United States,,,,,,,,
26630154,National Health and Nutrition Examination Survey (NHANES),1999-2002,,Environmental,Pesticides,,,,644,Controls for disease:Hypertension,"207 controls, 437 patients",,60-85 years (range),Both Males and Females,,,,,serum,Dichlorodiphenyl Dichloroethylene,324.5 nanograms per gram lipid,median of first tertile,,United States,,,,,,,,
26630154,National Health and Nutrition Examination Survey (NHANES),1999-2002,,Environmental,Pesticides,,,,644,Controls for disease:Hypertension,"207 controls, 437 patients",,60-85 years (range),Both Males and Females,,,,,serum,Dichlorodiphenyl Dichloroethylene,940.5 nanograms per gram lipid,median of second tertile,,United States,,,,,,,,
26630154,National Health and Nutrition Examination Survey (NHANES),1999-2002,,Environmental,Pesticides,,,,644,Controls for disease:Hypertension,"207 controls, 437 patients",,60-85 years (range),Both Males and Females,,,,,serum,Dichlorodiphenyl Dichloroethylene,2200 nanograms per gram lipid,median of third tertile,,United States,,,,,,,,
26630154,National Health and Nutrition Examination Survey (NHANES),1999-2002,,Environmental,Pesticides,,,,644,Controls for disease:Hypertension,"207 controls, 437 patients",,60-85 years (range),Both Males and Females,,,,,serum,beta-hexachlorocyclohexane,12.8 nanograms per gram lipid,median of first tertile,,United States,,,,,,,,
26630154,National Health and Nutrition Examination Survey (NHANES),1999-2002,,Environmental,Pesticides,,,,644,Controls for disease:Hypertension,"207 controls, 437 patients",,60-85 years (range),Both Males and Females,,,,,serum,beta-hexachlorocyclohexane,28.5 nanograms per gram lipid,median of second tertile,,United States,,,,,,,,
26630154,National Health and Nutrition Examination Survey (NHANES),1999-2002,,Environmental,Pesticides,,,,644,Controls for disease:Hypertension,"207 controls, 437 patients",,60-85 years (range),Both Males and Females,,,,,serum,beta-hexachlorocyclohexane,73.4 nanograms per gram lipid,median of third tertile,,United States,,,,,,,,
26630154,National Health and Nutrition Examination Survey (NHANES),1999-2002,,Environmental,Pesticides,,,,644,Controls for disease:Hypertension,"207 controls, 437 patients",,60-85 years (range),Both Males and Females,,,,,serum,nonachlor,25.9 nanograms per gram lipid,median of first tertile,trans-nonachlor,United States,,,,,,,,
26630154,National Health and Nutrition Examination Survey (NHANES),1999-2002,,Environmental,Pesticides,,,,644,Controls for disease:Hypertension,"207 controls, 437 patients",,60-85 years (range),Both Males and Females,,,,,serum,nonachlor,48.2 nanograms per gram lipid,median of second tertile,trans-nonachlor,United States,,,,,,,,
26630154,National Health and Nutrition Examination Survey (NHANES),1999-2002,,Environmental,Pesticides,,,,644,Controls for disease:Hypertension,"207 controls, 437 patients",,60-85 years (range),Both Males and Females,,,,,serum,nonachlor,88.9 nanograms per gram lipid,median of third tertile,trans-nonachlor,United States,,,,,,,,
26630154,National Health and Nutrition Examination Survey (NHANES),1999-2002,,Environmental,Pesticides,,,,644,Controls for disease:Hypertension,"207 controls, 437 patients",,60-85 years (range),Both Males and Females,,,,,serum,oxychlordane,17.9 nanograms per gram lipid,median of first tertile,,United States,,,,,,,,
26630154,National Health and Nutrition Examination Survey (NHANES),1999-2002,,Environmental,Pesticides,,,,644,Controls for disease:Hypertension,"207 controls, 437 patients",,60-85 years (range),Both Males and Females,,,,,serum,oxychlordane,31.3 nanograms per gram lipid,median of second tertile,,United States,,,,,,,,
26630154,National Health and Nutrition Examination Survey (NHANES),1999-2002,,Environmental,Pesticides,,,,644,Controls for disease:Hypertension,"207 controls, 437 patients",,60-85 years (range),Both Males and Females,,,,,serum,oxychlordane,54.7 nanograms per gram lipid,median of third tertile,,United States,,,,,,,,
26630154,National Health and Nutrition Examination Survey (NHANES),1999-2002,,Environmental,Pesticides,,,,644,Controls for disease:Hypertension,"207 controls, 437 patients",,60-85 years (range),Both Males and Females,,,,,serum,Heptachlor Epoxide,5.1 nanograms per gram lipid,median of first tertile,,United States,,,,,,,,
26630154,National Health and Nutrition Examination Survey (NHANES),1999-2002,,Environmental,Pesticides,,,,644,Controls for disease:Hypertension,"207 controls, 437 patients",,60-85 years (range),Both Males and Females,,,,,serum,Heptachlor Epoxide,10.7 nanograms per gram lipid,median of second tertile,,United States,,,,,,,,
26630154,National Health and Nutrition Examination Survey (NHANES),1999-2002,,Environmental,Pesticides,,,,644,Controls for disease:Hypertension,"207 controls, 437 patients",,60-85 years (range),Both Males and Females,,,,,serum,Heptachlor Epoxide,23 nanograms per gram lipid,median of third tertile,,United States,,,,,,,,
26630154,National Health and Nutrition Examination Survey (NHANES),1999-2002,,Environmental,Pesticides,,,,644,Subjects with disease:Hypertension,"207 controls, 437 patients",,60-85 years (range),Both Males and Females,,,,,serum,DDT,5.7 nanograms per gram lipid,median of first tertile,,United States,,,,,,,,
26630154,National Health and Nutrition Examination Survey (NHANES),1999-2002,,Environmental,Pesticides,,,,644,Subjects with disease:Hypertension,"207 controls, 437 patients",,60-85 years (range),Both Males and Females,,,,,serum,DDT,9.4 nanograms per gram lipid,median of second tertile,,United States,,,,,,,,
26630154,National Health and Nutrition Examination Survey (NHANES),1999-2002,,Environmental,Pesticides,,,,644,Subjects with disease:Hypertension,"207 controls, 437 patients",,60-85 years (range),Both Males and Females,,,,,serum,DDT,25.6 nanograms per gram lipid,median of third tertile,,United States,,,,,,,,
26630154,National Health and Nutrition Examination Survey (NHANES),1999-2002,,Environmental,Pesticides,,,,644,Subjects with disease:Hypertension,"207 controls, 437 patients",,60-85 years (range),Both Males and Females,,,,,serum,Dichlorodiphenyl Dichloroethylene,324.5 nanograms per gram lipid,median of first tertile,,United States,,,,,,,,
26630154,National Health and Nutrition Examination Survey (NHANES),1999-2002,,Environmental,Pesticides,,,,644,Subjects with disease:Hypertension,"207 controls, 437 patients",,60-85 years (range),Both Males and Females,,,,,serum,Dichlorodiphenyl Dichloroethylene,940.5 nanograms per gram lipid,median of second tertile,,United States,,,,,,,,
26630154,National Health and Nutrition Examination Survey (NHANES),1999-2002,,Environmental,Pesticides,,,,644,Subjects with disease:Hypertension,"207 controls, 437 patients",,60-85 years (range),Both Males and Females,,,,,serum,Dichlorodiphenyl Dichloroethylene,2200 nanograms per gram lipid,median of third tertile,,United States,,,,,,,,
26630154,National Health and Nutrition Examination Survey (NHANES),1999-2002,,Environmental,Pesticides,,,,644,Subjects with disease:Hypertension,"207 controls, 437 patients",,60-85 years (range),Both Males and Females,,,,,serum,beta-hexachlorocyclohexane,12.8 nanograms per gram lipid,median of first tertile,,United States,,,,,,,,
26630154,National Health and Nutrition Examination Survey (NHANES),1999-2002,,Environmental,Pesticides,,,,644,Subjects with disease:Hypertension,"207 controls, 437 patients",,60-85 years (range),Both Males and Females,,,,,serum,beta-hexachlorocyclohexane,28.5 nanograms per gram lipid,median of second tertile,,United States,,,,,,,,
26630154,National Health and Nutrition Examination Survey (NHANES),1999-2002,,Environmental,Pesticides,,,,644,Subjects with disease:Hypertension,"207 controls, 437 patients",,60-85 years (range),Both Males and Females,,,,,serum,beta-hexachlorocyclohexane,73.4 nanograms per gram lipid,median of third tertile,,United States,,,,,,,,
26630154,National Health and Nutrition Examination Survey (NHANES),1999-2002,,Environmental,Pesticides,,,,644,Subjects with disease:Hypertension,"207 controls, 437 patients",,60-85 years (range),Both Males and Females,,,,,serum,nonachlor,25.9 nanograms per gram lipid,median of first tertile,trans-nonachlor,United States,,,,,,,,
26630154,National Health and Nutrition Examination Survey (NHANES),1999-2002,,Environmental,Pesticides,,,,644,Subjects with disease:Hypertension,"207 controls, 437 patients",,60-85 years (range),Both Males and Females,,,,,serum,nonachlor,48.2 nanograms per gram lipid,median of second tertile,trans-nonachlor,United States,,,,,,,,
26630154,National Health and Nutrition Examination Survey (NHANES),1999-2002,,Environmental,Pesticides,,,,644,Subjects with disease:Hypertension,"207 controls, 437 patients",,60-85 years (range),Both Males and Females,,,,,serum,nonachlor,88.9 nanograms per gram lipid,median of third tertile,trans-nonachlor,United States,,,,,,,,
26630154,National Health and Nutrition Examination Survey (NHANES),1999-2002,,Environmental,Pesticides,,,,644,Subjects with disease:Hypertension,"207 controls, 437 patients",,60-85 years (range),Both Males and Females,,,,,serum,oxychlordane,17.9 nanograms per gram lipid,median of first tertile,,United States,,,,,,,,
26630154,National Health and Nutrition Examination Survey (NHANES),1999-2002,,Environmental,Pesticides,,,,644,Subjects with disease:Hypertension,"207 controls, 437 patients",,60-85 years (range),Both Males and Females,,,,,serum,oxychlordane,31.3 nanograms per gram lipid,median of second tertile,,United States,,,,,,,,
26630154,National Health and Nutrition Examination Survey (NHANES),1999-2002,,Environmental,Pesticides,,,,644,Subjects with disease:Hypertension,"207 controls, 437 patients",,60-85 years (range),Both Males and Females,,,,,serum,oxychlordane,54.7 nanograms per gram lipid,median of third tertile,,United States,,,,,,,,
26630154,National Health and Nutrition Examination Survey (NHANES),1999-2002,,Environmental,Pesticides,,,,644,Subjects with disease:Hypertension,"207 controls, 437 patients",,60-85 years (range),Both Males and Females,,,,,serum,Heptachlor Epoxide,5.1 nanograms per gram lipid,median of first tertile,,United States,,,,,,,,
26630154,National Health and Nutrition Examination Survey (NHANES),1999-2002,,Environmental,Pesticides,,,,644,Subjects with disease:Hypertension,"207 controls, 437 patients",,60-85 years (range),Both Males and Females,,,,,serum,Heptachlor Epoxide,10.7 nanograms per gram lipid,median of second tertile,,United States,,,,,,,,
26630154,National Health and Nutrition Examination Survey (NHANES),1999-2002,,Environmental,Pesticides,,,,644,Subjects with disease:Hypertension,"207 controls, 437 patients",,60-85 years (range),Both Males and Females,,,,,serum,Heptachlor Epoxide,23 nanograms per gram lipid,median of third tertile,,United States,,,,,,,,
16129026,,1993-2000,age | race | sex,Environmental|Residential,Pesticides,,,,"16,880,516",Study subjects,,,25-64 years (range),Both Males and Females,8% Black|92% White,,,,,,,,,United States,New York,,,positive correlation,Stroke,,,"positive correlation between living in zip codes that contain hazardous waste sites and increased rate of hospital discharges for stroke, particularly ischemic stroke"
16129026,,1993-2000,age | race | sex,Environmental|Residential,Pesticides,,,,"16,880,516",Study subjects,,,25-64 years (range),Both Males and Females,8% Black|92% White,,,,,,,,,United States,New York,,,positive correlation,Ischemic Stroke,,,"positive correlation between living in zip codes that contain hazardous waste sites and increased rate of hospital discharges for stroke, particularly ischemic stroke"
19700503,Agricultural Health Study (AHS),1993-2006,age | tobacco,Occupational,Pesticides,Pesticide application,,,"54,069",Workers,Pesticide Applicators,,,Males (Only),,Cox regression analysis | survey method,,,,,,,,United States,Iowa|North Carolina,,,no correlation,Myocardial Infarction,,,
19750103,Agricultural Health Study (AHS),1993-1997,body mass index,Occupational|Residential,Pesticides,Pesticide application,,,"11,274",Pregnant females,Spouses of Pesticide Applicators,Current smoker|Non-smoker,16-49 years (range),Females (Only),2% Other|97% White,logistic regression analysis | survey method,,,,,,,,United States,Iowa|North Carolina,,,positive correlation,"Hypertension, Pregnancy-Induced",,,
27023119,,2012-2013,,Environmental,phenanthrene,,,,170,Subjects with disease:Hypertension,housewives,67% Non-smoker|33% Passive smoker,>=30 years (range),100% Females (Only),,gas chromatography-mass spectrometry,,100.0,hair,phenanthrene,405 nanograms per gram,median,,China,Shanxi Province,,,,,,,
27023119,,2012-2013,,Environmental,phenanthrene,,,,170,Subjects with disease:Hypertension,housewives,67% Non-smoker|33% Passive smoker,>=30 years (range),100% Females (Only),,gas chromatography-mass spectrometry,,100.0,hair,phenanthrene,249-707 nanograms per gram,interquartile range,,China,Shanxi Province,,,,,,,
27023119,,2012-2013,,Environmental,phenanthrene,,,,235,Controls for disease:Hypertension,housewives,61% Non-smoker|39% Passive smoker,>=30 years (range),100% Females (Only),,gas chromatography-mass spectrometry,,99.0,hair,phenanthrene,759 nanograms per gram,median,,China,Shanxi Province,,,,,,,
27023119,,2012-2013,,Environmental,phenanthrene,,,,235,Controls for disease:Hypertension,housewives,61% Non-smoker|39% Passive smoker,>=30 years (range),100% Females (Only),,gas chromatography-mass spectrometry,,99.0,hair,phenanthrene,411-1344 nanograms per gram,interquartile range,,China,Shanxi Province,,,,,,,
31026035,Prospective Investigation of the Vasculature in Uppsala Seniors (PIVUS),2001-2004,,Dietary|Environmental,Polychlorinated Biphenyls,"environment and high-fat foods including dairy, eggs, and animal fats",,PCB 157,814,Study subjects,,6% Current smoker,80 years (mean),49% Males (Only)|51% Females (Only),,Cox proportional hazard analysis,,,,,,,,Sweden,,Uppsala,,prediction/hypothesis,Cardiovascular Diseases,,,significant association between PCB 157 plasma levels and cardiovascular disease mortality
31026035,Prospective Investigation of the Vasculature in Uppsala Seniors (PIVUS),2001-2004,,Dietary|Environmental,Polychlorinated Biphenyls,"environment and high-fat foods including dairy, eggs, and animal fats",,PCB 206,814,Study subjects,,6% Current smoker,80 years (mean),49% Males (Only)|51% Females (Only),,Cox proportional hazard analysis,,,,,,,,Sweden,,Uppsala,,positive correlation,Cardiovascular Diseases,,,significant association between PCB 206 plasma levels and cardiovascular disease mortality; hazard ratio 2.16 (95% CI: 1.37-3.4)
31026035,Prospective Investigation of the Vasculature in Uppsala Seniors (PIVUS),2001-2004,,Dietary|Environmental,Polychlorinated Biphenyls,"environment and high-fat foods including dairy, eggs, and animal fats",,PCB 209,814,Study subjects,,6% Current smoker,80 years (mean),49% Males (Only)|51% Females (Only),,Cox proportional hazard analysis,,,,,,,,Sweden,,Uppsala,,positive correlation,Cardiovascular Diseases,,,significant association between PCB 209 plasma levels and cardiovascular disease mortality
18054906,,1995-2000,age,Environmental,Polychlorinated Biphenyls,,,,277,Study subjects,Akwesasne Mohawks,,39 years (mean),Both Males and Females,100% American Indian,gas chromatography with electron capture detection,,,,,,,,Canada|United States,,,,positive correlation,Cardiovascular Diseases,,,
16129026,,1993-2000,age | race | sex,Environmental|Residential,Polychlorinated Biphenyls,,,,"16,880,516",Study subjects,,,25-64 years (range),Both Males and Females,8% Black|92% White,,,,,,,,,United States,New York,,,positive correlation,Stroke,,,"positive correlation between living in zip codes that contain hazardous waste sites and increased rate of hospital discharges for stroke, particularly ischemic stroke"
16129026,,1993-2000,age | race | sex,Environmental|Residential,Polychlorinated Biphenyls,,,,"16,880,516",Study subjects,,,25-64 years (range),Both Males and Females,8% Black|92% White,,,,,,,,,United States,New York,,,positive correlation,Ischemic Stroke,,,"positive correlation between living in zip codes that contain hazardous waste sites and increased rate of hospital discharges for stroke, particularly ischemic stroke"
20123637,,2005-2007,,Environmental,Polycyclic Aromatic Hydrocarbons,indoor and outdoor polycyclic aromatic hydrocarbons,,,60,Subjects with disease:Coronary Artery Disease,"elderly subjects, warm season",,84.1 years (mean),Both Males and Females,,mixed-model regression analyses,,,plasma,IL6,,,indoor and outdoor polycyclic aromatic hydrocarbons,United States,California,Los Angeles,,,,,,
20123637,,2005-2007,,Environmental,Polycyclic Aromatic Hydrocarbons,indoor and outdoor polycyclic aromatic hydrocarbons,,,60,Subjects with disease:Coronary Artery Disease,"elderly subjects, warm season",,84.1 years (mean),Both Males and Females,,mixed-model regression analyses,,,plasma,TNFRSF1B,,,indoor and outdoor polycyclic aromatic hydrocarbons,United States,California,Los Angeles,,,,,,
25564368,Cardiovascular Health and Air Pollution Study,,,Environmental,Polycyclic Aromatic Hydrocarbons,traffic-related air pollution,,,43,Subjects with disease:Coronary Artery Disease,,Non-smoker,84.7 years (mean),47% Males (Only)|54% Females (Only),2% Hispanic|98% White,linear mixed-effects regression models,,,blood,CYP1B1,,,,United States,California,Los Angeles air basin,,positive correlation,,increased gene expression,Blood,
25564368,Cardiovascular Health and Air Pollution Study,,,Environmental,Polycyclic Aromatic Hydrocarbons,traffic-related air pollution,,,43,Subjects with disease:Coronary Artery Disease,,Non-smoker,84.7 years (mean),47% Males (Only)|54% Females (Only),2% Hispanic|98% White,linear mixed-effects regression models,,,blood,HMOX1,,,,United States,California,Los Angeles air basin,,positive correlation,,increased gene expression,Blood,
25564368,Cardiovascular Health and Air Pollution Study,,,Environmental,Polycyclic Aromatic Hydrocarbons,traffic-related air pollution,,,43,Subjects with disease:Coronary Artery Disease,,Non-smoker,84.7 years (mean),47% Males (Only)|54% Females (Only),2% Hispanic|98% White,linear mixed-effects regression models,,,blood,IL1B,,,,United States,California,Los Angeles air basin,,positive correlation,,increased gene expression,Blood,
25564368,Cardiovascular Health and Air Pollution Study,,,Environmental,Polycyclic Aromatic Hydrocarbons,traffic-related air pollution,,,43,Subjects with disease:Coronary Artery Disease,,Non-smoker,84.7 years (mean),47% Males (Only)|54% Females (Only),2% Hispanic|98% White,linear mixed-effects regression models,,,blood,NQO1,,,,United States,California,Los Angeles air basin,,positive correlation,,increased gene expression,Blood,
25564368,Cardiovascular Health and Air Pollution Study,,,Environmental,Polycyclic Aromatic Hydrocarbons,traffic-related air pollution,,,43,Subjects with disease:Coronary Artery Disease,,Non-smoker,84.7 years (mean),47% Males (Only)|54% Females (Only),2% Hispanic|98% White,linear mixed-effects regression models,,,blood,NFE2L2,,,,United States,California,Los Angeles air basin,,positive correlation,,increased gene expression,Blood,
25564368,Cardiovascular Health and Air Pollution Study,,,Environmental,Polycyclic Aromatic Hydrocarbons,traffic-related air pollution,,,43,Subjects with disease:Coronary Artery Disease,,Non-smoker,84.7 years (mean),47% Males (Only)|54% Females (Only),2% Hispanic|98% White,linear mixed-effects regression models,,,blood,SELP,,,,United States,California,Los Angeles air basin,,positive correlation,,increased gene expression,Blood,
25564368,Cardiovascular Health and Air Pollution Study,,,Environmental,Polycyclic Aromatic Hydrocarbons,traffic-related air pollution,,,43,Subjects with disease:Coronary Artery Disease,,Non-smoker,84.7 years (mean),47% Males (Only)|54% Females (Only),2% Hispanic|98% White,linear mixed-effects regression models,,,blood,SOD2,,,,United States,California,Los Angeles air basin,,positive correlation,,increased gene expression,Blood,
23717615,,,genetics,Environmental,Polycyclic Aromatic Hydrocarbons,traffic-related air pollution,,,60,Subjects with disease:Coronary Artery Disease,,100% Non-smoker,>65 years (range),,,air monitoring,,,air,Polycyclic Aromatic Hydrocarbons,0.49 nanograms per cubic meter,mean,daily averages of 47 weeks of air monitoring,United States,California,Los Angeles air basin,,,,,,
23717615,,,genetics,Environmental,Polycyclic Aromatic Hydrocarbons,traffic-related air pollution,,,60,Subjects with disease:Coronary Artery Disease,,100% Non-smoker,>65 years (range),,,air monitoring,,,air,Polycyclic Aromatic Hydrocarbons,0.43 nanograms per cubic meter,median,daily averages of 47 weeks of air monitoring,United States,California,Los Angeles air basin,,,,,,
23717615,,,genetics,Environmental,Polycyclic Aromatic Hydrocarbons,traffic-related air pollution,,,60,Subjects with disease:Coronary Artery Disease,,100% Non-smoker,>65 years (range),,,air monitoring,,,air,Polycyclic Aromatic Hydrocarbons,0.16 nanograms per cubic meter,interquartile range,daily averages of 47 weeks of air monitoring,United States,California,Los Angeles air basin,,,,,,
23717615,,,genetics,Environmental,Polycyclic Aromatic Hydrocarbons,traffic-related air pollution,,,60,Subjects with disease:Coronary Artery Disease,,100% Non-smoker,>65 years (range),,,air monitoring,,,air,Polycyclic Aromatic Hydrocarbons,0.33 nanograms per cubic meter,minimum,daily averages of 47 weeks of air monitoring,United States,California,Los Angeles air basin,,,,,,
23717615,,,genetics,Environmental,Polycyclic Aromatic Hydrocarbons,traffic-related air pollution,,,60,Subjects with disease:Coronary Artery Disease,,100% Non-smoker,>65 years (range),,,air monitoring,,,air,Polycyclic Aromatic Hydrocarbons,1.01 nanograms per cubic meter,maximum,daily averages of 47 weeks of air monitoring,United States,California,Los Angeles air basin,,,,,,
23717615,,,genetics,Environmental,Polycyclic Aromatic Hydrocarbons,traffic-related air pollution,,,60,Subjects with disease:Coronary Artery Disease,,100% Non-smoker,>65 years (range),,,mixed-effect models,,,,,,,,United States,California,Los Angeles air basin,,positive correlation,,increased inflammatory response,Plasma,"Increases in polycyclic aromatic hydrocarbons were associated with increases in IL6 and TNFa, biomarkers of inflammation, with stronger associations in subjects with mitochondrial haplogroup H than U"
25564368,Cardiovascular Health and Air Pollution Study,,,Environmental,Polycyclic Aromatic Hydrocarbons,,,particulate matter with aerodynamic diameter 0.25 - 2.5 microns,43,Subjects with disease:Coronary Artery Disease,,Non-smoker,84.7 years (mean),47% Males (Only)|54% Females (Only),2% Hispanic|98% White,,,,air,Polycyclic Aromatic Hydrocarbons,0.53 nanograms per cubic meter,mean,,United States,California,Los Angeles air basin,,,,,,
25564368,Cardiovascular Health and Air Pollution Study,,,Environmental,Polycyclic Aromatic Hydrocarbons,,,particulate matter with aerodynamic diameter 0.25 - 2.5 microns,43,Subjects with disease:Coronary Artery Disease,,Non-smoker,84.7 years (mean),47% Males (Only)|54% Females (Only),2% Hispanic|98% White,,,,air,Polycyclic Aromatic Hydrocarbons,0.47 nanograms per cubic meter,median,,United States,California,Los Angeles air basin,,,,,,
25564368,Cardiovascular Health and Air Pollution Study,,,Environmental,Polycyclic Aromatic Hydrocarbons,,,particulate matter with aerodynamic diameter 0.25 - 2.5 microns,43,Subjects with disease:Coronary Artery Disease,,Non-smoker,84.7 years (mean),47% Males (Only)|54% Females (Only),2% Hispanic|98% White,,,,air,Polycyclic Aromatic Hydrocarbons,0.26 nanograms per cubic meter,interquartile range,,United States,California,Los Angeles air basin,,,,,,
25564368,Cardiovascular Health and Air Pollution Study,,,Environmental,Polycyclic Aromatic Hydrocarbons,,,particulate matter with aerodynamic diameter 0.25 - 2.5 microns,43,Subjects with disease:Coronary Artery Disease,,Non-smoker,84.7 years (mean),47% Males (Only)|54% Females (Only),2% Hispanic|98% White,,,,air,Polycyclic Aromatic Hydrocarbons,0.36 nanograms per cubic meter,minimum,,United States,California,Los Angeles air basin,,,,,,
25564368,Cardiovascular Health and Air Pollution Study,,,Environmental,Polycyclic Aromatic Hydrocarbons,,,particulate matter with aerodynamic diameter 0.25 - 2.5 microns,43,Subjects with disease:Coronary Artery Disease,,Non-smoker,84.7 years (mean),47% Males (Only)|54% Females (Only),2% Hispanic|98% White,,,,air,Polycyclic Aromatic Hydrocarbons,1.01 nanograms per cubic meter,maximum,,United States,California,Los Angeles air basin,,,,,,
25564368,Cardiovascular Health and Air Pollution Study,,,Environmental,Polycyclic Aromatic Hydrocarbons,,,particulate matter with aerodynamic diameter 0.25 microns,43,Subjects with disease:Coronary Artery Disease,,Non-smoker,84.7 years (mean),47% Males (Only)|54% Females (Only),2% Hispanic|98% White,,,,air,Polycyclic Aromatic Hydrocarbons,1.13 nanograms per cubic meter,mean,,United States,California,Los Angeles air basin,,,,,,
25564368,Cardiovascular Health and Air Pollution Study,,,Environmental,Polycyclic Aromatic Hydrocarbons,,,particulate matter with aerodynamic diameter 0.25 microns,43,Subjects with disease:Coronary Artery Disease,,Non-smoker,84.7 years (mean),47% Males (Only)|54% Females (Only),2% Hispanic|98% White,,,,air,Polycyclic Aromatic Hydrocarbons,0.97 nanograms per cubic meter,median,,United States,California,Los Angeles air basin,,,,,,
25564368,Cardiovascular Health and Air Pollution Study,,,Environmental,Polycyclic Aromatic Hydrocarbons,,,particulate matter with aerodynamic diameter 0.25 microns,43,Subjects with disease:Coronary Artery Disease,,Non-smoker,84.7 years (mean),47% Males (Only)|54% Females (Only),2% Hispanic|98% White,,,,air,Polycyclic Aromatic Hydrocarbons,0.46 nanograms per cubic meter,interquartile range,,United States,California,Los Angeles air basin,,,,,,
25564368,Cardiovascular Health and Air Pollution Study,,,Environmental,Polycyclic Aromatic Hydrocarbons,,,particulate matter with aerodynamic diameter 0.25 microns,43,Subjects with disease:Coronary Artery Disease,,Non-smoker,84.7 years (mean),47% Males (Only)|54% Females (Only),2% Hispanic|98% White,,,,air,Polycyclic Aromatic Hydrocarbons,0.55 nanograms per cubic meter,minimum,,United States,California,Los Angeles air basin,,,,,,
25564368,Cardiovascular Health and Air Pollution Study,,,Environmental,Polycyclic Aromatic Hydrocarbons,,,particulate matter with aerodynamic diameter 0.25 microns,43,Subjects with disease:Coronary Artery Disease,,Non-smoker,84.7 years (mean),47% Males (Only)|54% Females (Only),2% Hispanic|98% White,,,,air,Polycyclic Aromatic Hydrocarbons,2.7 nanograms per cubic meter,maximum,,United States,California,Los Angeles air basin,,,,,,
27023119,,2012-2013,,Environmental,Polycyclic Aromatic Hydrocarbons,,,,170,Subjects with disease:Hypertension,housewives,67% Non-smoker|33% Passive smoker,>=30 years (range),100% Females (Only),,gas chromatography-mass spectrometry,,,hair,Polycyclic Aromatic Hydrocarbons,655 nanograms per gram,median,sum of polycyclic aromatic hydrocarbons,China,Shanxi Province,,,,,,,
27023119,,2012-2013,,Environmental,Polycyclic Aromatic Hydrocarbons,,,,170,Subjects with disease:Hypertension,housewives,67% Non-smoker|33% Passive smoker,>=30 years (range),100% Females (Only),,gas chromatography-mass spectrometry,,,hair,Polycyclic Aromatic Hydrocarbons,392-1134 nanograms per gram,interquartile range,sum of polycyclic aromatic hydrocarbons,China,Shanxi Province,,,,,,,
27023119,,2012-2013,,Environmental,Polycyclic Aromatic Hydrocarbons,,,,235,Controls for disease:Hypertension,housewives,61% Non-smoker|39% Passive smoker,>=30 years (range),100% Females (Only),,gas chromatography-mass spectrometry,,,hair,Polycyclic Aromatic Hydrocarbons,1032 nanograms per gram,median,sum of polycyclic aromatic hydrocarbons,China,Shanxi Province,,,,,,,
27023119,,2012-2013,,Environmental,Polycyclic Aromatic Hydrocarbons,,,,235,Controls for disease:Hypertension,housewives,61% Non-smoker|39% Passive smoker,>=30 years (range),100% Females (Only),,gas chromatography-mass spectrometry,,,hair,Polycyclic Aromatic Hydrocarbons,620-1625 nanograms per gram,interquartile range,sum of polycyclic aromatic hydrocarbons,China,Shanxi Province,,,,,,,
26878282,National Health and Nutrition Examination Survey (NHANES),2001-2010,,Environmental,Polycyclic Aromatic Hydrocarbons,,,,"7,301",Study subjects,"merged NHANES cohorts, with subjects greater than 20 years of age",,46.2 years (mean),49% Males (Only)|51% Females (Only),11% Black|13% Hispanic|5% Other|71% White,logistic regression models,,,urine,1-naphthol,,,,United States,,,,positive correlation,Cardiovascular Diseases,,,"statistically robust: age-sex adjusted OR = 1.13 (95% CI: 1.07, 1.21), multivariable-adjusted OR = 1.11 (95% CI: 1.04, 1.18)"
26878282,National Health and Nutrition Examination Survey (NHANES),2001-2010,,Environmental,Polycyclic Aromatic Hydrocarbons,,,,"7,301",Study subjects,"merged NHANES cohorts, with subjects greater than 20 years of age",,46.2 years (mean),49% Males (Only)|51% Females (Only),11% Black|13% Hispanic|5% Other|71% White,logistic regression models,,,urine,2-naphthol,,,,United States,,,,positive correlation,Cardiovascular Diseases,,,"statistically robust: age-sex adjusted OR = 1.31 (95% CI: 1.19, 1.45), multivariable-adjusted OR = 1.22 (95% CI: 1.08, 1.38)"
26878282,National Health and Nutrition Examination Survey (NHANES),2001-2010,,Environmental,Polycyclic Aromatic Hydrocarbons,,,,"7,301",Study subjects,"merged NHANES cohorts, with subjects greater than 20 years of age",,46.2 years (mean),49% Males (Only)|51% Females (Only),11% Black|13% Hispanic|5% Other|71% White,logistic regression models,,,urine,2-hydroxyfluorene,,,,United States,,,,positive correlation,Cardiovascular Diseases,,,"statistically robust: age-sex adjusted OR = 1.31 (95% CI: 1.18. 1.45), multivariable-adjusted OR = 1.27 (95% CI: 1.12, 1.43)"
26878282,National Health and Nutrition Examination Survey (NHANES),2001-2010,,Environmental,Polycyclic Aromatic Hydrocarbons,,,,"7,301",Study subjects,"merged NHANES cohorts, with subjects greater than 20 years of age",,46.2 years (mean),49% Males (Only)|51% Females (Only),11% Black|13% Hispanic|5% Other|71% White,logistic regression models,,,urine,1-hydroxyphenanthrene,,,,United States,,,,prediction/hypothesis,Cardiovascular Diseases,,,"not statistically robust: age-sex adjusted OR = 1.12 (95% CI: 1.00, 1.25), multivariable-adjusted OR = 1.07 (95% CI: 0.94, 1.21)"
26878282,National Health and Nutrition Examination Survey (NHANES),2001-2010,,Environmental,Polycyclic Aromatic Hydrocarbons,,,,"7,301",Study subjects,"merged NHANES cohorts, with subjects greater than 20 years of age",,46.2 years (mean),49% Males (Only)|51% Females (Only),11% Black|13% Hispanic|5% Other|71% White,logistic regression models,,,urine,1-hydroxypyrene,,,,United States,,,,prediction/hypothesis,Cardiovascular Diseases,,,"not statistically robust: age-sex adjusted OR = 1.20 (95% CI: 1.08, 1.33), multivariable-adjusted OR = 1.12 (95% CI: 1.00, 1.26)"
26758679,,2011-2011,,Occupational,Polycyclic Aromatic Hydrocarbons,coke oven plant,,,489,Workers,coke oven workers,60% Current smoker|41% Non-smoker,41.9 years (mean),90% Males (Only)|10% Females (Only),,ELISA | multiple linear regression models,,,,,,,,China,Hubei,Wuhan,,prediction/hypothesis,Cardiovascular Diseases,,,
21193387,,2002-2004,,Environmental,Potassium,"Air Pollutants, Traffic Pollution",,,,,,,,,,energy dispersive x-ray fluorescence | filter sampling | reflectometry,,,air,Potassium,,,,United States,Washingtom,Seattle,"Particulate Matter <= 2.5 microns, cold season",positive correlation,Cardiovascular Diseases,,,
16299096,,1998-1999,,Environmental,Potassium,personal,225,,36,Subjects with disease:Cardiovascular Diseases,,Non-smoker,50-84 years (range),,,energy dispersive x-ray fluorescence,,,air,Potassium,87.4 nanograms per cubic meter,median,personal exposure monitoring,Netherlands,,Amsterdam,,,,,,
16299096,,1998-1999,,Environmental,Potassium,personal,225,,36,Subjects with disease:Cardiovascular Diseases,,Non-smoker,50-84 years (range),,,energy dispersive x-ray fluorescence,,,air,Potassium,1.4 nanograms per cubic meter,minimum,personal exposure monitoring,Netherlands,,Amsterdam,,,,,,
16299096,,1998-1999,,Environmental,Potassium,personal,225,,36,Subjects with disease:Cardiovascular Diseases,,Non-smoker,50-84 years (range),,,energy dispersive x-ray fluorescence,,,air,Potassium,11661 nanograms per cubic meter,maximum,personal exposure monitoring,Netherlands,,Amsterdam,,,,,,
16299096,,1998-1999,,Environmental,Potassium,personal,238,,46,Subjects with disease:Cardiovascular Diseases,,Non-smoker,50-84 years (range),,,energy dispersive x-ray fluorescence,,,air,Potassium,103.1 nanograms per cubic meter,median,personal exposure monitoring,Finland,,Helinski,,,,,,
16299096,,1998-1999,,Environmental,Potassium,personal,238,,46,Subjects with disease:Cardiovascular Diseases,,Non-smoker,50-84 years (range),,,energy dispersive x-ray fluorescence,,,air,Potassium,32.8 nanograms per cubic meter,minimum,personal exposure monitoring,Finland,,Helinski,,,,,,
16299096,,1998-1999,,Environmental,Potassium,personal,238,,46,Subjects with disease:Cardiovascular Diseases,,Non-smoker,50-84 years (range),,,energy dispersive x-ray fluorescence,,,air,Potassium,882.6 nanograms per cubic meter,maximum,personal exposure monitoring,Finland,,Helinski,,,,,,
26629599,American Cancer Society Cancer Prevention Study II (ACS CPS-II),1982-2004,,Environmental,Potassium,,,,"445,860",Study subjects,,Current smoker|Former smoker|Non-smoker,56.6 years (mean),Both Males and Females,94% White,Cox proportional hazard models,,,,,,,,United States,,,,no correlation,Myocardial Ischemia,,,
27023119,,2012-2013,,Environmental,pyrene,,,,170,Subjects with disease:Hypertension,housewives,67% Non-smoker|33% Passive smoker,>=30 years (range),100% Females (Only),,gas chromatography-mass spectrometry,,98.0,hair,pyrene,37.5 nanograms per gram,median,,China,Shanxi Province,,,,,,,
27023119,,2012-2013,,Environmental,pyrene,,,,170,Subjects with disease:Hypertension,housewives,67% Non-smoker|33% Passive smoker,>=30 years (range),100% Females (Only),,gas chromatography-mass spectrometry,,98.0,hair,pyrene,17.7-65.3 nanograms per gram,interquartile range,,China,Shanxi Province,,,,,,,
27023119,,2012-2013,,Environmental,pyrene,,,,235,Controls for disease:Hypertension,housewives,61% Non-smoker|39% Passive smoker,>=30 years (range),100% Females (Only),,gas chromatography-mass spectrometry,,93.0,hair,pyrene,39.6 nanograms per gram,median,,China,Shanxi Province,,,,,,,
27023119,,2012-2013,,Environmental,pyrene,,,,235,Controls for disease:Hypertension,housewives,61% Non-smoker|39% Passive smoker,>=30 years (range),100% Females (Only),,gas chromatography-mass spectrometry,,93.0,hair,pyrene,21.3-74.6 nanograms per gram,interquartile range,,China,Shanxi Province,,,,,,,
29064788,Dongfeng-Tongji (DFTJ) Cohort,2008-2010,,Occupational,Rubidium,,,,"1,621",Controls for disease:Coronary Disease,employed at Dongfeng Motor Corporation,19% Current smoker|11% Former smoker|70% Never smoker,65.6 years (mean),49% Males (Only)|51% Females (Only),,inductively coupled plasma mass spectrometry,,,plasma,Rubidium,357.09 micrograms per liter,median,,China,,Shiyan,,,,,,
29064788,Dongfeng-Tongji (DFTJ) Cohort,2008-2010,,Occupational,Rubidium,,,,"1,621",Controls for disease:Coronary Disease,employed at Dongfeng Motor Corporation,19% Current smoker|11% Former smoker|70% Never smoker,65.6 years (mean),49% Males (Only)|51% Females (Only),,inductively coupled plasma mass spectrometry,,,plasma,Rubidium,318.22 micrograms per liter,25th percentile,,China,,Shiyan,,,,,,
29064788,Dongfeng-Tongji (DFTJ) Cohort,2008-2010,,Occupational,Rubidium,,,,"1,621",Controls for disease:Coronary Disease,employed at Dongfeng Motor Corporation,19% Current smoker|11% Former smoker|70% Never smoker,65.6 years (mean),49% Males (Only)|51% Females (Only),,inductively coupled plasma mass spectrometry,,,plasma,Rubidium,399.3 micrograms per liter,75th percentile,,China,,Shiyan,,,,,,
29064788,Dongfeng-Tongji (DFTJ) Cohort,2008-2010,,Occupational,Rubidium,,,,"1,621",Subjects with disease:Coronary Disease,employed at Dongfeng Motor Corporation,21% Current smoker|13% Former smoker|66% Never smoker,65.7 years (mean),49% Males (Only)|51% Females (Only),,inductively coupled plasma mass spectrometry,,,plasma,Rubidium,354.91 micrograms per liter,median,,China,,Shiyan,,,,,,
29064788,Dongfeng-Tongji (DFTJ) Cohort,2008-2010,,Occupational,Rubidium,,,,"1,621",Subjects with disease:Coronary Disease,employed at Dongfeng Motor Corporation,21% Current smoker|13% Former smoker|66% Never smoker,65.7 years (mean),49% Males (Only)|51% Females (Only),,inductively coupled plasma mass spectrometry,,,plasma,Rubidium,315.48 micrograms per liter,25th percentile,,China,,Shiyan,,,,,,
29064788,Dongfeng-Tongji (DFTJ) Cohort,2008-2010,,Occupational,Rubidium,,,,"1,621",Subjects with disease:Coronary Disease,employed at Dongfeng Motor Corporation,21% Current smoker|13% Former smoker|66% Never smoker,65.7 years (mean),49% Males (Only)|51% Females (Only),,inductively coupled plasma mass spectrometry,,,plasma,Rubidium,400.34 micrograms per liter,75th percentile,,China,,Shiyan,,,,,,
25867198,,2013-2014,,Environmental,Selenium,,,,142,Controls for disease:Hypertension,,,50-75 years (range),100% Males (Only),,inductively coupled argon plasma optical emission spectrometry,,,serum,Selenium,105.7 micrograms per liter,arithmetic mean,,Poland,,,,,,,,
25867198,,2013-2014,,Environmental,Selenium,,,,142,Controls for disease:Hypertension,,,50-75 years (range),100% Males (Only),,inductively coupled argon plasma optical emission spectrometry,,,serum,Selenium,105 micrograms per liter,median,,Poland,,,,,,,,
25867198,,2013-2014,,Environmental,Selenium,,,,142,Controls for disease:Hypertension,,,50-75 years (range),100% Males (Only),,inductively coupled argon plasma optical emission spectrometry,,,serum,Selenium,74.2 micrograms per liter,minimum,,Poland,,,,,,,,
25867198,,2013-2014,,Environmental,Selenium,,,,142,Controls for disease:Hypertension,,,50-75 years (range),100% Males (Only),,inductively coupled argon plasma optical emission spectrometry,,,serum,Selenium,136 micrograms per liter,maximum,,Poland,,,,,,,,
25867198,,2013-2014,,Environmental,Selenium,,,,171,Subjects with disease:Hypertension,,,50-75 years (range),100% Males (Only),,inductively coupled argon plasma optical emission spectrometry,,,serum,Selenium,105.6 micrograms per liter,arithmetic mean,,Poland,,,,,,,,
25867198,,2013-2014,,Environmental,Selenium,,,,171,Subjects with disease:Hypertension,,,50-75 years (range),100% Males (Only),,inductively coupled argon plasma optical emission spectrometry,,,serum,Selenium,104.5 micrograms per liter,median,,Poland,,,,,,,,
25867198,,2013-2014,,Environmental,Selenium,,,,171,Subjects with disease:Hypertension,,,50-75 years (range),100% Males (Only),,inductively coupled argon plasma optical emission spectrometry,,,serum,Selenium,49.7 micrograms per liter,minimum,,Poland,,,,,,,,
25867198,,2013-2014,,Environmental,Selenium,,,,171,Subjects with disease:Hypertension,,,50-75 years (range),100% Males (Only),,inductively coupled argon plasma optical emission spectrometry,,,serum,Selenium,170 micrograms per liter,maximum,,Poland,,,,,,,,
26629599,American Cancer Society Cancer Prevention Study II (ACS CPS-II),1982-2004,,Environmental,Selenium,,,,"445,860",Study subjects,,Current smoker|Former smoker|Non-smoker,56.6 years (mean),Both Males and Females,94% White,Cox proportional hazard models,,,,,,,,United States,,,,positive correlation,Myocardial Ischemia,,,
29064788,Dongfeng-Tongji (DFTJ) Cohort,2008-2010,,Occupational,Selenium,,,,"1,621",Controls for disease:Coronary Disease,employed at Dongfeng Motor Corporation,19% Current smoker|11% Former smoker|70% Never smoker,65.6 years (mean),49% Males (Only)|51% Females (Only),,inductively coupled plasma mass spectrometry,,,plasma,Selenium,67.48 micrograms per liter,median,,China,,Shiyan,,,,,,
29064788,Dongfeng-Tongji (DFTJ) Cohort,2008-2010,,Occupational,Selenium,,,,"1,621",Controls for disease:Coronary Disease,employed at Dongfeng Motor Corporation,19% Current smoker|11% Former smoker|70% Never smoker,65.6 years (mean),49% Males (Only)|51% Females (Only),,inductively coupled plasma mass spectrometry,,,plasma,Selenium,57.67 micrograms per liter,25th percentile,,China,,Shiyan,,,,,,
29064788,Dongfeng-Tongji (DFTJ) Cohort,2008-2010,,Occupational,Selenium,,,,"1,621",Controls for disease:Coronary Disease,employed at Dongfeng Motor Corporation,19% Current smoker|11% Former smoker|70% Never smoker,65.6 years (mean),49% Males (Only)|51% Females (Only),,inductively coupled plasma mass spectrometry,,,plasma,Selenium,78.69 micrograms per liter,75th percentile,,China,,Shiyan,,,,,,
29064788,Dongfeng-Tongji (DFTJ) Cohort,2008-2010,,Occupational,Selenium,,,,"1,621",Subjects with disease:Coronary Disease,employed at Dongfeng Motor Corporation,21% Current smoker|13% Former smoker|66% Never smoker,65.7 years (mean),49% Males (Only)|51% Females (Only),,inductively coupled plasma mass spectrometry,,,plasma,Selenium,65.85 micrograms per liter,median,,China,,Shiyan,,,,,,
29064788,Dongfeng-Tongji (DFTJ) Cohort,2008-2010,,Occupational,Selenium,,,,"1,621",Subjects with disease:Coronary Disease,employed at Dongfeng Motor Corporation,21% Current smoker|13% Former smoker|66% Never smoker,65.7 years (mean),49% Males (Only)|51% Females (Only),,inductively coupled plasma mass spectrometry,,,plasma,Selenium,56.88 micrograms per liter,25th percentile,,China,,Shiyan,,,,,,
29064788,Dongfeng-Tongji (DFTJ) Cohort,2008-2010,,Occupational,Selenium,,,,"1,621",Subjects with disease:Coronary Disease,employed at Dongfeng Motor Corporation,21% Current smoker|13% Former smoker|66% Never smoker,65.7 years (mean),49% Males (Only)|51% Females (Only),,inductively coupled plasma mass spectrometry,,,plasma,Selenium,76.87 micrograms per liter,75th percentile,,China,,Shiyan,,,,,,
29064788,Dongfeng-Tongji (DFTJ) Cohort,2008-2010,,Occupational,Selenium,,,,"3,242",Study subjects,"mix of 1,621 subjects and 1,621 controls for Coronary Disease, employed at Dongfeng Motor Corporation",21% Current smoker|13% Former smoker|66% Never smoker,65.7 years (mean),49% Males (Only)|51% Females (Only),,conditional logistic regression analysis,,,,,,,,China,,Shiyan,,negative correlation,Coronary Disease,,,"odds ratio = 0.67 (95% CI: 0.52, 0.85; p-trend=0.001)"
21193387,,2002-2004,,Environmental,Silicon,"Air Pollutants, Traffic Pollution",,,,,,,,,,energy dispersive x-ray fluorescence | filter sampling | reflectometry,,,air,Silicon,,,,United States,Washingtom,Seattle,"Particulate Matter <= 2.5 microns, cold season",positive correlation,Cardiovascular Diseases,,,
16299096,,1998-1999,,Environmental,Silicon,personal,225,,36,Subjects with disease:Cardiovascular Diseases,,Non-smoker,50-84 years (range),,,energy dispersive x-ray fluorescence,,,air,Silicon,29.7 nanograms per cubic meter,median,personal exposure monitoring,Netherlands,,Amsterdam,,,,,,
16299096,,1998-1999,,Environmental,Silicon,personal,225,,36,Subjects with disease:Cardiovascular Diseases,,Non-smoker,50-84 years (range),,,energy dispersive x-ray fluorescence,,,air,Silicon,10.6 nanograms per cubic meter,minimum,personal exposure monitoring,Netherlands,,Amsterdam,,,,,,
16299096,,1998-1999,,Environmental,Silicon,personal,225,,36,Subjects with disease:Cardiovascular Diseases,,Non-smoker,50-84 years (range),,,energy dispersive x-ray fluorescence,,,air,Silicon,4174.7 nanograms per cubic meter,maximum,personal exposure monitoring,Netherlands,,Amsterdam,,,,,,
16299096,,1998-1999,,Environmental,Silicon,personal,238,,46,Subjects with disease:Cardiovascular Diseases,,Non-smoker,50-84 years (range),,,energy dispersive x-ray fluorescence,,,air,Silicon,79.5 nanograms per cubic meter,median,personal exposure monitoring,Finland,,Helinski,,,,,,
16299096,,1998-1999,,Environmental,Silicon,personal,238,,46,Subjects with disease:Cardiovascular Diseases,,Non-smoker,50-84 years (range),,,energy dispersive x-ray fluorescence,,,air,Silicon,26.4 nanograms per cubic meter,minimum,personal exposure monitoring,Finland,,Helinski,,,,,,
16299096,,1998-1999,,Environmental,Silicon,personal,238,,46,Subjects with disease:Cardiovascular Diseases,,Non-smoker,50-84 years (range),,,energy dispersive x-ray fluorescence,,,air,Silicon,585.2 nanograms per cubic meter,maximum,personal exposure monitoring,Finland,,Helinski,,,,,,
23641873,Multi-Ethnic Study of Atherosclerosis (MESA),2000-2002,,Environmental,Silicon,,,,"6,256",Study subjects,,13% Current smoker|37% Former smoker|50% Never smoker,62 years (mean),48% Males (Only)|53% Females (Only),27% Black|12% Chinese|22% Hispanic|39% White,multiple linear regression analysis,,,,,,,,United States,California,Los Angeles,,no correlation,Atherosclerosis,,,
26629599,American Cancer Society Cancer Prevention Study II (ACS CPS-II),1982-2004,,Environmental,Silicon,,,,"445,860",Study subjects,,Current smoker|Former smoker|Non-smoker,56.6 years (mean),Both Males and Females,94% White,Cox proportional hazard models,,,,,,,,United States,,,,no correlation,Myocardial Ischemia,,,
26596772,,2010-2013,,Environmental|Occupational|Residential,Silicon Dioxide,,,,49,Subjects with disease:Granulomatosis with Polyangiitis,,,64.9 years (mean),Both Males and Females,,structured questionnaire to identify environmental factors,,,,,,,,New Zealand,Canterbury,,,positive correlation,Granulomatosis with Polyangiitis,,,
26596772,,2010-2013,,Environmental|Occupational|Residential,Silicon Dioxide,,,,196,Controls for disease:Granulomatosis with Polyangiitis,,,65.1 years (mean),Both Males and Females,,structured questionnaire to identify environmental factors,,,,,,,,New Zealand,Canterbury,,,,,,,
12842775,,1952-1953,,Environmental,Smog,,,,,Study subjects,,,,Both Males and Females,,"data analysis, autopsy records | histopathologic and microanalytic tissue examination",,,,,,,,United Kingdom,,London,,positive correlation,Heart Diseases,,,
25491235,,1996-2007,,Environmental,Smoke,forest fires,,,"4,060,000",Study subjects,population of Syndney at 2001 census,,,,,Emergency Department Data Collection | time-stratified case-crossover design and conditional logistic regression models,,,"air, ambient",Particulate Matter,,,,Australia,,Sydney,,positive correlation,Myocardial Ischemia,,,"associated with hospital emergency department attendances for ischemic heart disease at a lag of two days, OR = 1.07 (95% CI: 1.01, 1.15)"
25491235,,1996-2007,,Environmental,Smoke,forest fires,,,"4,060,000",Study subjects,population of Syndney at 2001 census,,,,,Emergency Department Data Collection | time-stratified case-crossover design and conditional logistic regression models,,,"air, ambient",Particulate Matter,,,,Australia,,Sydney,,positive correlation,Heart Failure,,,"associated with hospital emergency department attendances for heart failure at a lag of two days, OR = 1.37 (95% CI: 1.05, 1.78), for 15-65 year age group"
25491235,,1996-2007,,Environmental,Smoke,forest fires,,,"4,060,000",Study subjects,population of Syndney at 2001 census,,,,,Emergency Department Data Collection | time-stratified case-crossover design and conditional logistic regression models,,,"air, ambient",Air Pollutants,,,,Australia,,Sydney,,positive correlation,Myocardial Ischemia,,,"associated with hospital emergency department attendances for ischemic heart disease at a lag of two days, OR = 1.07 (95% CI: 1.01, 1.15)"
25491235,,1996-2007,,Environmental,Smoke,forest fires,,,"4,060,000",Study subjects,population of Syndney at 2001 census,,,,,Emergency Department Data Collection | time-stratified case-crossover design and conditional logistic regression models,,,"air, ambient",Air Pollutants,,,,Australia,,Sydney,,positive correlation,Heart Failure,,,"associated with hospital emergency department attendances for heart failure at a lag of two days, OR = 1.37 (95% CI: 1.05, 1.78), for 15-65 year age group"
18288318,Netherlands Cohort Study on Diet and Cancer (NLCS),1987-1996,,Environmental,Smoke,traffic pollution,"117,528",,,,,,,,,,,,,,,,,Netherlands,,,,positive correlation,Cardiovascular Diseases,,,
26717218,,2006-2009,disease,Environmental,Smoke,,,,"15,964",Subjects with disease:Myocardial Infarction,,,63 years (mean),Both Males and Females,,air monitoring,,,air,Smoke,11.6 micrograms per cubic meter,mean,,Belgium,,,,,,,,
26717218,,2006-2009,disease,Environmental,Smoke,,,,"15,964",Subjects with disease:Myocardial Infarction,,,63 years (mean),Both Males and Females,,air monitoring,,,air,Smoke,5.1 micrograms per cubic meter,minimum,,Belgium,,,,,,,,
26717218,,2006-2009,disease,Environmental,Smoke,,,,"15,964",Subjects with disease:Myocardial Infarction,,,63 years (mean),Both Males and Females,,air monitoring,,,air,Smoke,79.7 micrograms per cubic meter,maximum,,Belgium,,,,,,,,
14754572,,1980-1996,,Environmental,Smoke,,,,,Study subjects,,,,,,,,,,,,,,Ireland,,Dublin,same and subsequent days after exposure,positive correlation,Cardiovascular Diseases,,,
26629599,American Cancer Society Cancer Prevention Study II (ACS CPS-II),1982-2004,,Environmental,Soot,diesel traffic,,,"445,860",Study subjects,,Current smoker|Former smoker|Non-smoker,56.6 years (mean),Both Males and Females,94% White,Cox proportional hazard models,,,,,,,,United States,,,,positive correlation,Myocardial Ischemia,,,
31663781,Cardiovascular Effects of Air pollution and Noise Study (CEANS) | GOT-MONICA Cohort | Primary Prevention Study (PPS) | Vasterbotten Intervention Programme (VIP),1990-2011,,Environmental,Soot,traffic exhaust,,,"114,758",Study subjects,,,9-92 years (range),,,Cox proportional hazard models and stratified Cox regression,,,,,,,,Sweden,,"Gothenburg, Stockholm, Umea",,positive correlation,Stroke,,,"traffic exhaust black carbon exposure was associated with 4.1% per 0.26 mg per cubic meter higher risk of incident stroke (95% CI: 1.0, 7.4)"
31663781,Cardiovascular Effects of Air pollution and Noise Study (CEANS) | GOT-MONICA Cohort | Primary Prevention Study (PPS) | Vasterbotten Intervention Programme (VIP),1990-2011,,Environmental,Soot,traffic exhaust and residential heating,,,"114,758",Study subjects,,,9-92 years (range),,,Cox proportional hazard models and stratified Cox regression,,,,,,,,Sweden,,"Gothenburg, Stockholm, Umea",,positive correlation,Stroke,,,"total black carbon exposure in concurrent calendar year was associated with 4.1% per 0.31 mg per cubic meter higher risk of incident stroke (95% CI: 0.4, 8)"
25564368,Cardiovascular Health and Air Pollution Study,,,Environmental,Soot,traffic-related air pollution,,elemental carbon,43,Subjects with disease:Coronary Artery Disease,,Non-smoker,84.7 years (mean),47% Males (Only)|54% Females (Only),2% Hispanic|98% White,,,,air,Soot,1.88 micrograms per cubic meter,mean,,United States,California,Los Angeles air basin,,,,,,
25564368,Cardiovascular Health and Air Pollution Study,,,Environmental,Soot,traffic-related air pollution,,elemental carbon,43,Subjects with disease:Coronary Artery Disease,,Non-smoker,84.7 years (mean),47% Males (Only)|54% Females (Only),2% Hispanic|98% White,,,,air,Soot,1.76 micrograms per cubic meter,median,,United States,California,Los Angeles air basin,,,,,,
25564368,Cardiovascular Health and Air Pollution Study,,,Environmental,Soot,traffic-related air pollution,,elemental carbon,43,Subjects with disease:Coronary Artery Disease,,Non-smoker,84.7 years (mean),47% Males (Only)|54% Females (Only),2% Hispanic|98% White,,,,air,Soot,0.91 micrograms per cubic meter,interquartile range,,United States,California,Los Angeles air basin,,,,,,
25564368,Cardiovascular Health and Air Pollution Study,,,Environmental,Soot,traffic-related air pollution,,elemental carbon,43,Subjects with disease:Coronary Artery Disease,,Non-smoker,84.7 years (mean),47% Males (Only)|54% Females (Only),2% Hispanic|98% White,,,,air,Soot,0.5 micrograms per cubic meter,minimum,,United States,California,Los Angeles air basin,,,,,,
25564368,Cardiovascular Health and Air Pollution Study,,,Environmental,Soot,traffic-related air pollution,,elemental carbon,43,Subjects with disease:Coronary Artery Disease,,Non-smoker,84.7 years (mean),47% Males (Only)|54% Females (Only),2% Hispanic|98% White,,,,air,Soot,4.51 micrograms per cubic meter,maximum,,United States,California,Los Angeles air basin,,,,,,
25564368,Cardiovascular Health and Air Pollution Study,,,Environmental,Soot,traffic-related air pollution,,,43,Subjects with disease:Coronary Artery Disease,,Non-smoker,84.7 years (mean),47% Males (Only)|54% Females (Only),2% Hispanic|98% White,linear mixed-effects regression models,,,blood,NFE2L2,,,,United States,California,Los Angeles air basin,,positive correlation,,increased gene expression,Blood,
25564368,Cardiovascular Health and Air Pollution Study,,,Environmental,Soot,traffic-related air pollution,,,43,Subjects with disease:Coronary Artery Disease,,Non-smoker,84.7 years (mean),47% Males (Only)|54% Females (Only),2% Hispanic|98% White,linear mixed-effects regression models,,,blood,HMOX1,,,,United States,California,Los Angeles air basin,,positive correlation,,increased gene expression,Blood,
25564368,Cardiovascular Health and Air Pollution Study,,,Environmental,Soot,traffic-related air pollution,,,43,Subjects with disease:Coronary Artery Disease,,Non-smoker,84.7 years (mean),47% Males (Only)|54% Females (Only),2% Hispanic|98% White,linear mixed-effects regression models,,,blood,NQO1,,,,United States,California,Los Angeles air basin,,positive correlation,,increased gene expression,Blood,
25564368,Cardiovascular Health and Air Pollution Study,,,Environmental,Soot,traffic-related air pollution,,,43,Subjects with disease:Coronary Artery Disease,,Non-smoker,84.7 years (mean),47% Males (Only)|54% Females (Only),2% Hispanic|98% White,linear mixed-effects regression models,,,blood,SOD2,,,,United States,California,Los Angeles air basin,,positive correlation,,increased gene expression,Blood,
23717615,,,genetics,Environmental,Soot,traffic-related air pollution,,,60,Subjects with disease:Coronary Artery Disease,,100% Non-smoker,>65 years (range),,,air monitoring,,,air,Soot,1.68 micrograms per cubic meter,mean,daily averages of 47 weeks of air monitoring,United States,California,Los Angeles air basin,,,,,,
23717615,,,genetics,Environmental,Soot,traffic-related air pollution,,,60,Subjects with disease:Coronary Artery Disease,,100% Non-smoker,>65 years (range),,,air monitoring,,,air,Soot,1.57 micrograms per cubic meter,median,daily averages of 47 weeks of air monitoring,United States,California,Los Angeles air basin,,,,,,
23717615,,,genetics,Environmental,Soot,traffic-related air pollution,,,60,Subjects with disease:Coronary Artery Disease,,100% Non-smoker,>65 years (range),,,air monitoring,,,air,Soot,0.99 micrograms per cubic meter,interquartile range,daily averages of 47 weeks of air monitoring,United States,California,Los Angeles air basin,,,,,,
23717615,,,genetics,Environmental,Soot,traffic-related air pollution,,,60,Subjects with disease:Coronary Artery Disease,,100% Non-smoker,>65 years (range),,,air monitoring,,,air,Soot,0.3 micrograms per cubic meter,minimum,daily averages of 47 weeks of air monitoring,United States,California,Los Angeles air basin,,,,,,
23717615,,,genetics,Environmental,Soot,traffic-related air pollution,,,60,Subjects with disease:Coronary Artery Disease,,100% Non-smoker,>65 years (range),,,air monitoring,,,air,Soot,5.11 micrograms per cubic meter,maximum,daily averages of 47 weeks of air monitoring,United States,California,Los Angeles air basin,,,,,,
23717615,,,genetics,Environmental,Soot,traffic-related air pollution,,,60,Subjects with disease:Coronary Artery Disease,,100% Non-smoker,>65 years (range),,,mixed-effect models,,,,,,,,United States,California,Los Angeles air basin,,positive correlation,,increased inflammatory response,Plasma,"Increases in Black Carbon were associated with increases in IL6 and TNFa, biomarkers of inflammation, with stronger associations in subjects with mitochondrial haplogroup H than U"
26047618,Denver Aerosol Sources and Health (DASH) Study,2003-2007,,Environmental,Soot,,,elemental carbon,,Study subjects,,,,,,generalized additive models | regression analysis,,,,,,,,United States,Colorado,Denver,,positive correlation,Myocardial Ischemia,,,"RR = 1.10 (95% CI: 1.01, 1.20)"
22336131,Normative Aging Study (NAS),2000-2008,disease,Environmental,Soot,,,,213,Subjects with disease:Coronary Disease,those with coronary heart disease over the study period,,,Males (Only),,multiplexing technology,,,serum,IL6,,,,United States,Massachusetts,,,positive correlation,,increased interleukin-6 production,Serum,
22336131,Normative Aging Study (NAS),2000-2008,disease,Environmental,Soot,,,,213,Subjects with disease:Coronary Disease,those with coronary heart disease over the study period,,,Males (Only),,multiplexing technology,,,serum,VEGFA,,,,United States,Massachusetts,,,positive correlation,,increased vascular endothelial growth factor production,Serum,
22336131,Normative Aging Study (NAS),2000-2008,disease,Environmental,Soot,,,,213,Subjects with disease:Coronary Disease,those with coronary heart disease over the study period,,,Males (Only),,multiplexing technology,,,serum,TNF,,,,United States,Massachusetts,,,positive correlation,,increased tumor necrosis factor production,Serum,
22336131,Normative Aging Study (NAS),2000-2008,disease,Environmental,Soot,,,,213,Subjects with disease:Coronary Disease,those with coronary heart disease over the study period,,,Males (Only),,,,,,,,,,United States,Massachusetts,,,positive correlation,Inflammation,,,
22336131,Normative Aging Study (NAS),2000-2008,disease,Environmental,Soot,,,,213,Subjects with disease:Coronary Disease,those with coronary heart disease over the study period,,,Males (Only),,,,,,,,,,United States,Massachusetts,,,positive correlation,,increased cytokine production involved in inflammatory response,Serum,
23641873,Multi-Ethnic Study of Atherosclerosis (MESA),2000-2002,,Environmental,Soot,,,,"6,256",Study subjects,,13% Current smoker|37% Former smoker|50% Never smoker,62 years (mean),48% Males (Only)|53% Females (Only),27% Black|12% Chinese|22% Hispanic|39% White,multiple linear regression analysis,,,,,,,,United States,North Carolina,Winston-Salem,,prediction/hypothesis,Atherosclerosis,,,associated with measures of subclinical atherosclerosis
21081301,,1994-1998,,Environmental,Soot,,,,"418,826",Study subjects,,,58.9 years (mean),Both Males and Females,,particle soot absorption photometry,,,air,Soot,,,,Canada,Vancouver,,British Columbia,positive correlation,Coronary Disease,,,
22336131,Normative Aging Study (NAS),2000-2008,disease,Environmental,Soot,,,,,Subjects with disease:Coronary Disease,,Current smoker|Former smoker|Never smoker,73 years (mean),Males (Only),,biomarker quantitation by luminex multiplex detection system | estimated Soot exposure by spatiotemporal land-use regression model,,,,Soot,,,,United States,Massachusetts,,,positive correlation,,abnormal regulation of gene expression,Serum,"positive association with markers of inflammation VEGF, IL6, TNF"
33870008,Bangladesh Global Environmental and Occupational Health Project (GEO Health),,,Environmental|Residential,Soot,household air pollutants,,,200,Study subjects,used biomass fuel for cooking,100% Non-smoker,38 years (mean),100% Females (Only),,logistic regression analysis | peripheral arterial tonometry,,,,,,,,Bangladesh,,,,no correlation,Hyperemia,,,No statistically significant association was observed for logarithm of reactive hyperemia index with Black Carbon after adjusting for potential covariates
22811060,National Birth Defects Prevention Study (NBDPS),1997-2002,,Environmental,Stoddard solvent,,,,146,Fetuses,maternal occupational exposure,,,,,literature-based approach,,,,,,,,United States,,,,positive correlation,"Transposition of the Great Arteries, Dextro-Looped 1",,,"OR = 2.0 (95% CI: 1.0, 4.2)"
22811060,National Birth Defects Prevention Study (NBDPS),1997-2002,,Environmental,Stoddard solvent,,,,146,Fetuses,maternal occupational exposure,,,,,literature-based approach,,,,,,,,United States,,,,positive correlation,Ventricular Outflow Obstruction,,,"OR = 1.9 (95% CI: 1.1, 3.3)"
22811060,National Birth Defects Prevention Study (NBDPS),1997-2002,,Environmental,Stoddard solvent,,,,146,Fetuses,maternal occupational exposure,,,,,literature-based approach,,,,,,,,United States,,,,positive correlation,Pulmonary Valve Stenosis,,,"OR = 2.1 (95% CI: 1.1, 3.8)"
29064788,Dongfeng-Tongji (DFTJ) Cohort,2008-2010,,Occupational,Strontium,,,,"1,621",Controls for disease:Coronary Disease,employed at Dongfeng Motor Corporation,19% Current smoker|11% Former smoker|70% Never smoker,65.6 years (mean),49% Males (Only)|51% Females (Only),,inductively coupled plasma mass spectrometry,,,plasma,Strontium,35.91 micrograms per liter,median,,China,,Shiyan,,,,,,
29064788,Dongfeng-Tongji (DFTJ) Cohort,2008-2010,,Occupational,Strontium,,,,"1,621",Controls for disease:Coronary Disease,employed at Dongfeng Motor Corporation,19% Current smoker|11% Former smoker|70% Never smoker,65.6 years (mean),49% Males (Only)|51% Females (Only),,inductively coupled plasma mass spectrometry,,,plasma,Strontium,30.12 micrograms per liter,25th percentile,,China,,Shiyan,,,,,,
29064788,Dongfeng-Tongji (DFTJ) Cohort,2008-2010,,Occupational,Strontium,,,,"1,621",Controls for disease:Coronary Disease,employed at Dongfeng Motor Corporation,19% Current smoker|11% Former smoker|70% Never smoker,65.6 years (mean),49% Males (Only)|51% Females (Only),,inductively coupled plasma mass spectrometry,,,plasma,Strontium,42.31 micrograms per liter,75th percentile,,China,,Shiyan,,,,,,
29064788,Dongfeng-Tongji (DFTJ) Cohort,2008-2010,,Occupational,Strontium,,,,"1,621",Subjects with disease:Coronary Disease,employed at Dongfeng Motor Corporation,21% Current smoker|13% Former smoker|66% Never smoker,65.7 years (mean),49% Males (Only)|51% Females (Only),,inductively coupled plasma mass spectrometry,,,plasma,Strontium,36.67 micrograms per liter,median,,China,,Shiyan,,,,,,
29064788,Dongfeng-Tongji (DFTJ) Cohort,2008-2010,,Occupational,Strontium,,,,"1,621",Subjects with disease:Coronary Disease,employed at Dongfeng Motor Corporation,21% Current smoker|13% Former smoker|66% Never smoker,65.7 years (mean),49% Males (Only)|51% Females (Only),,inductively coupled plasma mass spectrometry,,,plasma,Strontium,30.66 micrograms per liter,25th percentile,,China,,Shiyan,,,,,,
29064788,Dongfeng-Tongji (DFTJ) Cohort,2008-2010,,Occupational,Strontium,,,,"1,621",Subjects with disease:Coronary Disease,employed at Dongfeng Motor Corporation,21% Current smoker|13% Former smoker|66% Never smoker,65.7 years (mean),49% Males (Only)|51% Females (Only),,inductively coupled plasma mass spectrometry,,,plasma,Strontium,44.08 micrograms per liter,75th percentile,,China,,Shiyan,,,,,,
20595912,,1999-2000,,Environmental,Sulfates,traffic pollution,,,12,Subjects with disease:Myocardial Infarction,111 personal exposures,,,,,personal exposure monitoring,,,air,Sulfates,2.68 micrograms per cubic meter,mean,,United States,Georgia,Atlanta,,,,,,
20595912,,1999-2000,,Environmental,Sulfates,traffic pollution,,,12,Subjects with disease:Myocardial Infarction,111 personal exposures,,,,,personal exposure monitoring,,,air,Sulfates,2.43 micrograms per cubic meter,50th percentile,,United States,Georgia,Atlanta,,,,,,
20595912,,1999-2000,,Environmental,Sulfates,traffic pollution,,,12,Subjects with disease:Myocardial Infarction,111 personal exposures,,,,,personal exposure monitoring,,,air,Sulfates,1.98 micrograms per cubic meter,interquartile range,,United States,Georgia,Atlanta,,,,,,
20595912,,1999-2000,,Environmental,Sulfates,traffic pollution,,,30,Subjects with disease:Myocardial Infarction,265 personal exposures,,,,,personal exposure monitoring,,,air,Sulfates,2.73 micrograms per cubic meter,mean,,United States,Georgia,Atlanta,,,,,,
20595912,,1999-2000,,Environmental,Sulfates,traffic pollution,,,30,Subjects with disease:Myocardial Infarction,265 personal exposures,,,,,personal exposure monitoring,,,air,Sulfates,2.5 micrograms per cubic meter,50th percentile,,United States,Georgia,Atlanta,,,,,,
20595912,,1999-2000,,Environmental,Sulfates,traffic pollution,,,30,Subjects with disease:Myocardial Infarction,265 personal exposures,,,,,personal exposure monitoring,,,air,Sulfates,1.81 micrograms per cubic meter,interquartile range,,United States,Georgia,Atlanta,,,,,,
20595912,,1999-2000,,Environmental,Sulfates,traffic pollution,,,169,Subjects with disease:Myocardial Infarction,154 personal exposures,,,,,personal exposure monitoring,,,air,Sulfates,2.76 micrograms per cubic meter,mean,,United States,Georgia,Atlanta,,,,,,
20595912,,1999-2000,,Environmental,Sulfates,traffic pollution,,,169,Subjects with disease:Myocardial Infarction,154 personal exposures,,,,,personal exposure monitoring,,,air,Sulfates,2.55 micrograms per cubic meter,50th percentile,,United States,Georgia,Atlanta,,,,,,
20595912,,1999-2000,,Environmental,Sulfates,traffic pollution,,,169,Subjects with disease:Myocardial Infarction,154 personal exposures,,,,,personal exposure monitoring,,,air,Sulfates,1.7 micrograms per cubic meter,interquartile range,,United States,Georgia,Atlanta,,,,,,
26047618,Denver Aerosol Sources and Health (DASH) Study,2003-2007,,Environmental,Sulfates,,,,,Study subjects,,,,,,generalized additive models | regression analysis,,,,,,,,United States,Colorado,Denver,,positive correlation,Myocardial Ischemia,,,"RR = 1.02 (95% CI: 0.97, 1.07)"
21193387,,2002-2004,,Environmental,Sulfur,"Air Pollutants, Traffic Pollution",,,,,,,,,,energy dispersive x-ray fluorescence | filter sampling | reflectometry,,,air,Sulfur,,,,United States,Washingtom,Seattle,"Particulate Matter <= 2.5 microns, cold season",positive correlation,Cardiovascular Diseases,,,
21193387,,2002-2004,,Environmental,Sulfur,"Air Pollutants, Traffic Pollution",,,,,,,,,,energy dispersive x-ray fluorescence | filter sampling | reflectometry,,,air,Sulfur,,,,United States,Michigan,Detroit,"Particulate Matter <= 2.5 microns, Warm Season",positive correlation,Cardiovascular Diseases,,,
16299096,,1998-1999,,Environmental,Sulfur,personal,225,,36,Subjects with disease:Cardiovascular Diseases,,Non-smoker,50-84 years (range),,,energy dispersive x-ray fluorescence,,,air,Sulfur,912.3 nanograms per cubic meter,median,personal exposure monitoring,Netherlands,,Amsterdam,,,,,,
16299096,,1998-1999,,Environmental,Sulfur,personal,225,,36,Subjects with disease:Cardiovascular Diseases,,Non-smoker,50-84 years (range),,,energy dispersive x-ray fluorescence,,,air,Sulfur,121.4 nanograms per cubic meter,minimum,personal exposure monitoring,Netherlands,,Amsterdam,,,,,,
16299096,,1998-1999,,Environmental,Sulfur,personal,225,,36,Subjects with disease:Cardiovascular Diseases,,Non-smoker,50-84 years (range),,,energy dispersive x-ray fluorescence,,,air,Sulfur,4618.9 nanograms per cubic meter,maximum,personal exposure monitoring,Netherlands,,Amsterdam,,,,,,
16299096,,1998-1999,,Environmental,Sulfur,personal,238,,46,Subjects with disease:Cardiovascular Diseases,,Non-smoker,50-84 years (range),,,energy dispersive x-ray fluorescence,,,air,Sulfur,605.3 nanograms per cubic meter,median,personal exposure monitoring,Finland,,Helinski,,,,,,
16299096,,1998-1999,,Environmental,Sulfur,personal,238,,46,Subjects with disease:Cardiovascular Diseases,,Non-smoker,50-84 years (range),,,energy dispersive x-ray fluorescence,,,air,Sulfur,122.9 nanograms per cubic meter,minimum,personal exposure monitoring,Finland,,Helinski,,,,,,
16299096,,1998-1999,,Environmental,Sulfur,personal,238,,46,Subjects with disease:Cardiovascular Diseases,,Non-smoker,50-84 years (range),,,energy dispersive x-ray fluorescence,,,air,Sulfur,2097.4 nanograms per cubic meter,maximum,personal exposure monitoring,Finland,,Helinski,,,,,,
23641873,Multi-Ethnic Study of Atherosclerosis (MESA),2000-2002,,Environmental,Sulfur,,,,"6,256",Study subjects,,13% Current smoker|37% Former smoker|50% Never smoker,62 years (mean),48% Males (Only)|53% Females (Only),27% Black|12% Chinese|22% Hispanic|39% White,multiple linear regression analysis,,,,,,,,United States,Maryland,Baltimore,,prediction/hypothesis,Atherosclerosis,,,associated with measures of subclinical atherosclerosis
26629599,American Cancer Society Cancer Prevention Study II (ACS CPS-II),1982-2004,,Environmental,Sulfur,,,,"445,860",Study subjects,,Current smoker|Former smoker|Non-smoker,56.6 years (mean),Both Males and Females,94% White,Cox proportional hazard models,,,,,,,,United States,,,,positive correlation,Myocardial Ischemia,,,
21356620,Air Pollution and Inflammatory Response in Myocardial Infarction Survivors: Gene-Environment Interaction in a High Risk Group (AIRGENE),2003-2004,,Environmental,Sulfur Dioxide,air pollution,,,200,Subjects with disease:Myocardial Infarction,,Current smoker|Former smoker|Never smoker,61.9 years (mean),Both Males and Females,,ELISA,,,plasma,PLA2G7,,,,Germany,,Augsburg,,,,,,
31898503,,2008-2014,age | sex,Environmental,Sulfur Dioxide,air pollution,,,"63,997",Subjects with disease:Ischemic Stroke,,,>=18 years (range),Both Males and Females,,"air monitoring, average from 9 sixed site monitors",,,air,Sulfur Dioxide,11.97 micrograms per cubic meter,mean,,China,,Shenzhen,,,,,,
31898503,,2008-2014,age | sex,Environmental,Sulfur Dioxide,air pollution,,,"63,997",Subjects with disease:Ischemic Stroke,,,>=18 years (range),Both Males and Females,,"air monitoring, average from 9 sixed site monitors",,,air,Sulfur Dioxide,2.95 micrograms per cubic meter,minimum,,China,,Shenzhen,,,,,,
31898503,,2008-2014,age | sex,Environmental,Sulfur Dioxide,air pollution,,,"63,997",Subjects with disease:Ischemic Stroke,,,>=18 years (range),Both Males and Females,,"air monitoring, average from 9 sixed site monitors",,,air,Sulfur Dioxide,3.71 micrograms per cubic meter,1st percentile,,China,,Shenzhen,,,,,,
31898503,,2008-2014,age | sex,Environmental,Sulfur Dioxide,air pollution,,,"63,997",Subjects with disease:Ischemic Stroke,,,>=18 years (range),Both Males and Females,,"air monitoring, average from 9 sixed site monitors",,,air,Sulfur Dioxide,4.74 micrograms per cubic meter,5th percentile,,China,,Shenzhen,,,,,,
31898503,,2008-2014,age | sex,Environmental,Sulfur Dioxide,air pollution,,,"63,997",Subjects with disease:Ischemic Stroke,,,>=18 years (range),Both Males and Females,,"air monitoring, average from 9 sixed site monitors",,,air,Sulfur Dioxide,5.61 micrograms per cubic meter,10th percentile,,China,,Shenzhen,,,,,,
31898503,,2008-2014,age | sex,Environmental,Sulfur Dioxide,air pollution,,,"63,997",Subjects with disease:Ischemic Stroke,,,>=18 years (range),Both Males and Females,,"air monitoring, average from 9 sixed site monitors",,,air,Sulfur Dioxide,7.35 micrograms per cubic meter,25th percentile,,China,,Shenzhen,,,,,,
31898503,,2008-2014,age | sex,Environmental,Sulfur Dioxide,air pollution,,,"63,997",Subjects with disease:Ischemic Stroke,,,>=18 years (range),Both Males and Females,,"air monitoring, average from 9 sixed site monitors",,,air,Sulfur Dioxide,10.06 micrograms per cubic meter,50th percentile,,China,,Shenzhen,,,,,,
31898503,,2008-2014,age | sex,Environmental,Sulfur Dioxide,air pollution,,,"63,997",Subjects with disease:Ischemic Stroke,,,>=18 years (range),Both Males and Females,,"air monitoring, average from 9 sixed site monitors",,,air,Sulfur Dioxide,14.44 micrograms per cubic meter,75th percentile,,China,,Shenzhen,,,,,,
31898503,,2008-2014,age | sex,Environmental,Sulfur Dioxide,air pollution,,,"63,997",Subjects with disease:Ischemic Stroke,,,>=18 years (range),Both Males and Females,,"air monitoring, average from 9 sixed site monitors",,,air,Sulfur Dioxide,20.35 micrograms per cubic meter,90th percentile,,China,,Shenzhen,,,,,,
31898503,,2008-2014,age | sex,Environmental,Sulfur Dioxide,air pollution,,,"63,997",Subjects with disease:Ischemic Stroke,,,>=18 years (range),Both Males and Females,,"air monitoring, average from 9 sixed site monitors",,,air,Sulfur Dioxide,25.5 micrograms per cubic meter,95th percentile,,China,,Shenzhen,,,,,,
31898503,,2008-2014,age | sex,Environmental,Sulfur Dioxide,air pollution,,,"63,997",Subjects with disease:Ischemic Stroke,,,>=18 years (range),Both Males and Females,,"air monitoring, average from 9 sixed site monitors",,,air,Sulfur Dioxide,37.86 micrograms per cubic meter,99th percentile,,China,,Shenzhen,,,,,,
31898503,,2008-2014,age | sex,Environmental,Sulfur Dioxide,air pollution,,,"63,997",Subjects with disease:Ischemic Stroke,,,>=18 years (range),Both Males and Females,,"air monitoring, average from 9 sixed site monitors",,,air,Sulfur Dioxide,70.63 micrograms per cubic meter,maximum,,China,,Shenzhen,,,,,,
31898503,,2008-2014,age | sex,Environmental,Sulfur Dioxide,air pollution,,,"63,997",Subjects with disease:Ischemic Stroke,,,>=18 years (range),Both Males and Females,,"air monitoring, average from 9 sixed site monitors",,,air,Sulfur Dioxide,7.09 micrograms per cubic meter,interquartile range,,China,,Shenzhen,,,,,,
31898503,,2008-2014,age | sex,Environmental,Sulfur Dioxide,air pollution,,,"63,997",Subjects with disease:Ischemic Stroke,,,>=18 years (range),Both Males and Females,,"air monitoring, average from 9 sixed site monitors",,,,,,,,China,,Shenzhen,,positive correlation,Ischemic Stroke,,,"relative risk value and 95% CI: 1.50 (1.22, 1.84) (99th vs median) at 0-12 lag days"
25760161,,1999-2004,,Environmental,Sulfur Dioxide,,,,"3,180",Children,,,1-18 years (range),,,,,,,,,,,Brazil,,Sao Paulo,,positive correlation,Cardiovascular Diseases,,,
25760161,,1999-2004,,Environmental,Sulfur Dioxide,,,,"3,180","Subjects with disease:Anemia, Sickle Cell",,,1-18 years (range),,,,,,,,,,,Brazil,,Sao Paulo,,positive correlation,Cardiovascular Diseases,,,
15987727,,,sex,Environmental,Sulfur Dioxide,,,,"5,338",Children,,,0-1 year (range),Both Males and Females,,,,,,,,,,United States,Texas,,,negative correlation,"Heart Septal Defects, Atrial",,,
15987727,,,sex,Environmental,Sulfur Dioxide,,,,"5,338",Children,,,0-1 year (range),Both Males and Females,,,,,,,,,,United States,Texas,,,negative correlation,Conotruncal cardiac defects,,,
15987727,,,sex,Environmental,Sulfur Dioxide,,,,"5,338",Children,,,0-1 year (range),Both Males and Females,,,,,,,,,,United States,Texas,,,positive correlation,"Heart Septal Defects, Ventricular",,,
12896852,,1993-1997,sex,Environmental,Sulfur Dioxide,,,,"60,000",Study subjects,,,>65 years (range),Both Males and Females,,air monitoring | hospital admission data anaylsis,,,,,,,,United States,Colorado,Denver,,positive correlation,"Arrhythmias, Cardiac",,,
18285643,,2001-2004,,Environmental,Sulfur Dioxide,,,,,Study subjects,,,,,,air monitoring | mortality data analysis,,,,,,,,China,,Shanghai,,positive correlation,Cardiovascular Diseases,,,
24355413,,1981-1999,,Environmental,Sulfur Dioxide,,,,,Study subjects,,,,,,,,,,,,,,Canada,,Calgary | Edmonton | Montreal | Ottawa | Quebec City | Saint John | Toronto | Vancouver | Windsor | Winnipeg,,positive correlation,Cardiovascular Diseases,,,
20122685,Public Health and Air Pollution in Asia (PAPA) study,1996-2002,,Environmental,Sulfur Dioxide,,,,,,,,,,,air monitoring,,,air,Sulfur Dioxide,,,,China,,Hong Kong,,positive correlation,Cardiovascular Diseases,,,"results remain significant after adjustment for Particulate Matter and Ozone, but significance did not persist after adjustment for Nitrogen Dioxide"
20122685,Public Health and Air Pollution in Asia (PAPA) study,2001-2004,,Environmental,Sulfur Dioxide,,,,,,,,,,,air monitoring,,,air,Sulfur Dioxide,,,,China,,Shanghai,,positive correlation,Cardiovascular Diseases,,,"results remain significant after adjustment for Particulate Matter and Ozone, but significance did not persist after adjustment for Nitrogen Dioxide"
20122685,Public Health and Air Pollution in Asia (PAPA) study,2001-2004,,Environmental,Sulfur Dioxide,,,,,,,,,,,air monitoring,,,air,Sulfur Dioxide,,,,China,,Wuhan,,positive correlation,Cardiovascular Diseases,,,"results remain significant after adjustment for Particulate Matter and Ozone, but significance did not persist after adjustment for Nitrogen Dioxide"
18192277,,1976-2001,,Environmental,Tetrachlorodibenzodioxin,1976 Seveso accident,,,"278,108",Study subjects,,,,Both Males and Females,,,,,,,,,,Italy,,Seveso,,positive correlation,Multiple Myeloma,,,
18192277,,1976-2001,,Environmental,Tetrachlorodibenzodioxin,1976 Seveso accident,,,"278,108",Study subjects,,,,Both Males and Females,,,,,,,,,,Italy,,Seveso,,positive correlation,Vascular Diseases,,,
7518422,,1990-1992,,Environmental|Occupational,Tetraethyl Lead,,,,277,Workers,gasoline depot workers (exposed),,,,,air sampling,,,"air, ambient",Lead,84.8 micrograms per cubic meter,mean,,China,Hubei,,,positive correlation,Bradycardia,,,
29064788,Dongfeng-Tongji (DFTJ) Cohort,2008-2010,,Occupational,Thallium,,,,"1,621",Controls for disease:Coronary Disease,employed at Dongfeng Motor Corporation,19% Current smoker|11% Former smoker|70% Never smoker,65.6 years (mean),49% Males (Only)|51% Females (Only),,inductively coupled plasma mass spectrometry,,,plasma,Thallium,0.13 micrograms per liter,median,,China,,Shiyan,,,,,,
29064788,Dongfeng-Tongji (DFTJ) Cohort,2008-2010,,Occupational,Thallium,,,,"1,621",Controls for disease:Coronary Disease,employed at Dongfeng Motor Corporation,19% Current smoker|11% Former smoker|70% Never smoker,65.6 years (mean),49% Males (Only)|51% Females (Only),,inductively coupled plasma mass spectrometry,,,plasma,Thallium,0.1 micrograms per liter,25th percentile,,China,,Shiyan,,,,,,
29064788,Dongfeng-Tongji (DFTJ) Cohort,2008-2010,,Occupational,Thallium,,,,"1,621",Controls for disease:Coronary Disease,employed at Dongfeng Motor Corporation,19% Current smoker|11% Former smoker|70% Never smoker,65.6 years (mean),49% Males (Only)|51% Females (Only),,inductively coupled plasma mass spectrometry,,,plasma,Thallium,0.18 micrograms per liter,75th percentile,,China,,Shiyan,,,,,,
29064788,Dongfeng-Tongji (DFTJ) Cohort,2008-2010,,Occupational,Thallium,,,,"1,621",Subjects with disease:Coronary Disease,employed at Dongfeng Motor Corporation,21% Current smoker|13% Former smoker|66% Never smoker,65.7 years (mean),49% Males (Only)|51% Females (Only),,inductively coupled plasma mass spectrometry,,,plasma,Thallium,0.14 micrograms per liter,median,,China,,Shiyan,,,,,,
29064788,Dongfeng-Tongji (DFTJ) Cohort,2008-2010,,Occupational,Thallium,,,,"1,621",Subjects with disease:Coronary Disease,employed at Dongfeng Motor Corporation,21% Current smoker|13% Former smoker|66% Never smoker,65.7 years (mean),49% Males (Only)|51% Females (Only),,inductively coupled plasma mass spectrometry,,,plasma,Thallium,0.1 micrograms per liter,25th percentile,,China,,Shiyan,,,,,,
29064788,Dongfeng-Tongji (DFTJ) Cohort,2008-2010,,Occupational,Thallium,,,,"1,621",Subjects with disease:Coronary Disease,employed at Dongfeng Motor Corporation,21% Current smoker|13% Former smoker|66% Never smoker,65.7 years (mean),49% Males (Only)|51% Females (Only),,inductively coupled plasma mass spectrometry,,,plasma,Thallium,0.19 micrograms per liter,75th percentile,,China,,Shiyan,,,,,,
29064788,Dongfeng-Tongji (DFTJ) Cohort,2008-2010,,Occupational,Titanium,,,,"1,621",Controls for disease:Coronary Disease,employed at Dongfeng Motor Corporation,19% Current smoker|11% Former smoker|70% Never smoker,65.6 years (mean),49% Males (Only)|51% Females (Only),,inductively coupled plasma mass spectrometry,,,plasma,Titanium,29.14 micrograms per liter,median,,China,,Shiyan,,,,,,
29064788,Dongfeng-Tongji (DFTJ) Cohort,2008-2010,,Occupational,Titanium,,,,"1,621",Controls for disease:Coronary Disease,employed at Dongfeng Motor Corporation,19% Current smoker|11% Former smoker|70% Never smoker,65.6 years (mean),49% Males (Only)|51% Females (Only),,inductively coupled plasma mass spectrometry,,,plasma,Titanium,24.41 micrograms per liter,25th percentile,,China,,Shiyan,,,,,,
29064788,Dongfeng-Tongji (DFTJ) Cohort,2008-2010,,Occupational,Titanium,,,,"1,621",Controls for disease:Coronary Disease,employed at Dongfeng Motor Corporation,19% Current smoker|11% Former smoker|70% Never smoker,65.6 years (mean),49% Males (Only)|51% Females (Only),,inductively coupled plasma mass spectrometry,,,plasma,Titanium,35.71 micrograms per liter,75th percentile,,China,,Shiyan,,,,,,
29064788,Dongfeng-Tongji (DFTJ) Cohort,2008-2010,,Occupational,Titanium,,,,"1,621",Subjects with disease:Coronary Disease,employed at Dongfeng Motor Corporation,21% Current smoker|13% Former smoker|66% Never smoker,65.7 years (mean),49% Males (Only)|51% Females (Only),,inductively coupled plasma mass spectrometry,,,plasma,Titanium,30.32 micrograms per liter,median,,China,,Shiyan,,,,,,
29064788,Dongfeng-Tongji (DFTJ) Cohort,2008-2010,,Occupational,Titanium,,,,"1,621",Subjects with disease:Coronary Disease,employed at Dongfeng Motor Corporation,21% Current smoker|13% Former smoker|66% Never smoker,65.7 years (mean),49% Males (Only)|51% Females (Only),,inductively coupled plasma mass spectrometry,,,plasma,Titanium,25.34 micrograms per liter,25th percentile,,China,,Shiyan,,,,,,
29064788,Dongfeng-Tongji (DFTJ) Cohort,2008-2010,,Occupational,Titanium,,,,"1,621",Subjects with disease:Coronary Disease,employed at Dongfeng Motor Corporation,21% Current smoker|13% Former smoker|66% Never smoker,65.7 years (mean),49% Males (Only)|51% Females (Only),,inductively coupled plasma mass spectrometry,,,plasma,Titanium,36.9 micrograms per liter,75th percentile,,China,,Shiyan,,,,,,
29064788,Dongfeng-Tongji (DFTJ) Cohort,2008-2010,,Occupational,Titanium,,,,"3,242",Study subjects,"mix of 1,621 subjects and 1,621 controls for Coronary Disease, employed at Dongfeng Motor Corporation",21% Current smoker|13% Former smoker|66% Never smoker,65.7 years (mean),49% Males (Only)|51% Females (Only),,conditional logistic regression analysis,,,,,,,,China,,Shiyan,,positive correlation,Coronary Disease,,,"odds ratio = 1.32 (95% CI: 1.03, 1.69; p-trend=0.04)"
24273234,ESTHER Study,2000-2001,body mass index | disease | sex | tobacco,Commercial product,Tobacco Smoke Pollution,smoking,,,601,Subjects with disease:Cardiovascular Diseases,,,,,,bisulfite conversion | matrix-assisted laser desorption ionization time-of-flight mass spectrometry | polymerase chain reaction,,,leukocyte,F2RL3,0.78 methylation intensity,median,statistical difference between subjects and controls for cardiovascular disease,Germany,,,,,,,,
24273234,ESTHER Study,2000-2001,body mass index | disease | sex | tobacco,Commercial product,Tobacco Smoke Pollution,smoking,,,"2,984",Controls for disease:Cardiovascular Diseases,,,,,,bisulfite conversion | matrix-assisted laser desorption ionization time-of-flight mass spectrometry | polymerase chain reaction,,,leukocyte,F2RL3,0.79 methylation intensity,median,statistical difference between subjects and controls for cardiovascular disease,Germany,,,,,,,,
26017925,ESTHER Study,2000-2000,,Commercial product|Environmental,Tobacco Smoke Pollution,smoking exposure,,,"1,000",Study subjects,,Current smoker|Former smoker|Never smoker,62 years (mean),Both Males and Females,,,,,,,,,,Germany,,,,positive correlation,Cardiovascular Diseases,,,
32150674,Tehran Lipid and Glucose Study (TLGS),1999-2018,tobacco,Environmental|Residential,Tobacco Smoke Pollution,,,,285,Study subjects,,Former smoker|Passive smoker,48.32 years (mean),89% Males (Only),,Cox proportional hazard regression model,,,,,,,,"Iran, Islamic Republic of",,Tehran,,positive correlation,Coronary Disease,,,"risk of coronary disease in secondhand smokers compared to never smokers, hazard ratio = 1.27 (95% CI: 1.07 - 1.51)"
32150674,Tehran Lipid and Glucose Study (TLGS),1999-2018,tobacco,Environmental|Residential,Tobacco Smoke Pollution,,,,498,Study subjects,,100% Former smoker,54.25 years (mean),84% Males (Only),,Cox proportional hazard regression model,,,,,,,,"Iran, Islamic Republic of",,Tehran,,positive correlation,Coronary Disease,,,risk of coronary disease was highest in current smokers compared to never smokers; hazard ratio = 1.99 (95%CI: 1.65 - 2.39)
32150674,Tehran Lipid and Glucose Study (TLGS),1999-2018,tobacco,Environmental|Residential,Tobacco Smoke Pollution,,,,"1,264",Study subjects,,100% Current smoker,44.85 years (mean),87% Males (Only),,Cox proportional hazard regression model,,,,,,,,"Iran, Islamic Republic of",,Tehran,,positive correlation,Coronary Disease,,,"risk of coronary disease in former and secondhand smokers compared to never smokers, hazard ratio = 1.55 (95%CI: 1.15 - 2.08)"
32150674,Tehran Lipid and Glucose Study (TLGS),1999-2018,tobacco,Environmental|Residential,Tobacco Smoke Pollution,,,,"1,791",Study subjects,,100% Passive smoker,44.66 years (mean),38% Males (Only),,Cox proportional hazard regression model,,,,,,,,"Iran, Islamic Republic of",,Tehran,,positive correlation,Coronary Disease,,,"risk of coronary disease in former smokers compared to never smokers, hazard ratio = 1.39 (95%CI: 1.12 - 1.72)"
32150674,Tehran Lipid and Glucose Study (TLGS),1999-2018,tobacco,Environmental|Residential,Tobacco Smoke Pollution,,,,"4,212",Study subjects,,100% Never smoker,47.49 years (mean),30% Males (Only),,Cox proportional hazard regression model,,,,,,,,"Iran, Islamic Republic of",,Tehran,,no correlation,Coronary Disease,,,
27518881,,1999-2004,sex,Dietary,Trichloroacetic Acid,drinking water contamination with disinfection by-products,,,"9,944",Fetuses,,,0-1 years (range),Both Males and Females,,water monitoring,,,,,,,,United States,Massachusetts,,,positive correlation,Cardiovascular Abnormalities,,,
27518881,,1999-2004,sex,Dietary,Trichloroacetic Acid,drinking water contamination with disinfection by-products,,,"9,944",Fetuses,,,0-1 years (range),Both Males and Females,,water monitoring,,,,,,,,United States,Massachusetts,,,positive correlation,Cardiovascular Abnormalities,,,
27518881,,1999-2004,sex,Dietary,Trichloroacetic Acid,drinking water contamination with disinfection by-products,,,"9,944",Fetuses,,,0-1 years (range),Both Males and Females,,water monitoring,,,,,,,,United States,Massachusetts,,,positive correlation,Tetralogy of Fallot,,,
27518881,,1999-2004,sex,Dietary,Trichloroacetic Acid,drinking water contamination with disinfection by-products,,,"9,944",Fetuses,,,0-1 years (range),Both Males and Females,,water monitoring,,,,,,,,United States,Massachusetts,,,positive correlation,Tetralogy of Fallot,,,
27518881,,1999-2004,sex,Dietary,Trichloroacetic Acid,drinking water contamination with disinfection by-products,,,"9,944",Fetuses,,,0-1 years (range),Both Males and Females,,water monitoring,,,,,,,,United States,Massachusetts,,,prediction/hypothesis,Transposition of Great Vessels,,,
27518881,,1999-2004,sex,Dietary,Trichloroacetic Acid,drinking water contamination with disinfection by-products,,,"9,944",Fetuses,,,0-1 years (range),Both Males and Females,,water monitoring,,,,,,,,United States,Massachusetts,,,negative correlation,Transposition of Great Vessels,,,
27518881,,1999-2004,sex,Dietary,Trichloroacetic Acid,drinking water contamination with disinfection by-products,,,"9,944",Fetuses,,,0-1 years (range),Both Males and Females,,water monitoring,,,,,,,,United States,Massachusetts,,,positive correlation,Pulmonary Valve Stenosis,,,
27518881,,1999-2004,sex,Dietary,Trichloroacetic Acid,drinking water contamination with disinfection by-products,,,"9,944",Fetuses,,,0-1 years (range),Both Males and Females,,water monitoring,,,,,,,,United States,Massachusetts,,,positive correlation,"Heart Septal Defects, Ventricular",,,
20595914,Agricultural Health Study (AHS),1993-2003,,Occupational|Residential,Trifluralin,Pesticide application,,,"22,425",Study subjects,Female pesticide applicators and female spouses of pesticide applicators,Current smoker|Former smoker|Never smoker,17-88 years (range),Females (Only),,logistic regression analysis | survey method,,,,,,,,United States,Iowa|North Carolina,,,positive correlation,Myocardial Infarction,,,
20595914,Agricultural Health Study (AHS),1993-2003,,Occupational|Residential,Trifluralin,Pesticide application,,,"22,425",Workers,Female pesticide applicators and female spouses of pesticide applicators,Current smoker|Former smoker|Never smoker,17-88 years (range),Females (Only),,logistic regression analysis | survey method,,,,,,,,United States,Iowa|North Carolina,,,positive correlation,Myocardial Infarction,,,
18518952,,2001-2003,,Environmental,Trihalomethanes,,,,"396,049",Infants or newborns,Exposed to Trihalomethanes >20 micrograms per liter,,,Both Males and Females,,,,,,,,,,"Taiwan, Province of China",,,,positive correlation,"Heart Septal Defects, Ventricular",,,
25867198,,2013-2014,,Environmental,Tungsten,,,,142,Controls for disease:Hypertension,,,50-75 years (range),100% Males (Only),,inductively coupled argon plasma optical emission spectrometry,,,blood,Tungsten,0.62 micrograms per liter,arithmetic mean,,Poland,,,,,,,,
25867198,,2013-2014,,Environmental,Tungsten,,,,142,Controls for disease:Hypertension,,,50-75 years (range),100% Males (Only),,inductively coupled argon plasma optical emission spectrometry,,,blood,Tungsten,0.63 micrograms per liter,median,,Poland,,,,,,,,
25867198,,2013-2014,,Environmental,Tungsten,,,,142,Controls for disease:Hypertension,,,50-75 years (range),100% Males (Only),,inductively coupled argon plasma optical emission spectrometry,,,blood,Tungsten,0.39 micrograms per liter,minimum,,Poland,,,,,,,,
25867198,,2013-2014,,Environmental,Tungsten,,,,142,Controls for disease:Hypertension,,,50-75 years (range),100% Males (Only),,inductively coupled argon plasma optical emission spectrometry,,,blood,Tungsten,0.83 micrograms per liter,maximum,,Poland,,,,,,,,
25867198,,2013-2014,,Environmental,Tungsten,,,,171,Subjects with disease:Hypertension,,,50-75 years (range),100% Males (Only),,inductively coupled argon plasma optical emission spectrometry,,,blood,Tungsten,0.62 micrograms per liter,arithmetic mean,,Poland,,,,,,,,
25867198,,2013-2014,,Environmental,Tungsten,,,,171,Subjects with disease:Hypertension,,,50-75 years (range),100% Males (Only),,inductively coupled argon plasma optical emission spectrometry,,,blood,Tungsten,0.61 micrograms per liter,median,,Poland,,,,,,,,
25867198,,2013-2014,,Environmental,Tungsten,,,,171,Subjects with disease:Hypertension,,,50-75 years (range),100% Males (Only),,inductively coupled argon plasma optical emission spectrometry,,,blood,Tungsten,0.15 micrograms per liter,minimum,,Poland,,,,,,,,
25867198,,2013-2014,,Environmental,Tungsten,,,,171,Subjects with disease:Hypertension,,,50-75 years (range),100% Males (Only),,inductively coupled argon plasma optical emission spectrometry,,,blood,Tungsten,0.91 micrograms per liter,maximum,,Poland,,,,,,,,
29685964,Aragon Workers Health Study (AWHS),2010-2013,,Occupational,Tungsten,car assembly plant,,,73,Workers,car assembly plant workers,22% Never smoker,,100% Males (Only),,inductively coupled plasma-mass spectrometry | spot urine samples,0.05 micrograms per liter,,urine,Tungsten,0.07 micrograms per gram creatinine,median,,Spain,,Zaragoza,,positive correlation,Carotid Intimal Medial Thickness 1,abnormal blood vessel diameter maintenance,Carotid Arteries,"associated with carotid intima-media thickness, Pearson's r = 0.27, p = 0.03"
16708128,,,,Occupational,urea formaldehyde foam,factory chemical chamber,,,1,Workers,"worker in a chemical factory, handled the Furax process and cleaned the chamber twice a month",,43 years (),Males (Only),,,,,,,,,,"Taiwan, Province of China",,,,positive correlation,Brain Ischemia,,,
16708128,,,,Occupational,urea formaldehyde foam,factory chemical chamber,,,1,Workers,"worker in a chemical factory, handled the Furax process and cleaned the chamber twice a month",,43 years (),Males (Only),,,,,,,,,,"Taiwan, Province of China",,,,positive correlation,Thrombosis,,,
29467104,Aerosol Research and Inhalation Epidemiology Study (ARIES),2008-2013,,Environmental,Vanadium,air pollution,,,,Study subjects,,,,,,Poisson regression analysis,,,,,,,,United States,Georgia,Atlanta,,positive correlation,Cardiovascular Diseases,,,"relative risk = 1.012 (95% CI: 1.000, 1.025) per interquartile range increase (0.19 nanograms per cubic meter)"
29064788,Dongfeng-Tongji (DFTJ) Cohort,2008-2010,,Occupational,Vanadium,,,,"1,621",Controls for disease:Coronary Disease,employed at Dongfeng Motor Corporation,19% Current smoker|11% Former smoker|70% Never smoker,65.6 years (mean),49% Males (Only)|51% Females (Only),,inductively coupled plasma mass spectrometry,,,plasma,Vanadium,0.67 micrograms per liter,median,,China,,Shiyan,,,,,,
29064788,Dongfeng-Tongji (DFTJ) Cohort,2008-2010,,Occupational,Vanadium,,,,"1,621",Controls for disease:Coronary Disease,employed at Dongfeng Motor Corporation,19% Current smoker|11% Former smoker|70% Never smoker,65.6 years (mean),49% Males (Only)|51% Females (Only),,inductively coupled plasma mass spectrometry,,,plasma,Vanadium,0.53 micrograms per liter,25th percentile,,China,,Shiyan,,,,,,
29064788,Dongfeng-Tongji (DFTJ) Cohort,2008-2010,,Occupational,Vanadium,,,,"1,621",Controls for disease:Coronary Disease,employed at Dongfeng Motor Corporation,19% Current smoker|11% Former smoker|70% Never smoker,65.6 years (mean),49% Males (Only)|51% Females (Only),,inductively coupled plasma mass spectrometry,,,plasma,Vanadium,0.99 micrograms per liter,75th percentile,,China,,Shiyan,,,,,,
29064788,Dongfeng-Tongji (DFTJ) Cohort,2008-2010,,Occupational,Vanadium,,,,"1,621",Subjects with disease:Coronary Disease,employed at Dongfeng Motor Corporation,21% Current smoker|13% Former smoker|66% Never smoker,65.7 years (mean),49% Males (Only)|51% Females (Only),,inductively coupled plasma mass spectrometry,,,plasma,Vanadium,0.68 micrograms per liter,median,,China,,Shiyan,,,,,,
29064788,Dongfeng-Tongji (DFTJ) Cohort,2008-2010,,Occupational,Vanadium,,,,"1,621",Subjects with disease:Coronary Disease,employed at Dongfeng Motor Corporation,21% Current smoker|13% Former smoker|66% Never smoker,65.7 years (mean),49% Males (Only)|51% Females (Only),,inductively coupled plasma mass spectrometry,,,plasma,Vanadium,0.55 micrograms per liter,25th percentile,,China,,Shiyan,,,,,,
29064788,Dongfeng-Tongji (DFTJ) Cohort,2008-2010,,Occupational,Vanadium,,,,"1,621",Subjects with disease:Coronary Disease,employed at Dongfeng Motor Corporation,21% Current smoker|13% Former smoker|66% Never smoker,65.7 years (mean),49% Males (Only)|51% Females (Only),,inductively coupled plasma mass spectrometry,,,plasma,Vanadium,1 micrograms per liter,75th percentile,,China,,Shiyan,,,,,,
27072425,,2007-2012,,Commercial product|Environmental,Vehicle Emissions,traffic,,,362,Subjects with disease:ST Elevation Myocardial Infarction,,44% Current smoker,62.3 years (mean),68% Males (Only)|32% Females (Only),15% Black|2% Hispanic|10% Other|74% White,aethalometer (for soot) | Cardiac Catheterization Laboratory Database | New York State Department of Environmental Conservation,,,"air, ambient",Soot,0.58 micrograms per cubic meter,mean,"black carbon, whole year hourly pollutant concentration",United States,New York,Monroe County,,,,,,
27072425,,2007-2012,,Commercial product|Environmental,Vehicle Emissions,traffic,,,362,Subjects with disease:ST Elevation Myocardial Infarction,,44% Current smoker,62.3 years (mean),68% Males (Only)|32% Females (Only),15% Black|2% Hispanic|10% Other|74% White,aethalometer (for soot) | Cardiac Catheterization Laboratory Database | New York State Department of Environmental Conservation,,,"air, ambient",Soot,0.24 micrograms per cubic meter,25th percentile,"black carbon, whole year hourly pollutant concentration",United States,New York,Monroe County,,,,,,
27072425,,2007-2012,,Commercial product|Environmental,Vehicle Emissions,traffic,,,362,Subjects with disease:ST Elevation Myocardial Infarction,,44% Current smoker,62.3 years (mean),68% Males (Only)|32% Females (Only),15% Black|2% Hispanic|10% Other|74% White,aethalometer (for soot) | Cardiac Catheterization Laboratory Database | New York State Department of Environmental Conservation,,,"air, ambient",Soot,0.44 micrograms per cubic meter,median,"black carbon, whole year hourly pollutant concentration",United States,New York,Monroe County,,,,,,
27072425,,2007-2012,,Commercial product|Environmental,Vehicle Emissions,traffic,,,362,Subjects with disease:ST Elevation Myocardial Infarction,,44% Current smoker,62.3 years (mean),68% Males (Only)|32% Females (Only),15% Black|2% Hispanic|10% Other|74% White,aethalometer (for soot) | Cardiac Catheterization Laboratory Database | New York State Department of Environmental Conservation,,,"air, ambient",Soot,0.77 micrograms per cubic meter,75th percentile,"black carbon, whole year hourly pollutant concentration",United States,New York,Monroe County,,,,,,
27072425,,2007-2012,,Commercial product|Environmental,Vehicle Emissions,traffic,,,362,Subjects with disease:ST Elevation Myocardial Infarction,,44% Current smoker,62.3 years (mean),68% Males (Only)|32% Females (Only),15% Black|2% Hispanic|10% Other|74% White,aethalometer (for soot) | Cardiac Catheterization Laboratory Database | New York State Department of Environmental Conservation,,,"air, ambient",Soot,11.74 micrograms per cubic meter,maximum,"black carbon, whole year hourly pollutant concentration",United States,New York,Monroe County,,,,,,
27072425,,2007-2012,,Commercial product|Environmental,Vehicle Emissions,traffic,,,362,Subjects with disease:ST Elevation Myocardial Infarction,,44% Current smoker,62.3 years (mean),68% Males (Only)|32% Females (Only),15% Black|2% Hispanic|10% Other|74% White,aethalometer (for soot) | Cardiac Catheterization Laboratory Database | New York State Department of Environmental Conservation,,,"air, ambient",Soot,0.51 micrograms per cubic meter,mean,"black carbon, November-April hourly pollutant concentration",United States,New York,Monroe County,,,,,,
27072425,,2007-2012,,Commercial product|Environmental,Vehicle Emissions,traffic,,,362,Subjects with disease:ST Elevation Myocardial Infarction,,44% Current smoker,62.3 years (mean),68% Males (Only)|32% Females (Only),15% Black|2% Hispanic|10% Other|74% White,aethalometer (for soot) | Cardiac Catheterization Laboratory Database | New York State Department of Environmental Conservation,,,"air, ambient",Soot,0.22 micrograms per cubic meter,25th percentile,"black carbon, November-April hourly pollutant concentration",United States,New York,Monroe County,,,,,,
27072425,,2007-2012,,Commercial product|Environmental,Vehicle Emissions,traffic,,,362,Subjects with disease:ST Elevation Myocardial Infarction,,44% Current smoker,62.3 years (mean),68% Males (Only)|32% Females (Only),15% Black|2% Hispanic|10% Other|74% White,aethalometer (for soot) | Cardiac Catheterization Laboratory Database | New York State Department of Environmental Conservation,,,"air, ambient",Soot,0.38 micrograms per cubic meter,median,"black carbon, November-April hourly pollutant concentration",United States,New York,Monroe County,,,,,,
27072425,,2007-2012,,Commercial product|Environmental,Vehicle Emissions,traffic,,,362,Subjects with disease:ST Elevation Myocardial Infarction,,44% Current smoker,62.3 years (mean),68% Males (Only)|32% Females (Only),15% Black|2% Hispanic|10% Other|74% White,aethalometer (for soot) | Cardiac Catheterization Laboratory Database | New York State Department of Environmental Conservation,,,"air, ambient",Soot,0.64 micrograms per cubic meter,75th percentile,"black carbon, November-April hourly pollutant concentration",United States,New York,Monroe County,,,,,,
27072425,,2007-2012,,Commercial product|Environmental,Vehicle Emissions,traffic,,,362,Subjects with disease:ST Elevation Myocardial Infarction,,44% Current smoker,62.3 years (mean),68% Males (Only)|32% Females (Only),15% Black|2% Hispanic|10% Other|74% White,aethalometer (for soot) | Cardiac Catheterization Laboratory Database | New York State Department of Environmental Conservation,,,"air, ambient",Soot,5.8 micrograms per cubic meter,maximum,"black carbon, November-April hourly pollutant concentration",United States,New York,Monroe County,,,,,,
27072425,,2007-2012,,Commercial product|Environmental,Vehicle Emissions,traffic,,,362,Subjects with disease:ST Elevation Myocardial Infarction,,44% Current smoker,62.3 years (mean),68% Males (Only)|32% Females (Only),15% Black|2% Hispanic|10% Other|74% White,aethalometer (for soot) | Cardiac Catheterization Laboratory Database | New York State Department of Environmental Conservation,,,"air, ambient",Soot,0.65 micrograms per cubic meter,mean,"black carbon, May-October hourly pollutant concentration",United States,New York,Monroe County,,,,,,
27072425,,2007-2012,,Commercial product|Environmental,Vehicle Emissions,traffic,,,362,Subjects with disease:ST Elevation Myocardial Infarction,,44% Current smoker,62.3 years (mean),68% Males (Only)|32% Females (Only),15% Black|2% Hispanic|10% Other|74% White,aethalometer (for soot) | Cardiac Catheterization Laboratory Database | New York State Department of Environmental Conservation,,,"air, ambient",Soot,0.27 micrograms per cubic meter,25th percentile,"black carbon, May-October hourly pollutant concentration",United States,New York,Monroe County,,,,,,
27072425,,2007-2012,,Commercial product|Environmental,Vehicle Emissions,traffic,,,362,Subjects with disease:ST Elevation Myocardial Infarction,,44% Current smoker,62.3 years (mean),68% Males (Only)|32% Females (Only),15% Black|2% Hispanic|10% Other|74% White,aethalometer (for soot) | Cardiac Catheterization Laboratory Database | New York State Department of Environmental Conservation,,,"air, ambient",Soot,0.52 micrograms per cubic meter,median,"black carbon, May-October hourly pollutant concentration",United States,New York,Monroe County,,,,,,
27072425,,2007-2012,,Commercial product|Environmental,Vehicle Emissions,traffic,,,362,Subjects with disease:ST Elevation Myocardial Infarction,,44% Current smoker,62.3 years (mean),68% Males (Only)|32% Females (Only),15% Black|2% Hispanic|10% Other|74% White,aethalometer (for soot) | Cardiac Catheterization Laboratory Database | New York State Department of Environmental Conservation,,,"air, ambient",Soot,0.89 micrograms per cubic meter,75th percentile,"black carbon, May-October hourly pollutant concentration",United States,New York,Monroe County,,,,,,
27072425,,2007-2012,,Commercial product|Environmental,Vehicle Emissions,traffic,,,362,Subjects with disease:ST Elevation Myocardial Infarction,,44% Current smoker,62.3 years (mean),68% Males (Only)|32% Females (Only),15% Black|2% Hispanic|10% Other|74% White,aethalometer (for soot) | Cardiac Catheterization Laboratory Database | New York State Department of Environmental Conservation,,,"air, ambient",Soot,11.74 micrograms per cubic meter,maximum,"black carbon, May-October hourly pollutant concentration",United States,New York,Monroe County,,,,,,
27072425,,2007-2012,,Commercial product|Environmental,Vehicle Emissions,traffic,,,362,Subjects with disease:ST Elevation Myocardial Infarction,,44% Current smoker,62.3 years (mean),68% Males (Only)|32% Females (Only),15% Black|2% Hispanic|10% Other|74% White,aethalometer (for soot) | Cardiac Catheterization Laboratory Database | New York State Department of Environmental Conservation,,,"air, ambient",Soot,,,,United States,New York,Monroe County,,no correlation,ST Elevation Myocardial Infarction,,,
27082954,CATHeterization GENetics (CATHGEN),2001-2011,genetics,Commercial product|Environmental,Vehicle Emissions,traffic exposure,,,554,Subjects with gene influence:BMP2,African-Americans,,56.3 years (mean),Both Males and Females,100% Black,,,,,,,,,United States,North Carolina,,,positive correlation,Peripheral Arterial Disease,,,
27082954,CATHeterization GENetics (CATHGEN),2001-2011,genetics,Commercial product|Environmental,Vehicle Emissions,traffic exposure,,,"1,623",Subjects with gene influence:BMP2,European-Americans,,61.2 years (mean),Both Males and Females,100% White,,,,,,,,,United States,North Carolina,,,positive correlation,Peripheral Arterial Disease,,,
27082954,CATHeterization GENetics (CATHGEN),2001-2011,genetics,Commercial product|Environmental,Vehicle Emissions,traffic exposure,,,"1,623",Subjects with gene influence:BMP8A,"rs755249, European-Americans",,61.2 years (mean),Both Males and Females,100% White,,,,,,,,,United States,North Carolina,,,positive correlation,Peripheral Arterial Disease,,,
26884048,,2011-2012,age,Environmental,Vehicle Emissions,diesel vehicle exhaust,,,,Study subjects,in both adults and elderly,,>15 years (range),,,ClearfLo project | emergency hospital admissions,,,"air, ambient",Carbon,,,,United Kingdom,,London,England,positive correlation,Cardiovascular Diseases,,,
26884048,,2011-2012,age,Environmental,Vehicle Emissions,diesel vehicle exhaust,,,,Study subjects,in both adults and elderly,,>15 years (range),,,ClearfLo project | emergency hospital admissions,,,"air, ambient",Soot,,,,United Kingdom,,London,England,positive correlation,Cardiovascular Diseases,,,
24056475,Stockholm Heart Epidemiology Program (SHEEP),,genetics,Environmental,Vehicle Emissions,long-term source specific traffic-NO2,,,"1,192",Subjects with disease:Myocardial Infarction,,49% Current smoker|26% Former smoker|25% Never smoker,59.3 years (mean),71% Males (Only)|29% Females (Only),,geographical information system,,,"air, ambient",Nitrogen Dioxide,12.8 micrograms per cubic meter,mean,"traffic-NO2, 1 year average long-term exposure for cases",Sweden,,,,,,,,
24056475,Stockholm Heart Epidemiology Program (SHEEP),,genetics,Environmental,Vehicle Emissions,long-term source specific traffic-NO2,,,"1,192",Subjects with disease:Myocardial Infarction,,49% Current smoker|26% Former smoker|25% Never smoker,59.3 years (mean),71% Males (Only)|29% Females (Only),,geographical information system,,,"air, ambient",Nitrogen Dioxide,13.7 micrograms per cubic meter,mean,"traffic-NO2, 5 years average long-term exposure for cases",Sweden,,,,,,,,
24056475,Stockholm Heart Epidemiology Program (SHEEP),,genetics,Environmental,Vehicle Emissions,long-term source specific traffic-NO2,,,"1,192",Subjects with disease:Myocardial Infarction,,49% Current smoker|26% Former smoker|25% Never smoker,59.3 years (mean),71% Males (Only)|29% Females (Only),,geographical information system,,,"air, ambient",Nitrogen Dioxide,15.6 micrograms per cubic meter,mean,"traffic-NO2, 30 year averages long-term exposure for cases",Sweden,,,,,,,,
24056475,Stockholm Heart Epidemiology Program (SHEEP),,genetics,Environmental,Vehicle Emissions,long-term source specific traffic-NO2,,,"1,506",Controls for disease:Myocardial Infarction,,29% Current smoker|31% Former smoker|40% Never smoker,60 years (mean),67% Males (Only)|33% Females (Only),,geographical information system,,,"air, ambient",Nitrogen Dioxide,12.6 micrograms per cubic meter,mean,"traffic-NO2, 1 year average long-term exposure for controls",Sweden,,,,,,,,
24056475,Stockholm Heart Epidemiology Program (SHEEP),,genetics,Environmental,Vehicle Emissions,long-term source specific traffic-NO2,,,"1,506",Controls for disease:Myocardial Infarction,,29% Current smoker|31% Former smoker|40% Never smoker,60 years (mean),67% Males (Only)|33% Females (Only),,geographical information system,,,"air, ambient",Nitrogen Dioxide,13.4 micrograms per cubic meter,mean,"traffic-NO2, 5 years average long-term exposure for controls",Sweden,,,,,,,,
24056475,Stockholm Heart Epidemiology Program (SHEEP),,genetics,Environmental,Vehicle Emissions,long-term source specific traffic-NO2,,,"1,506",Controls for disease:Myocardial Infarction,,29% Current smoker|31% Former smoker|40% Never smoker,60 years (mean),67% Males (Only)|33% Females (Only),,geographical information system,,,"air, ambient",Nitrogen Dioxide,15.2 micrograms per cubic meter,mean,"traffic-NO2, 30 year averages long-term exposure for controls",Sweden,,,,,,,,
26884048,,2011-2012,age,Environmental,Vehicle Emissions,petrol vehicle exhaust,,,,Study subjects,in adults only,,15-64 years (range),,,ClearfLo project | emergency hospital admissions,,,"air, ambient",Carbon Monoxide,,,,United Kingdom,,London,England,positive correlation,Cardiovascular Diseases,,,
19553228,Worcester Heart Attack Study,1995-2005,,Environmental,Vehicle Emissions,traffic pollution,,,,Study subjects,,,70 years (mean),Both Males and Females,,air monitoring,,,air,Vehicle Emissions,,,,United States,Massachusetts,Worcester,,positive correlation,Myocardial Infarction,,,
19750100,Air Pollution and Inflammatory Response in Myocardial Infarction Survivors: Gene-Environment Interaction in a High Risk Group (AIRGENE),2003-2004,disease | genetics,Environmental,Vehicle Emissions,traffic-related air pollution,,,101,Subjects with disease:Myocardial Infarction,Greece subset,,54.5 years (mean),Both Males and Females,,,,,"air, ambient",Carbon Monoxide,1.48 milligrams per cubic meter,mean,,Greece,,Athens,,,,,,
19750100,Air Pollution and Inflammatory Response in Myocardial Infarction Survivors: Gene-Environment Interaction in a High Risk Group (AIRGENE),2003-2004,disease | genetics,Environmental,Vehicle Emissions,traffic-related air pollution,,,101,Subjects with disease:Myocardial Infarction,Greece subset,,54.5 years (mean),Both Males and Females,,,,,"air, ambient",Carbon Monoxide,0.95 milligrams per cubic meter,25th percentile,,Greece,,Athens,,,,,,
19750100,Air Pollution and Inflammatory Response in Myocardial Infarction Survivors: Gene-Environment Interaction in a High Risk Group (AIRGENE),2003-2004,disease | genetics,Environmental,Vehicle Emissions,traffic-related air pollution,,,101,Subjects with disease:Myocardial Infarction,Greece subset,,54.5 years (mean),Both Males and Females,,,,,"air, ambient",Carbon Monoxide,1.68 milligrams per cubic meter,75th percentile,,Greece,,Athens,,,,,,
19750100,Air Pollution and Inflammatory Response in Myocardial Infarction Survivors: Gene-Environment Interaction in a High Risk Group (AIRGENE),2003-2004,disease | genetics,Environmental,Vehicle Emissions,traffic-related air pollution,,,101,Subjects with disease:Myocardial Infarction,Greece subset,,54.5 years (mean),Both Males and Females,,,,,"air, ambient",Nitrogen Dioxide,50.2 micrograms per cubic meter,mean,,Greece,,Athens,,,,,,
19750100,Air Pollution and Inflammatory Response in Myocardial Infarction Survivors: Gene-Environment Interaction in a High Risk Group (AIRGENE),2003-2004,disease | genetics,Environmental,Vehicle Emissions,traffic-related air pollution,,,101,Subjects with disease:Myocardial Infarction,Greece subset,,54.5 years (mean),Both Males and Females,,,,,"air, ambient",Nitrogen Dioxide,42 micrograms per cubic meter,25th percentile,,Greece,,Athens,,,,,,
19750100,Air Pollution and Inflammatory Response in Myocardial Infarction Survivors: Gene-Environment Interaction in a High Risk Group (AIRGENE),2003-2004,disease | genetics,Environmental,Vehicle Emissions,traffic-related air pollution,,,101,Subjects with disease:Myocardial Infarction,Greece subset,,54.5 years (mean),Both Males and Females,,,,,"air, ambient",Nitrogen Dioxide,59 micrograms per cubic meter,75th percentile,,Greece,,Athens,,,,,,
19750100,Air Pollution and Inflammatory Response in Myocardial Infarction Survivors: Gene-Environment Interaction in a High Risk Group (AIRGENE),2003-2004,disease | genetics,Environmental,Vehicle Emissions,traffic-related air pollution,,,101,Subjects with disease:Myocardial Infarction,Greece subset,,54.5 years (mean),Both Males and Females,,,,,"air, ambient",Particulate Matter,23 micrograms per cubic meter,mean,particulate matter size PM2.5,Greece,,Athens,,,,,,
19750100,Air Pollution and Inflammatory Response in Myocardial Infarction Survivors: Gene-Environment Interaction in a High Risk Group (AIRGENE),2003-2004,disease | genetics,Environmental,Vehicle Emissions,traffic-related air pollution,,,101,Subjects with disease:Myocardial Infarction,Greece subset,,54.5 years (mean),Both Males and Females,,,,,"air, ambient",Particulate Matter,14.9 micrograms per cubic meter,25th percentile,particulate matter size PM2.5,Greece,,Athens,,,,,,
19750100,Air Pollution and Inflammatory Response in Myocardial Infarction Survivors: Gene-Environment Interaction in a High Risk Group (AIRGENE),2003-2004,disease | genetics,Environmental,Vehicle Emissions,traffic-related air pollution,,,101,Subjects with disease:Myocardial Infarction,Greece subset,,54.5 years (mean),Both Males and Females,,,,,"air, ambient",Particulate Matter,29.1 micrograms per cubic meter,75th percentile,particulate matter size PM2.5,Greece,,Athens,,,,,,
19750100,Air Pollution and Inflammatory Response in Myocardial Infarction Survivors: Gene-Environment Interaction in a High Risk Group (AIRGENE),2003-2004,disease | genetics,Environmental,Vehicle Emissions,traffic-related air pollution,,,101,Subjects with disease:Myocardial Infarction,Greece subset,,54.5 years (mean),Both Males and Females,,,,,"air, ambient",Particulate Matter,38.5 micrograms per cubic meter,mean,particulate matter size PM10,Greece,,Athens,,,,,,
19750100,Air Pollution and Inflammatory Response in Myocardial Infarction Survivors: Gene-Environment Interaction in a High Risk Group (AIRGENE),2003-2004,disease | genetics,Environmental,Vehicle Emissions,traffic-related air pollution,,,101,Subjects with disease:Myocardial Infarction,Greece subset,,54.5 years (mean),Both Males and Females,,,,,"air, ambient",Particulate Matter,27.1 micrograms per cubic meter,25th percentile,particulate matter size PM10,Greece,,Athens,,,,,,
19750100,Air Pollution and Inflammatory Response in Myocardial Infarction Survivors: Gene-Environment Interaction in a High Risk Group (AIRGENE),2003-2004,disease | genetics,Environmental,Vehicle Emissions,traffic-related air pollution,,,101,Subjects with disease:Myocardial Infarction,Greece subset,,54.5 years (mean),Both Males and Females,,,,,"air, ambient",Particulate Matter,46.4 micrograms per cubic meter,75th percentile,particulate matter size PM10,Greece,,Athens,,,,,,
19750100,Air Pollution and Inflammatory Response in Myocardial Infarction Survivors: Gene-Environment Interaction in a High Risk Group (AIRGENE),2003-2004,disease | genetics,Environmental,Vehicle Emissions,traffic-related air pollution,,,101,Subjects with disease:Myocardial Infarction,Greece subset,,54.5 years (mean),Both Males and Females,,,,,plasma,IL6,3 picograms per milliliter,mean,,Greece,,Athens,,,,,,
19750100,Air Pollution and Inflammatory Response in Myocardial Infarction Survivors: Gene-Environment Interaction in a High Risk Group (AIRGENE),2003-2004,disease | genetics,Environmental,Vehicle Emissions,traffic-related air pollution,,,101,Subjects with disease:Myocardial Infarction,Greece subset,,54.5 years (mean),Both Males and Females,,,,,plasma,IL6,0.8 picograms per milliliter,minimum,,Greece,,Athens,,,,,,
19750100,Air Pollution and Inflammatory Response in Myocardial Infarction Survivors: Gene-Environment Interaction in a High Risk Group (AIRGENE),2003-2004,disease | genetics,Environmental,Vehicle Emissions,traffic-related air pollution,,,101,Subjects with disease:Myocardial Infarction,Greece subset,,54.5 years (mean),Both Males and Females,,,,,plasma,IL6,22.4 picograms per milliliter,maximum,,Greece,,Athens,,,,,,
19750100,Air Pollution and Inflammatory Response in Myocardial Infarction Survivors: Gene-Environment Interaction in a High Risk Group (AIRGENE),2003-2004,disease | genetics,Environmental,Vehicle Emissions,traffic-related air pollution,,,132,Subjects with disease:Myocardial Infarction,Italy subset,,62.5 years (mean),Both Males and Females,,,,,"air, ambient",Carbon Monoxide,1.4 milligrams per cubic meter,mean,,Italy,,Rome,,,,,,
19750100,Air Pollution and Inflammatory Response in Myocardial Infarction Survivors: Gene-Environment Interaction in a High Risk Group (AIRGENE),2003-2004,disease | genetics,Environmental,Vehicle Emissions,traffic-related air pollution,,,132,Subjects with disease:Myocardial Infarction,Italy subset,,62.5 years (mean),Both Males and Females,,,,,"air, ambient",Carbon Monoxide,1.02 milligrams per cubic meter,25th percentile,,Italy,,Rome,,,,,,
19750100,Air Pollution and Inflammatory Response in Myocardial Infarction Survivors: Gene-Environment Interaction in a High Risk Group (AIRGENE),2003-2004,disease | genetics,Environmental,Vehicle Emissions,traffic-related air pollution,,,132,Subjects with disease:Myocardial Infarction,Italy subset,,62.5 years (mean),Both Males and Females,,,,,"air, ambient",Carbon Monoxide,1.66 milligrams per cubic meter,75th percentile,,Italy,,Rome,,,,,,
19750100,Air Pollution and Inflammatory Response in Myocardial Infarction Survivors: Gene-Environment Interaction in a High Risk Group (AIRGENE),2003-2004,disease | genetics,Environmental,Vehicle Emissions,traffic-related air pollution,,,132,Subjects with disease:Myocardial Infarction,Italy subset,,62.5 years (mean),Both Males and Females,,,,,"air, ambient",Nitrogen Dioxide,67 micrograms per cubic meter,mean,,Italy,,Rome,,,,,,
19750100,Air Pollution and Inflammatory Response in Myocardial Infarction Survivors: Gene-Environment Interaction in a High Risk Group (AIRGENE),2003-2004,disease | genetics,Environmental,Vehicle Emissions,traffic-related air pollution,,,132,Subjects with disease:Myocardial Infarction,Italy subset,,62.5 years (mean),Both Males and Females,,,,,"air, ambient",Nitrogen Dioxide,56.7 micrograms per cubic meter,25th percentile,,Italy,,Rome,,,,,,
19750100,Air Pollution and Inflammatory Response in Myocardial Infarction Survivors: Gene-Environment Interaction in a High Risk Group (AIRGENE),2003-2004,disease | genetics,Environmental,Vehicle Emissions,traffic-related air pollution,,,132,Subjects with disease:Myocardial Infarction,Italy subset,,62.5 years (mean),Both Males and Females,,,,,"air, ambient",Nitrogen Dioxide,76.3 micrograms per cubic meter,75th percentile,,Italy,,Rome,,,,,,
19750100,Air Pollution and Inflammatory Response in Myocardial Infarction Survivors: Gene-Environment Interaction in a High Risk Group (AIRGENE),2003-2004,disease | genetics,Environmental,Vehicle Emissions,traffic-related air pollution,,,132,Subjects with disease:Myocardial Infarction,Italy subset,,62.5 years (mean),Both Males and Females,,,,,"air, ambient",Particulate Matter,24.6 micrograms per cubic meter,mean,particulate matter size PM2.5,Italy,,Rome,,,,,,
19750100,Air Pollution and Inflammatory Response in Myocardial Infarction Survivors: Gene-Environment Interaction in a High Risk Group (AIRGENE),2003-2004,disease | genetics,Environmental,Vehicle Emissions,traffic-related air pollution,,,132,Subjects with disease:Myocardial Infarction,Italy subset,,62.5 years (mean),Both Males and Females,,,,,"air, ambient",Particulate Matter,14 micrograms per cubic meter,25th percentile,particulate matter size PM2.5,Italy,,Rome,,,,,,
19750100,Air Pollution and Inflammatory Response in Myocardial Infarction Survivors: Gene-Environment Interaction in a High Risk Group (AIRGENE),2003-2004,disease | genetics,Environmental,Vehicle Emissions,traffic-related air pollution,,,132,Subjects with disease:Myocardial Infarction,Italy subset,,62.5 years (mean),Both Males and Females,,,,,"air, ambient",Particulate Matter,30.7 micrograms per cubic meter,75th percentile,particulate matter size PM2.5,Italy,,Rome,,,,,,
19750100,Air Pollution and Inflammatory Response in Myocardial Infarction Survivors: Gene-Environment Interaction in a High Risk Group (AIRGENE),2003-2004,disease | genetics,Environmental,Vehicle Emissions,traffic-related air pollution,,,132,Subjects with disease:Myocardial Infarction,Italy subset,,62.5 years (mean),Both Males and Females,,,,,"air, ambient",Particulate Matter,42.1 micrograms per cubic meter,mean,particulate matter size PM10,Italy,,Rome,,,,,,
19750100,Air Pollution and Inflammatory Response in Myocardial Infarction Survivors: Gene-Environment Interaction in a High Risk Group (AIRGENE),2003-2004,disease | genetics,Environmental,Vehicle Emissions,traffic-related air pollution,,,132,Subjects with disease:Myocardial Infarction,Italy subset,,62.5 years (mean),Both Males and Females,,,,,"air, ambient",Particulate Matter,30.6 micrograms per cubic meter,25th percentile,particulate matter size PM10,Italy,,Rome,,,,,,
19750100,Air Pollution and Inflammatory Response in Myocardial Infarction Survivors: Gene-Environment Interaction in a High Risk Group (AIRGENE),2003-2004,disease | genetics,Environmental,Vehicle Emissions,traffic-related air pollution,,,132,Subjects with disease:Myocardial Infarction,Italy subset,,62.5 years (mean),Both Males and Females,,,,,"air, ambient",Particulate Matter,49.9 micrograms per cubic meter,75th percentile,particulate matter size PM10,Italy,,Rome,,,,,,
19750100,Air Pollution and Inflammatory Response in Myocardial Infarction Survivors: Gene-Environment Interaction in a High Risk Group (AIRGENE),2003-2004,disease | genetics,Environmental,Vehicle Emissions,traffic-related air pollution,,,132,Subjects with disease:Myocardial Infarction,Italy subset,,62.5 years (mean),Both Males and Females,,,,,plasma,IL6,3 picograms per milliliter,mean,,Italy,,Rome,,,,,,
19750100,Air Pollution and Inflammatory Response in Myocardial Infarction Survivors: Gene-Environment Interaction in a High Risk Group (AIRGENE),2003-2004,disease | genetics,Environmental,Vehicle Emissions,traffic-related air pollution,,,132,Subjects with disease:Myocardial Infarction,Italy subset,,62.5 years (mean),Both Males and Females,,,,,plasma,IL6,1 picograms per milliliter,minimum,,Italy,,Rome,,,,,,
19750100,Air Pollution and Inflammatory Response in Myocardial Infarction Survivors: Gene-Environment Interaction in a High Risk Group (AIRGENE),2003-2004,disease | genetics,Environmental,Vehicle Emissions,traffic-related air pollution,,,132,Subjects with disease:Myocardial Infarction,Italy subset,,62.5 years (mean),Both Males and Females,,,,,plasma,IL6,61.4 picograms per milliliter,maximum,,Italy,,Rome,,,,,,
19750100,Air Pollution and Inflammatory Response in Myocardial Infarction Survivors: Gene-Environment Interaction in a High Risk Group (AIRGENE),2003-2004,disease | genetics,Environmental,Vehicle Emissions,traffic-related air pollution,,,160,Subjects with disease:Myocardial Infarction,Spain subset,,62.1 years (mean),Both Males and Females,,,,,"air, ambient",Carbon Monoxide,0.59 milligrams per cubic meter,mean,,Spain,,Barcelona,,,,,,
19750100,Air Pollution and Inflammatory Response in Myocardial Infarction Survivors: Gene-Environment Interaction in a High Risk Group (AIRGENE),2003-2004,disease | genetics,Environmental,Vehicle Emissions,traffic-related air pollution,,,160,Subjects with disease:Myocardial Infarction,Spain subset,,62.1 years (mean),Both Males and Females,,,,,"air, ambient",Carbon Monoxide,0.45 milligrams per cubic meter,25th percentile,,Spain,,Barcelona,,,,,,
19750100,Air Pollution and Inflammatory Response in Myocardial Infarction Survivors: Gene-Environment Interaction in a High Risk Group (AIRGENE),2003-2004,disease | genetics,Environmental,Vehicle Emissions,traffic-related air pollution,,,160,Subjects with disease:Myocardial Infarction,Spain subset,,62.1 years (mean),Both Males and Females,,,,,"air, ambient",Carbon Monoxide,0.7 milligrams per cubic meter,75th percentile,,Spain,,Barcelona,,,,,,
19750100,Air Pollution and Inflammatory Response in Myocardial Infarction Survivors: Gene-Environment Interaction in a High Risk Group (AIRGENE),2003-2004,disease | genetics,Environmental,Vehicle Emissions,traffic-related air pollution,,,160,Subjects with disease:Myocardial Infarction,Spain subset,,62.1 years (mean),Both Males and Females,,,,,"air, ambient",Nitrogen Dioxide,50.5 micrograms per cubic meter,mean,,Spain,,Barcelona,,,,,,
19750100,Air Pollution and Inflammatory Response in Myocardial Infarction Survivors: Gene-Environment Interaction in a High Risk Group (AIRGENE),2003-2004,disease | genetics,Environmental,Vehicle Emissions,traffic-related air pollution,,,160,Subjects with disease:Myocardial Infarction,Spain subset,,62.1 years (mean),Both Males and Females,,,,,"air, ambient",Nitrogen Dioxide,39.3 micrograms per cubic meter,25th percentile,,Spain,,Barcelona,,,,,,
19750100,Air Pollution and Inflammatory Response in Myocardial Infarction Survivors: Gene-Environment Interaction in a High Risk Group (AIRGENE),2003-2004,disease | genetics,Environmental,Vehicle Emissions,traffic-related air pollution,,,160,Subjects with disease:Myocardial Infarction,Spain subset,,62.1 years (mean),Both Males and Females,,,,,"air, ambient",Nitrogen Dioxide,60.4 micrograms per cubic meter,75th percentile,,Spain,,Barcelona,,,,,,
19750100,Air Pollution and Inflammatory Response in Myocardial Infarction Survivors: Gene-Environment Interaction in a High Risk Group (AIRGENE),2003-2004,disease | genetics,Environmental,Vehicle Emissions,traffic-related air pollution,,,160,Subjects with disease:Myocardial Infarction,Spain subset,,62.1 years (mean),Both Males and Females,,,,,"air, ambient",Particulate Matter,24.2 micrograms per cubic meter,mean,particulate matter size PM2.5,Spain,,Barcelona,,,,,,
19750100,Air Pollution and Inflammatory Response in Myocardial Infarction Survivors: Gene-Environment Interaction in a High Risk Group (AIRGENE),2003-2004,disease | genetics,Environmental,Vehicle Emissions,traffic-related air pollution,,,160,Subjects with disease:Myocardial Infarction,Spain subset,,62.1 years (mean),Both Males and Females,,,,,"air, ambient",Particulate Matter,13.5 micrograms per cubic meter,25th percentile,particulate matter size PM2.5,Spain,,Barcelona,,,,,,
19750100,Air Pollution and Inflammatory Response in Myocardial Infarction Survivors: Gene-Environment Interaction in a High Risk Group (AIRGENE),2003-2004,disease | genetics,Environmental,Vehicle Emissions,traffic-related air pollution,,,160,Subjects with disease:Myocardial Infarction,Spain subset,,62.1 years (mean),Both Males and Females,,,,,"air, ambient",Particulate Matter,29.7 micrograms per cubic meter,75th percentile,particulate matter size PM2.5,Spain,,Barcelona,,,,,,
19750100,Air Pollution and Inflammatory Response in Myocardial Infarction Survivors: Gene-Environment Interaction in a High Risk Group (AIRGENE),2003-2004,disease | genetics,Environmental,Vehicle Emissions,traffic-related air pollution,,,160,Subjects with disease:Myocardial Infarction,Spain subset,,62.1 years (mean),Both Males and Females,,,,,"air, ambient",Particulate Matter,40.7 micrograms per cubic meter,mean,particulate matter size PM10,Spain,,Barcelona,,,,,,
19750100,Air Pollution and Inflammatory Response in Myocardial Infarction Survivors: Gene-Environment Interaction in a High Risk Group (AIRGENE),2003-2004,disease | genetics,Environmental,Vehicle Emissions,traffic-related air pollution,,,160,Subjects with disease:Myocardial Infarction,Spain subset,,62.1 years (mean),Both Males and Females,,,,,"air, ambient",Particulate Matter,25.1 micrograms per cubic meter,25th percentile,particulate matter size PM10,Spain,,Barcelona,,,,,,
19750100,Air Pollution and Inflammatory Response in Myocardial Infarction Survivors: Gene-Environment Interaction in a High Risk Group (AIRGENE),2003-2004,disease | genetics,Environmental,Vehicle Emissions,traffic-related air pollution,,,160,Subjects with disease:Myocardial Infarction,Spain subset,,62.1 years (mean),Both Males and Females,,,,,"air, ambient",Particulate Matter,49.2 micrograms per cubic meter,75th percentile,particulate matter size PM10,Spain,,Barcelona,,,,,,
19750100,Air Pollution and Inflammatory Response in Myocardial Infarction Survivors: Gene-Environment Interaction in a High Risk Group (AIRGENE),2003-2004,disease | genetics,Environmental,Vehicle Emissions,traffic-related air pollution,,,160,Subjects with disease:Myocardial Infarction,Spain subset,,62.1 years (mean),Both Males and Females,,,,,plasma,IL6,3.5 picograms per milliliter,mean,,Spain,,Barcelona,,,,,,
19750100,Air Pollution and Inflammatory Response in Myocardial Infarction Survivors: Gene-Environment Interaction in a High Risk Group (AIRGENE),2003-2004,disease | genetics,Environmental,Vehicle Emissions,traffic-related air pollution,,,160,Subjects with disease:Myocardial Infarction,Spain subset,,62.1 years (mean),Both Males and Females,,,,,plasma,IL6,0.8 picograms per milliliter,minimum,,Spain,,Barcelona,,,,,,
19750100,Air Pollution and Inflammatory Response in Myocardial Infarction Survivors: Gene-Environment Interaction in a High Risk Group (AIRGENE),2003-2004,disease | genetics,Environmental,Vehicle Emissions,traffic-related air pollution,,,160,Subjects with disease:Myocardial Infarction,Spain subset,,62.1 years (mean),Both Males and Females,,,,,plasma,IL6,28.5 picograms per milliliter,maximum,,Spain,,Barcelona,,,,,,
19750100,Air Pollution and Inflammatory Response in Myocardial Infarction Survivors: Gene-Environment Interaction in a High Risk Group (AIRGENE),2003-2004,disease | genetics,Environmental,Vehicle Emissions,traffic-related air pollution,,,182,Subjects with disease:Myocardial Infarction,Finland subset,,64.4 years (mean),Both Males and Females,,,,,"air, ambient",Carbon Monoxide,0.31 milligrams per cubic meter,mean,,Finland,,Helsinki,,,,,,
19750100,Air Pollution and Inflammatory Response in Myocardial Infarction Survivors: Gene-Environment Interaction in a High Risk Group (AIRGENE),2003-2004,disease | genetics,Environmental,Vehicle Emissions,traffic-related air pollution,,,182,Subjects with disease:Myocardial Infarction,Finland subset,,64.4 years (mean),Both Males and Females,,,,,"air, ambient",Carbon Monoxide,0.26 milligrams per cubic meter,25th percentile,,Finland,,Helsinki,,,,,,
19750100,Air Pollution and Inflammatory Response in Myocardial Infarction Survivors: Gene-Environment Interaction in a High Risk Group (AIRGENE),2003-2004,disease | genetics,Environmental,Vehicle Emissions,traffic-related air pollution,,,182,Subjects with disease:Myocardial Infarction,Finland subset,,64.4 years (mean),Both Males and Females,,,,,"air, ambient",Carbon Monoxide,0.34 milligrams per cubic meter,75th percentile,,Finland,,Helsinki,,,,,,
19750100,Air Pollution and Inflammatory Response in Myocardial Infarction Survivors: Gene-Environment Interaction in a High Risk Group (AIRGENE),2003-2004,disease | genetics,Environmental,Vehicle Emissions,traffic-related air pollution,,,182,Subjects with disease:Myocardial Infarction,Finland subset,,64.4 years (mean),Both Males and Females,,,,,"air, ambient",Nitrogen Dioxide,28.6 micrograms per cubic meter,mean,,Finland,,Helsinki,,,,,,
19750100,Air Pollution and Inflammatory Response in Myocardial Infarction Survivors: Gene-Environment Interaction in a High Risk Group (AIRGENE),2003-2004,disease | genetics,Environmental,Vehicle Emissions,traffic-related air pollution,,,182,Subjects with disease:Myocardial Infarction,Finland subset,,64.4 years (mean),Both Males and Females,,,,,"air, ambient",Nitrogen Dioxide,20.5 micrograms per cubic meter,25th percentile,,Finland,,Helsinki,,,,,,
19750100,Air Pollution and Inflammatory Response in Myocardial Infarction Survivors: Gene-Environment Interaction in a High Risk Group (AIRGENE),2003-2004,disease | genetics,Environmental,Vehicle Emissions,traffic-related air pollution,,,182,Subjects with disease:Myocardial Infarction,Finland subset,,64.4 years (mean),Both Males and Females,,,,,"air, ambient",Nitrogen Dioxide,34.6 micrograms per cubic meter,75th percentile,,Finland,,Helsinki,,,,,,
19750100,Air Pollution and Inflammatory Response in Myocardial Infarction Survivors: Gene-Environment Interaction in a High Risk Group (AIRGENE),2003-2004,disease | genetics,Environmental,Vehicle Emissions,traffic-related air pollution,,,182,Subjects with disease:Myocardial Infarction,Finland subset,,64.4 years (mean),Both Males and Females,,,,,"air, ambient",Particulate Matter,8.2 micrograms per cubic meter,mean,particulate matter size PM2.5,Finland,,Helsinki,,,,,,
19750100,Air Pollution and Inflammatory Response in Myocardial Infarction Survivors: Gene-Environment Interaction in a High Risk Group (AIRGENE),2003-2004,disease | genetics,Environmental,Vehicle Emissions,traffic-related air pollution,,,182,Subjects with disease:Myocardial Infarction,Finland subset,,64.4 years (mean),Both Males and Females,,,,,"air, ambient",Particulate Matter,4.7 micrograms per cubic meter,25th percentile,particulate matter size PM2.5,Finland,,Helsinki,,,,,,
19750100,Air Pollution and Inflammatory Response in Myocardial Infarction Survivors: Gene-Environment Interaction in a High Risk Group (AIRGENE),2003-2004,disease | genetics,Environmental,Vehicle Emissions,traffic-related air pollution,,,182,Subjects with disease:Myocardial Infarction,Finland subset,,64.4 years (mean),Both Males and Females,,,,,"air, ambient",Particulate Matter,10.4 micrograms per cubic meter,75th percentile,particulate matter size PM2.5,Finland,,Helsinki,,,,,,
19750100,Air Pollution and Inflammatory Response in Myocardial Infarction Survivors: Gene-Environment Interaction in a High Risk Group (AIRGENE),2003-2004,disease | genetics,Environmental,Vehicle Emissions,traffic-related air pollution,,,182,Subjects with disease:Myocardial Infarction,Finland subset,,64.4 years (mean),Both Males and Females,,,,,"air, ambient",Particulate Matter,17.1 micrograms per cubic meter,mean,particulate matter size PM10,Finland,,Helsinki,,,,,,
19750100,Air Pollution and Inflammatory Response in Myocardial Infarction Survivors: Gene-Environment Interaction in a High Risk Group (AIRGENE),2003-2004,disease | genetics,Environmental,Vehicle Emissions,traffic-related air pollution,,,182,Subjects with disease:Myocardial Infarction,Finland subset,,64.4 years (mean),Both Males and Females,,,,,"air, ambient",Particulate Matter,10.5 micrograms per cubic meter,25th percentile,particulate matter size PM10,Finland,,Helsinki,,,,,,
19750100,Air Pollution and Inflammatory Response in Myocardial Infarction Survivors: Gene-Environment Interaction in a High Risk Group (AIRGENE),2003-2004,disease | genetics,Environmental,Vehicle Emissions,traffic-related air pollution,,,182,Subjects with disease:Myocardial Infarction,Finland subset,,64.4 years (mean),Both Males and Females,,,,,"air, ambient",Particulate Matter,20.7 micrograms per cubic meter,75th percentile,particulate matter size PM10,Finland,,Helsinki,,,,,,
19750100,Air Pollution and Inflammatory Response in Myocardial Infarction Survivors: Gene-Environment Interaction in a High Risk Group (AIRGENE),2003-2004,disease | genetics,Environmental,Vehicle Emissions,traffic-related air pollution,,,182,Subjects with disease:Myocardial Infarction,Finland subset,,64.4 years (mean),Both Males and Females,,,,,plasma,IL6,3.1 picograms per milliliter,mean,,Finland,,Helsinki,,,,,,
19750100,Air Pollution and Inflammatory Response in Myocardial Infarction Survivors: Gene-Environment Interaction in a High Risk Group (AIRGENE),2003-2004,disease | genetics,Environmental,Vehicle Emissions,traffic-related air pollution,,,182,Subjects with disease:Myocardial Infarction,Finland subset,,64.4 years (mean),Both Males and Females,,,,,plasma,IL6,0.9 picograms per milliliter,minimum,,Finland,,Helsinki,,,,,,
19750100,Air Pollution and Inflammatory Response in Myocardial Infarction Survivors: Gene-Environment Interaction in a High Risk Group (AIRGENE),2003-2004,disease | genetics,Environmental,Vehicle Emissions,traffic-related air pollution,,,182,Subjects with disease:Myocardial Infarction,Finland subset,,64.4 years (mean),Both Males and Females,,,,,plasma,IL6,19.7 picograms per milliliter,maximum,,Finland,,Helsinki,,,,,,
19750100,Air Pollution and Inflammatory Response in Myocardial Infarction Survivors: Gene-Environment Interaction in a High Risk Group (AIRGENE),2003-2004,disease | genetics,Environmental,Vehicle Emissions,traffic-related air pollution,,,187,Subjects with disease:Myocardial Infarction,Germany subset,,61.9 years (mean),Both Males and Females,,,,,"air, ambient",Carbon Monoxide,0.58 milligrams per cubic meter,mean,,Germany,,Augsburg,,,,,,
19750100,Air Pollution and Inflammatory Response in Myocardial Infarction Survivors: Gene-Environment Interaction in a High Risk Group (AIRGENE),2003-2004,disease | genetics,Environmental,Vehicle Emissions,traffic-related air pollution,,,187,Subjects with disease:Myocardial Infarction,Germany subset,,61.9 years (mean),Both Males and Females,,,,,"air, ambient",Carbon Monoxide,0.43 milligrams per cubic meter,25th percentile,,Germany,,Augsburg,,,,,,
19750100,Air Pollution and Inflammatory Response in Myocardial Infarction Survivors: Gene-Environment Interaction in a High Risk Group (AIRGENE),2003-2004,disease | genetics,Environmental,Vehicle Emissions,traffic-related air pollution,,,187,Subjects with disease:Myocardial Infarction,Germany subset,,61.9 years (mean),Both Males and Females,,,,,"air, ambient",Carbon Monoxide,0.66 milligrams per cubic meter,75th percentile,,Germany,,Augsburg,,,,,,
19750100,Air Pollution and Inflammatory Response in Myocardial Infarction Survivors: Gene-Environment Interaction in a High Risk Group (AIRGENE),2003-2004,disease | genetics,Environmental,Vehicle Emissions,traffic-related air pollution,,,187,Subjects with disease:Myocardial Infarction,Germany subset,,61.9 years (mean),Both Males and Females,,,,,"air, ambient",Nitrogen Dioxide,40 micrograms per cubic meter,mean,,Germany,,Augsburg,,,,,,
19750100,Air Pollution and Inflammatory Response in Myocardial Infarction Survivors: Gene-Environment Interaction in a High Risk Group (AIRGENE),2003-2004,disease | genetics,Environmental,Vehicle Emissions,traffic-related air pollution,,,187,Subjects with disease:Myocardial Infarction,Germany subset,,61.9 years (mean),Both Males and Females,,,,,"air, ambient",Nitrogen Dioxide,32.7 micrograms per cubic meter,25th percentile,,Germany,,Augsburg,,,,,,
19750100,Air Pollution and Inflammatory Response in Myocardial Infarction Survivors: Gene-Environment Interaction in a High Risk Group (AIRGENE),2003-2004,disease | genetics,Environmental,Vehicle Emissions,traffic-related air pollution,,,187,Subjects with disease:Myocardial Infarction,Germany subset,,61.9 years (mean),Both Males and Females,,,,,"air, ambient",Nitrogen Dioxide,46.5 micrograms per cubic meter,75th percentile,,Germany,,Augsburg,,,,,,
19750100,Air Pollution and Inflammatory Response in Myocardial Infarction Survivors: Gene-Environment Interaction in a High Risk Group (AIRGENE),2003-2004,disease | genetics,Environmental,Vehicle Emissions,traffic-related air pollution,,,187,Subjects with disease:Myocardial Infarction,Germany subset,,61.9 years (mean),Both Males and Females,,,,,"air, ambient",Particulate Matter,17.4 micrograms per cubic meter,mean,particulate matter size PM2.5,Germany,,Augsburg,,,,,,
19750100,Air Pollution and Inflammatory Response in Myocardial Infarction Survivors: Gene-Environment Interaction in a High Risk Group (AIRGENE),2003-2004,disease | genetics,Environmental,Vehicle Emissions,traffic-related air pollution,,,187,Subjects with disease:Myocardial Infarction,Germany subset,,61.9 years (mean),Both Males and Females,,,,,"air, ambient",Particulate Matter,12.2 micrograms per cubic meter,25th percentile,particulate matter size PM2.5,Germany,,Augsburg,,,,,,
19750100,Air Pollution and Inflammatory Response in Myocardial Infarction Survivors: Gene-Environment Interaction in a High Risk Group (AIRGENE),2003-2004,disease | genetics,Environmental,Vehicle Emissions,traffic-related air pollution,,,187,Subjects with disease:Myocardial Infarction,Germany subset,,61.9 years (mean),Both Males and Females,,,,,"air, ambient",Particulate Matter,21.2 micrograms per cubic meter,75th percentile,particulate matter size PM2.5,Germany,,Augsburg,,,,,,
19750100,Air Pollution and Inflammatory Response in Myocardial Infarction Survivors: Gene-Environment Interaction in a High Risk Group (AIRGENE),2003-2004,disease | genetics,Environmental,Vehicle Emissions,traffic-related air pollution,,,187,Subjects with disease:Myocardial Infarction,Germany subset,,61.9 years (mean),Both Males and Females,,,,,"air, ambient",Particulate Matter,33.1 micrograms per cubic meter,mean,particulate matter size PM10,Germany,,Augsburg,,,,,,
19750100,Air Pollution and Inflammatory Response in Myocardial Infarction Survivors: Gene-Environment Interaction in a High Risk Group (AIRGENE),2003-2004,disease | genetics,Environmental,Vehicle Emissions,traffic-related air pollution,,,187,Subjects with disease:Myocardial Infarction,Germany subset,,61.9 years (mean),Both Males and Females,,,,,"air, ambient",Particulate Matter,22 micrograms per cubic meter,25th percentile,particulate matter size PM10,Germany,,Augsburg,,,,,,
19750100,Air Pollution and Inflammatory Response in Myocardial Infarction Survivors: Gene-Environment Interaction in a High Risk Group (AIRGENE),2003-2004,disease | genetics,Environmental,Vehicle Emissions,traffic-related air pollution,,,187,Subjects with disease:Myocardial Infarction,Germany subset,,61.9 years (mean),Both Males and Females,,,,,"air, ambient",Particulate Matter,42.7 micrograms per cubic meter,75th percentile,particulate matter size PM10,Germany,,Augsburg,,,,,,
19750100,Air Pollution and Inflammatory Response in Myocardial Infarction Survivors: Gene-Environment Interaction in a High Risk Group (AIRGENE),2003-2004,disease | genetics,Environmental,Vehicle Emissions,traffic-related air pollution,,,187,Subjects with disease:Myocardial Infarction,Germany subset,,61.9 years (mean),Both Males and Females,,,,,plasma,IL6,2.5 picograms per milliliter,mean,,Germany,,Augsburg,,,,,,
19750100,Air Pollution and Inflammatory Response in Myocardial Infarction Survivors: Gene-Environment Interaction in a High Risk Group (AIRGENE),2003-2004,disease | genetics,Environmental,Vehicle Emissions,traffic-related air pollution,,,187,Subjects with disease:Myocardial Infarction,Germany subset,,61.9 years (mean),Both Males and Females,,,,,plasma,IL6,0.6 picograms per milliliter,minimum,,Germany,,Augsburg,,,,,,
19750100,Air Pollution and Inflammatory Response in Myocardial Infarction Survivors: Gene-Environment Interaction in a High Risk Group (AIRGENE),2003-2004,disease | genetics,Environmental,Vehicle Emissions,traffic-related air pollution,,,187,Subjects with disease:Myocardial Infarction,Germany subset,,61.9 years (mean),Both Males and Females,,,,,plasma,IL6,11.8 picograms per milliliter,maximum,,Germany,,Augsburg,,,,,,
19750100,Air Pollution and Inflammatory Response in Myocardial Infarction Survivors: Gene-Environment Interaction in a High Risk Group (AIRGENE),2003-2004,disease | genetics,Environmental,Vehicle Emissions,traffic-related air pollution,,,193,Subjects with disease:Myocardial Infarction,Sweden subset,,64 years (mean),Both Males and Females,,,,,"air, ambient",Carbon Monoxide,0.29 milligrams per cubic meter,mean,,Sweden,,Stockholm,,,,,,
19750100,Air Pollution and Inflammatory Response in Myocardial Infarction Survivors: Gene-Environment Interaction in a High Risk Group (AIRGENE),2003-2004,disease | genetics,Environmental,Vehicle Emissions,traffic-related air pollution,,,193,Subjects with disease:Myocardial Infarction,Sweden subset,,64 years (mean),Both Males and Females,,,,,"air, ambient",Carbon Monoxide,0.25 milligrams per cubic meter,25th percentile,,Sweden,,Stockholm,,,,,,
19750100,Air Pollution and Inflammatory Response in Myocardial Infarction Survivors: Gene-Environment Interaction in a High Risk Group (AIRGENE),2003-2004,disease | genetics,Environmental,Vehicle Emissions,traffic-related air pollution,,,193,Subjects with disease:Myocardial Infarction,Sweden subset,,64 years (mean),Both Males and Females,,,,,"air, ambient",Carbon Monoxide,0.34 milligrams per cubic meter,75th percentile,,Sweden,,Stockholm,,,,,,
19750100,Air Pollution and Inflammatory Response in Myocardial Infarction Survivors: Gene-Environment Interaction in a High Risk Group (AIRGENE),2003-2004,disease | genetics,Environmental,Vehicle Emissions,traffic-related air pollution,,,193,Subjects with disease:Myocardial Infarction,Sweden subset,,64 years (mean),Both Males and Females,,,,,"air, ambient",Nitrogen Dioxide,18.4 micrograms per cubic meter,mean,,Sweden,,Stockholm,,,,,,
19750100,Air Pollution and Inflammatory Response in Myocardial Infarction Survivors: Gene-Environment Interaction in a High Risk Group (AIRGENE),2003-2004,disease | genetics,Environmental,Vehicle Emissions,traffic-related air pollution,,,193,Subjects with disease:Myocardial Infarction,Sweden subset,,64 years (mean),Both Males and Females,,,,,"air, ambient",Nitrogen Dioxide,12.7 micrograms per cubic meter,25th percentile,,Sweden,,Stockholm,,,,,,
19750100,Air Pollution and Inflammatory Response in Myocardial Infarction Survivors: Gene-Environment Interaction in a High Risk Group (AIRGENE),2003-2004,disease | genetics,Environmental,Vehicle Emissions,traffic-related air pollution,,,193,Subjects with disease:Myocardial Infarction,Sweden subset,,64 years (mean),Both Males and Females,,,,,"air, ambient",Nitrogen Dioxide,22.9 micrograms per cubic meter,75th percentile,,Sweden,,Stockholm,,,,,,
19750100,Air Pollution and Inflammatory Response in Myocardial Infarction Survivors: Gene-Environment Interaction in a High Risk Group (AIRGENE),2003-2004,disease | genetics,Environmental,Vehicle Emissions,traffic-related air pollution,,,193,Subjects with disease:Myocardial Infarction,Sweden subset,,64 years (mean),Both Males and Females,,,,,"air, ambient",Particulate Matter,8.8 micrograms per cubic meter,mean,particulate matter size PM2.5,Sweden,,Stockholm,,,,,,
19750100,Air Pollution and Inflammatory Response in Myocardial Infarction Survivors: Gene-Environment Interaction in a High Risk Group (AIRGENE),2003-2004,disease | genetics,Environmental,Vehicle Emissions,traffic-related air pollution,,,193,Subjects with disease:Myocardial Infarction,Sweden subset,,64 years (mean),Both Males and Females,,,,,"air, ambient",Particulate Matter,6 micrograms per cubic meter,25th percentile,particulate matter size PM2.5,Sweden,,Stockholm,,,,,,
19750100,Air Pollution and Inflammatory Response in Myocardial Infarction Survivors: Gene-Environment Interaction in a High Risk Group (AIRGENE),2003-2004,disease | genetics,Environmental,Vehicle Emissions,traffic-related air pollution,,,193,Subjects with disease:Myocardial Infarction,Sweden subset,,64 years (mean),Both Males and Females,,,,,"air, ambient",Particulate Matter,10.3 micrograms per cubic meter,75th percentile,particulate matter size PM2.5,Sweden,,Stockholm,,,,,,
19750100,Air Pollution and Inflammatory Response in Myocardial Infarction Survivors: Gene-Environment Interaction in a High Risk Group (AIRGENE),2003-2004,disease | genetics,Environmental,Vehicle Emissions,traffic-related air pollution,,,193,Subjects with disease:Myocardial Infarction,Sweden subset,,64 years (mean),Both Males and Females,,,,,"air, ambient",Particulate Matter,17.8 micrograms per cubic meter,mean,particulate matter size PM10,Sweden,,Stockholm,,,,,,
19750100,Air Pollution and Inflammatory Response in Myocardial Infarction Survivors: Gene-Environment Interaction in a High Risk Group (AIRGENE),2003-2004,disease | genetics,Environmental,Vehicle Emissions,traffic-related air pollution,,,193,Subjects with disease:Myocardial Infarction,Sweden subset,,64 years (mean),Both Males and Females,,,,,"air, ambient",Particulate Matter,11 micrograms per cubic meter,25th percentile,particulate matter size PM10,Sweden,,Stockholm,,,,,,
19750100,Air Pollution and Inflammatory Response in Myocardial Infarction Survivors: Gene-Environment Interaction in a High Risk Group (AIRGENE),2003-2004,disease | genetics,Environmental,Vehicle Emissions,traffic-related air pollution,,,193,Subjects with disease:Myocardial Infarction,Sweden subset,,64 years (mean),Both Males and Females,,,,,"air, ambient",Particulate Matter,21.7 micrograms per cubic meter,75th percentile,particulate matter size PM10,Sweden,,Stockholm,,,,,,
19750100,Air Pollution and Inflammatory Response in Myocardial Infarction Survivors: Gene-Environment Interaction in a High Risk Group (AIRGENE),2003-2004,disease | genetics,Environmental,Vehicle Emissions,traffic-related air pollution,,,193,Subjects with disease:Myocardial Infarction,Sweden subset,,64 years (mean),Both Males and Females,,,,,plasma,IL6,2.6 picograms per milliliter,mean,,Sweden,,Stockholm,,,,,,
19750100,Air Pollution and Inflammatory Response in Myocardial Infarction Survivors: Gene-Environment Interaction in a High Risk Group (AIRGENE),2003-2004,disease | genetics,Environmental,Vehicle Emissions,traffic-related air pollution,,,193,Subjects with disease:Myocardial Infarction,Sweden subset,,64 years (mean),Both Males and Females,,,,,plasma,IL6,0.5 picograms per milliliter,minimum,,Sweden,,Stockholm,,,,,,
19750100,Air Pollution and Inflammatory Response in Myocardial Infarction Survivors: Gene-Environment Interaction in a High Risk Group (AIRGENE),2003-2004,disease | genetics,Environmental,Vehicle Emissions,traffic-related air pollution,,,193,Subjects with disease:Myocardial Infarction,Sweden subset,,64 years (mean),Both Males and Females,,,,,plasma,IL6,24.4 picograms per milliliter,maximum,,Sweden,,Stockholm,,,,,,
28355232,CATHeterization GENetics (CATHGEN),2001-2011,genetics,Environmental,Vehicle Emissions,traffic-related air pollution,,,538,Subjects with gene influence:FCAMR,rs1856746 and rs2791713 SNPs in PIGR-FCAMR locus,,56.3 years (mean),54% Males (Only)|46% Females (Only),100% Black,Illumina HumanOmni genotyping | residence proximity to major roadways,,,,,,,,United States,North Carolina,,,positive correlation,Coronary Artery Disease,,,
28355232,CATHeterization GENetics (CATHGEN),2001-2011,genetics,Environmental,Vehicle Emissions,traffic-related air pollution,,,538,Subjects with gene influence:PIGR,rs1856746 and rs2791713 SNPs in PIGR-FCAMR locus,,56.3 years (mean),54% Males (Only)|46% Females (Only),100% Black,Illumina HumanOmni genotyping | residence proximity to major roadways,,,,,,,,United States,North Carolina,,,positive correlation,Coronary Artery Disease,,,
19750100,Air Pollution and Inflammatory Response in Myocardial Infarction Survivors: Gene-Environment Interaction in a High Risk Group (AIRGENE),2003-2004,disease | genetics,Environmental,Vehicle Emissions,traffic-related air pollution,,,955,Subjects with disease:Myocardial Infarction,total 6 countries,,62.2 years (mean),Both Males and Females,,,,,"air, ambient",Carbon Monoxide,0.78 milligrams per cubic meter,mean,,Finland|Germany|Greece|Italy|Spain|Sweden,,,,,,,,
19750100,Air Pollution and Inflammatory Response in Myocardial Infarction Survivors: Gene-Environment Interaction in a High Risk Group (AIRGENE),2003-2004,disease | genetics,Environmental,Vehicle Emissions,traffic-related air pollution,,,955,Subjects with disease:Myocardial Infarction,total 6 countries,,62.2 years (mean),Both Males and Females,,,,,"air, ambient",Carbon Monoxide,0.56 milligrams per cubic meter,25th percentile,,Finland|Germany|Greece|Italy|Spain|Sweden,,,,,,,,
19750100,Air Pollution and Inflammatory Response in Myocardial Infarction Survivors: Gene-Environment Interaction in a High Risk Group (AIRGENE),2003-2004,disease | genetics,Environmental,Vehicle Emissions,traffic-related air pollution,,,955,Subjects with disease:Myocardial Infarction,total 6 countries,,62.2 years (mean),Both Males and Females,,,,,"air, ambient",Carbon Monoxide,0.9 milligrams per cubic meter,75th percentile,,Finland|Germany|Greece|Italy|Spain|Sweden,,,,,,,,
19750100,Air Pollution and Inflammatory Response in Myocardial Infarction Survivors: Gene-Environment Interaction in a High Risk Group (AIRGENE),2003-2004,disease | genetics,Environmental,Vehicle Emissions,traffic-related air pollution,,,955,Subjects with disease:Myocardial Infarction,total 6 countries,,62.2 years (mean),Both Males and Females,,,,,"air, ambient",Nitrogen Dioxide,42.4 micrograms per cubic meter,mean,,Finland|Germany|Greece|Italy|Spain|Sweden,,,,,,,,
19750100,Air Pollution and Inflammatory Response in Myocardial Infarction Survivors: Gene-Environment Interaction in a High Risk Group (AIRGENE),2003-2004,disease | genetics,Environmental,Vehicle Emissions,traffic-related air pollution,,,955,Subjects with disease:Myocardial Infarction,total 6 countries,,62.2 years (mean),Both Males and Females,,,,,"air, ambient",Nitrogen Dioxide,34 micrograms per cubic meter,25th percentile,,Finland|Germany|Greece|Italy|Spain|Sweden,,,,,,,,
19750100,Air Pollution and Inflammatory Response in Myocardial Infarction Survivors: Gene-Environment Interaction in a High Risk Group (AIRGENE),2003-2004,disease | genetics,Environmental,Vehicle Emissions,traffic-related air pollution,,,955,Subjects with disease:Myocardial Infarction,total 6 countries,,62.2 years (mean),Both Males and Females,,,,,"air, ambient",Nitrogen Dioxide,49.9 micrograms per cubic meter,75th percentile,,Finland|Germany|Greece|Italy|Spain|Sweden,,,,,,,,
19750100,Air Pollution and Inflammatory Response in Myocardial Infarction Survivors: Gene-Environment Interaction in a High Risk Group (AIRGENE),2003-2004,disease | genetics,Environmental,Vehicle Emissions,traffic-related air pollution,,,955,Subjects with disease:Myocardial Infarction,total 6 countries,,62.2 years (mean),Both Males and Females,,,,,"air, ambient",Particulate Matter,17.7 micrograms per cubic meter,mean,particulate matter size PM2.5,Finland|Germany|Greece|Italy|Spain|Sweden,,,,,,,,
19750100,Air Pollution and Inflammatory Response in Myocardial Infarction Survivors: Gene-Environment Interaction in a High Risk Group (AIRGENE),2003-2004,disease | genetics,Environmental,Vehicle Emissions,traffic-related air pollution,,,955,Subjects with disease:Myocardial Infarction,total 6 countries,,62.2 years (mean),Both Males and Females,,,,,"air, ambient",Particulate Matter,10.9 micrograms per cubic meter,25th percentile,particulate matter size PM2.5,Finland|Germany|Greece|Italy|Spain|Sweden,,,,,,,,
19750100,Air Pollution and Inflammatory Response in Myocardial Infarction Survivors: Gene-Environment Interaction in a High Risk Group (AIRGENE),2003-2004,disease | genetics,Environmental,Vehicle Emissions,traffic-related air pollution,,,955,Subjects with disease:Myocardial Infarction,total 6 countries,,62.2 years (mean),Both Males and Females,,,,,"air, ambient",Particulate Matter,21.9 micrograms per cubic meter,75th percentile,particulate matter size PM2.5,Finland|Germany|Greece|Italy|Spain|Sweden,,,,,,,,
19750100,Air Pollution and Inflammatory Response in Myocardial Infarction Survivors: Gene-Environment Interaction in a High Risk Group (AIRGENE),2003-2004,disease | genetics,Environmental,Vehicle Emissions,traffic-related air pollution,,,955,Subjects with disease:Myocardial Infarction,total 6 countries,,62.2 years (mean),Both Males and Females,,,,,"air, ambient",Particulate Matter,31.6 micrograms per cubic meter,mean,particulate matter size PM10,Finland|Germany|Greece|Italy|Spain|Sweden,,,,,,,,
19750100,Air Pollution and Inflammatory Response in Myocardial Infarction Survivors: Gene-Environment Interaction in a High Risk Group (AIRGENE),2003-2004,disease | genetics,Environmental,Vehicle Emissions,traffic-related air pollution,,,955,Subjects with disease:Myocardial Infarction,total 6 countries,,62.2 years (mean),Both Males and Females,,,,,"air, ambient",Particulate Matter,21.1 micrograms per cubic meter,25th percentile,particulate matter size PM10,Finland|Germany|Greece|Italy|Spain|Sweden,,,,,,,,
19750100,Air Pollution and Inflammatory Response in Myocardial Infarction Survivors: Gene-Environment Interaction in a High Risk Group (AIRGENE),2003-2004,disease | genetics,Environmental,Vehicle Emissions,traffic-related air pollution,,,955,Subjects with disease:Myocardial Infarction,total 6 countries,,62.2 years (mean),Both Males and Females,,,,,"air, ambient",Particulate Matter,38.4 micrograms per cubic meter,75th percentile,particulate matter size PM10,Finland|Germany|Greece|Italy|Spain|Sweden,,,,,,,,
19750100,Air Pollution and Inflammatory Response in Myocardial Infarction Survivors: Gene-Environment Interaction in a High Risk Group (AIRGENE),2003-2004,disease | genetics,Environmental,Vehicle Emissions,traffic-related air pollution,,,955,Subjects with disease:Myocardial Infarction,total 6 countries,,62.2 years (mean),Both Males and Females,,,,,plasma,IL6,3 picograms per milliliter,mean,,Finland|Germany|Greece|Italy|Spain|Sweden,,,,,,,,
19750100,Air Pollution and Inflammatory Response in Myocardial Infarction Survivors: Gene-Environment Interaction in a High Risk Group (AIRGENE),2003-2004,disease | genetics,Environmental,Vehicle Emissions,traffic-related air pollution,,,955,Subjects with disease:Myocardial Infarction,total 6 countries,,62.2 years (mean),Both Males and Females,,,,,plasma,IL6,0.5 picograms per milliliter,minimum,,Finland|Germany|Greece|Italy|Spain|Sweden,,,,,,,,
19750100,Air Pollution and Inflammatory Response in Myocardial Infarction Survivors: Gene-Environment Interaction in a High Risk Group (AIRGENE),2003-2004,disease | genetics,Environmental,Vehicle Emissions,traffic-related air pollution,,,955,Subjects with disease:Myocardial Infarction,total 6 countries,,62.2 years (mean),Both Males and Females,,,,,plasma,IL6,61.4 picograms per milliliter,maximum,,Finland|Germany|Greece|Italy|Spain|Sweden,,,,,,,,
28355232,CATHeterization GENetics (CATHGEN),2001-2011,genetics,Environmental,Vehicle Emissions,traffic-related air pollution,,,"1,562",Subjects with gene influence:FCAMR,rs1856746 and rs2791713 SNPs in PIGR-FCAMR locus,,61.2 years (mean),40% Males (Only)|60% Females (Only),100% White,Illumina HumanOmni genotyping | residence proximity to major roadways,,,,,,,,United States,North Carolina,,,positive correlation,Coronary Artery Disease,,,
28355232,CATHeterization GENetics (CATHGEN),2001-2011,genetics,Environmental,Vehicle Emissions,traffic-related air pollution,,,"1,562",Subjects with gene influence:PIGR,rs1856746 and rs2791713 SNPs in PIGR-FCAMR locus,,61.2 years (mean),40% Males (Only)|60% Females (Only),100% White,Illumina HumanOmni genotyping | residence proximity to major roadways,,,,,,,,United States,North Carolina,,,positive correlation,Coronary Artery Disease,,,
28355232,CATHeterization GENetics (CATHGEN),2001-2011,genetics,Environmental,Vehicle Emissions,traffic-related air pollution,,,"1,562",Subjects with gene influence:SAMSN1,three intergenic SNPs,,61.2 years (mean),40% Males (Only)|60% Females (Only),100% White,Illumina HumanOmni genotyping | residence proximity to major roadways,,,,,,,,United States,North Carolina,,,positive correlation,Coronary Artery Disease,,,
28417138,European Study of Cohorts for Air Pollution Effects (ESCAPE),2003-2006,,Environmental,Vehicle Emissions,traffic-related air pollution,,,"41,072",Study subjects,participants free of self-reported hypertension at baseline,,,,,Poisson regression | variance estimation,,,"air, ambient",Particulate Matter,,,PM2.5 and PM2.5 absorbance,Denmark|Germany|Norway|Spain|Sweden,,,,positive correlation,Hypertension,,,"RR = 1.22 (95% CI: 1.08, 1.37) per 5 ug/m3 for PM2.5, and RR = 1.13 (95% CI: 1.02, 1.24) for PM2.5 absorbance"
27472911,"Danish Diet, Cancer, and Health Study (DCH)",1984-2011,,Environmental,Vehicle Emissions,traffic-related air pollution,,,"50,399",Study subjects,,,56.2 years (mean),Both Males and Females,,Danish AirGIS modelling system,,,"air, ambient",Nitrogen Dioxide,,,,Denmark,,,,positive correlation,Atrial Fibrillation,,,"incidence rate ratio = 1.08 (95% CI: 1.01, 1.14)"
26884048,,2011-2012,age,Environmental,Vehicle Emissions,"vehicle non-exhaust sources (mineral dust, brake and tires)",,,,Study subjects,in both adults and elderly,,>15 years (range),,,ClearfLo project | emergency hospital admissions,,,"air, ambient",Aluminum,,,,United Kingdom,,London,England,positive correlation,Cardiovascular Diseases,,,
20123637,,2005-2007,,Environmental,Vehicle Emissions,,,,60,Subjects with disease:Coronary Artery Disease,"elderly subjects, cool season",,84.1 years (mean),Both Males and Females,,air sampling,,,"air, outdoor",Particulate Matter,8.65 micrograms per cubic meter,mean,"quasi-ultrafine particles (PM0.25), cool season",United States,California,Los Angeles,,,,,,
20123637,,2005-2007,,Environmental,Vehicle Emissions,,,,60,Subjects with disease:Coronary Artery Disease,"elderly subjects, cool season",,84.1 years (mean),Both Males and Females,,air sampling,,,"air, outdoor",Particulate Matter,3.31 micrograms per cubic meter,miminum,"quasi-ultrafine particles (PM0.25), cool season",United States,California,Los Angeles,,,,,,
20123637,,2005-2007,,Environmental,Vehicle Emissions,,,,60,Subjects with disease:Coronary Artery Disease,"elderly subjects, cool season",,84.1 years (mean),Both Males and Females,,air sampling,,,"air, outdoor",Particulate Matter,19.3 micrograms per cubic meter,maximum,"quasi-ultrafine particles (PM0.25), cool season",United States,California,Los Angeles,,,,,,
20123637,,2005-2007,,Environmental,Vehicle Emissions,,,,60,Subjects with disease:Coronary Artery Disease,"elderly subjects, cool season",,84.1 years (mean),Both Males and Females,,air sampling,,,"air, outdoor",Polycyclic Aromatic Hydrocarbons,1.04 nanograms per cubic meter,mean,cool season,United States,California,Los Angeles,,,,,,
20123637,,2005-2007,,Environmental,Vehicle Emissions,,,,60,Subjects with disease:Coronary Artery Disease,"elderly subjects, cool season",,84.1 years (mean),Both Males and Females,,air sampling,,,"air, outdoor",Polycyclic Aromatic Hydrocarbons,0.4 nanograms per cubic meter,miminum,cool season,United States,California,Los Angeles,,,,,,
20123637,,2005-2007,,Environmental,Vehicle Emissions,,,,60,Subjects with disease:Coronary Artery Disease,"elderly subjects, cool season",,84.1 years (mean),Both Males and Females,,air sampling,,,"air, outdoor",Polycyclic Aromatic Hydrocarbons,2.7 nanograms per cubic meter,maximum,cool season,United States,California,Los Angeles,,,,,,
20123637,,2005-2007,,Environmental,Vehicle Emissions,,,,60,Subjects with disease:Coronary Artery Disease,"elderly subjects, cool season",,84.1 years (mean),Both Males and Females,,air sampling,,,"air, outdoor",hopane,0.25 nanograms per cubic meter,mean,cool season,United States,California,Los Angeles,,,,,,
20123637,,2005-2007,,Environmental,Vehicle Emissions,,,,60,Subjects with disease:Coronary Artery Disease,"elderly subjects, cool season",,84.1 years (mean),Both Males and Females,,air sampling,,,"air, outdoor",hopane,0.06 nanograms per cubic meter,miminum,cool season,United States,California,Los Angeles,,,,,,
20123637,,2005-2007,,Environmental,Vehicle Emissions,,,,60,Subjects with disease:Coronary Artery Disease,"elderly subjects, cool season",,84.1 years (mean),Both Males and Females,,air sampling,,,"air, outdoor",hopane,0.83 nanograms per cubic meter,maximum,cool season,United States,California,Los Angeles,,,,,,
20123637,,2005-2007,,Environmental,Vehicle Emissions,,,,60,Subjects with disease:Coronary Artery Disease,"elderly subjects, cool season",,84.1 years (mean),Both Males and Females,,air sampling,,,"air, outdoor",Alkanes,54.8 nanograms per cubic meter,mean,cool season,United States,California,Los Angeles,,,,,,
20123637,,2005-2007,,Environmental,Vehicle Emissions,,,,60,Subjects with disease:Coronary Artery Disease,"elderly subjects, cool season",,84.1 years (mean),Both Males and Females,,air sampling,,,"air, outdoor",Alkanes,11.7 nanograms per cubic meter,miminum,cool season,United States,California,Los Angeles,,,,,,
20123637,,2005-2007,,Environmental,Vehicle Emissions,,,,60,Subjects with disease:Coronary Artery Disease,"elderly subjects, cool season",,84.1 years (mean),Both Males and Females,,air sampling,,,"air, outdoor",Alkanes,500 nanograms per cubic meter,maximum,cool season,United States,California,Los Angeles,,,,,,
20123637,,2005-2007,,Environmental,Vehicle Emissions,,,,60,Subjects with disease:Coronary Artery Disease,"elderly subjects, cool season",,84.1 years (mean),Both Males and Females,,air sampling | high-resolution inductively coupled plasma mass spectrometry,,,"air, outdoor",Vanadium,2.1 nanograms per cubic meter,mean,cool season,United States,California,Los Angeles,,,,,,
20123637,,2005-2007,,Environmental,Vehicle Emissions,,,,60,Subjects with disease:Coronary Artery Disease,"elderly subjects, cool season",,84.1 years (mean),Both Males and Females,,air sampling | high-resolution inductively coupled plasma mass spectrometry,,,"air, outdoor",Vanadium,0.54 nanograms per cubic meter,miminum,cool season,United States,California,Los Angeles,,,,,,
20123637,,2005-2007,,Environmental,Vehicle Emissions,,,,60,Subjects with disease:Coronary Artery Disease,"elderly subjects, cool season",,84.1 years (mean),Both Males and Females,,air sampling | high-resolution inductively coupled plasma mass spectrometry,,,"air, outdoor",Vanadium,4.25 nanograms per cubic meter,maximum,cool season,United States,California,Los Angeles,,,,,,
20123637,,2005-2007,,Environmental,Vehicle Emissions,,,,60,Subjects with disease:Coronary Artery Disease,"elderly subjects, cool season",,84.1 years (mean),Both Males and Females,,air sampling | high-resolution inductively coupled plasma mass spectrometry,,,"air, outdoor",Chromium,0.26 nanograms per cubic meter,mean,cool season,United States,California,Los Angeles,,,,,,
20123637,,2005-2007,,Environmental,Vehicle Emissions,,,,60,Subjects with disease:Coronary Artery Disease,"elderly subjects, cool season",,84.1 years (mean),Both Males and Females,,air sampling | high-resolution inductively coupled plasma mass spectrometry,,,"air, outdoor",Chromium,1.24 nanograms per cubic meter,maximum,cool season,United States,California,Los Angeles,,,,,,
20123637,,2005-2007,,Environmental,Vehicle Emissions,,,,60,Subjects with disease:Coronary Artery Disease,"elderly subjects, cool season",,84.1 years (mean),Both Males and Females,,air sampling | high-resolution inductively coupled plasma mass spectrometry,,,"air, outdoor",Manganese,2.02 nanograms per cubic meter,mean,cool season,United States,California,Los Angeles,,,,,,
20123637,,2005-2007,,Environmental,Vehicle Emissions,,,,60,Subjects with disease:Coronary Artery Disease,"elderly subjects, cool season",,84.1 years (mean),Both Males and Females,,air sampling | high-resolution inductively coupled plasma mass spectrometry,,,"air, outdoor",Manganese,0.27 nanograms per cubic meter,miminum,cool season,United States,California,Los Angeles,,,,,,
20123637,,2005-2007,,Environmental,Vehicle Emissions,,,,60,Subjects with disease:Coronary Artery Disease,"elderly subjects, cool season",,84.1 years (mean),Both Males and Females,,air sampling | high-resolution inductively coupled plasma mass spectrometry,,,"air, outdoor",Manganese,6.19 nanograms per cubic meter,maximum,cool season,United States,California,Los Angeles,,,,,,
20123637,,2005-2007,,Environmental,Vehicle Emissions,,,,60,Subjects with disease:Coronary Artery Disease,"elderly subjects, cool season",,84.1 years (mean),Both Males and Females,,air sampling | high-resolution inductively coupled plasma mass spectrometry,,,"air, outdoor",Iron,92.5 nanograms per cubic meter,mean,cool season,United States,California,Los Angeles,,,,,,
20123637,,2005-2007,,Environmental,Vehicle Emissions,,,,60,Subjects with disease:Coronary Artery Disease,"elderly subjects, cool season",,84.1 years (mean),Both Males and Females,,air sampling | high-resolution inductively coupled plasma mass spectrometry,,,"air, outdoor",Iron,9.39 nanograms per cubic meter,miminum,cool season,United States,California,Los Angeles,,,,,,
20123637,,2005-2007,,Environmental,Vehicle Emissions,,,,60,Subjects with disease:Coronary Artery Disease,"elderly subjects, cool season",,84.1 years (mean),Both Males and Females,,air sampling | high-resolution inductively coupled plasma mass spectrometry,,,"air, outdoor",Iron,287 nanograms per cubic meter,maximum,cool season,United States,California,Los Angeles,,,,,,
20123637,,2005-2007,,Environmental,Vehicle Emissions,,,,60,Subjects with disease:Coronary Artery Disease,"elderly subjects, cool season",,84.1 years (mean),Both Males and Females,,air sampling | high-resolution inductively coupled plasma mass spectrometry,,,"air, outdoor",Nickel,0.2 nanograms per cubic meter,mean,cool season,United States,California,Los Angeles,,,,,,
20123637,,2005-2007,,Environmental,Vehicle Emissions,,,,60,Subjects with disease:Coronary Artery Disease,"elderly subjects, cool season",,84.1 years (mean),Both Males and Females,,air sampling | high-resolution inductively coupled plasma mass spectrometry,,,"air, outdoor",Nickel,1.44 nanograms per cubic meter,maximum,cool season,United States,California,Los Angeles,,,,,,
20123637,,2005-2007,,Environmental,Vehicle Emissions,,,,60,Subjects with disease:Coronary Artery Disease,"elderly subjects, cool season",,84.1 years (mean),Both Males and Females,,air sampling | high-resolution inductively coupled plasma mass spectrometry,,,"air, outdoor",Copper,4.69 nanograms per cubic meter,mean,cool season,United States,California,Los Angeles,,,,,,
20123637,,2005-2007,,Environmental,Vehicle Emissions,,,,60,Subjects with disease:Coronary Artery Disease,"elderly subjects, cool season",,84.1 years (mean),Both Males and Females,,air sampling | high-resolution inductively coupled plasma mass spectrometry,,,"air, outdoor",Copper,0.43 nanograms per cubic meter,miminum,cool season,United States,California,Los Angeles,,,,,,
20123637,,2005-2007,,Environmental,Vehicle Emissions,,,,60,Subjects with disease:Coronary Artery Disease,"elderly subjects, cool season",,84.1 years (mean),Both Males and Females,,air sampling | high-resolution inductively coupled plasma mass spectrometry,,,"air, outdoor",Copper,11.3 nanograms per cubic meter,maximum,cool season,United States,California,Los Angeles,,,,,,
20123637,,2005-2007,,Environmental,Vehicle Emissions,,,,60,Subjects with disease:Coronary Artery Disease,"elderly subjects, cool season",,84.1 years (mean),Both Males and Females,,air sampling | high-resolution inductively coupled plasma mass spectrometry,,,"air, outdoor",Zinc,6.08 nanograms per cubic meter,mean,cool season,United States,California,Los Angeles,,,,,,
20123637,,2005-2007,,Environmental,Vehicle Emissions,,,,60,Subjects with disease:Coronary Artery Disease,"elderly subjects, cool season",,84.1 years (mean),Both Males and Females,,air sampling | high-resolution inductively coupled plasma mass spectrometry,,,"air, outdoor",Zinc,1.75 nanograms per cubic meter,miminum,cool season,United States,California,Los Angeles,,,,,,
20123637,,2005-2007,,Environmental,Vehicle Emissions,,,,60,Subjects with disease:Coronary Artery Disease,"elderly subjects, cool season",,84.1 years (mean),Both Males and Females,,air sampling | high-resolution inductively coupled plasma mass spectrometry,,,"air, outdoor",Zinc,13 nanograms per cubic meter,maximum,cool season,United States,California,Los Angeles,,,,,,
20123637,,2005-2007,,Environmental,Vehicle Emissions,,,,60,Subjects with disease:Coronary Artery Disease,"elderly subjects, warm season",,84.1 years (mean),Both Males and Females,,air sampling,,,"air, outdoor",Particulate Matter,9.51 micrograms per cubic meter,mean,"quasi-ultrafine particles (PM0.25), warm season",United States,California,Los Angeles,,,,,,
20123637,,2005-2007,,Environmental,Vehicle Emissions,,,,60,Subjects with disease:Coronary Artery Disease,"elderly subjects, warm season",,84.1 years (mean),Both Males and Females,,air sampling,,,"air, outdoor",Particulate Matter,4.67 micrograms per cubic meter,miminum,"quasi-ultrafine particles (PM0.25), warm season",United States,California,Los Angeles,,,,,,
20123637,,2005-2007,,Environmental,Vehicle Emissions,,,,60,Subjects with disease:Coronary Artery Disease,"elderly subjects, warm season",,84.1 years (mean),Both Males and Females,,air sampling,,,"air, outdoor",Particulate Matter,14.7 micrograms per cubic meter,maximum,"quasi-ultrafine particles (PM0.25), warm season",United States,California,Los Angeles,,,,,,
20123637,,2005-2007,,Environmental,Vehicle Emissions,,,,60,Subjects with disease:Coronary Artery Disease,"elderly subjects, warm season",,84.1 years (mean),Both Males and Females,,air sampling,,,"air, outdoor",Polycyclic Aromatic Hydrocarbons,0.88 nanograms per cubic meter,mean,warm season,United States,California,Los Angeles,,,,,,
20123637,,2005-2007,,Environmental,Vehicle Emissions,,,,60,Subjects with disease:Coronary Artery Disease,"elderly subjects, warm season",,84.1 years (mean),Both Males and Females,,air sampling,,,"air, outdoor",Polycyclic Aromatic Hydrocarbons,0.4 nanograms per cubic meter,miminum,warm season,United States,California,Los Angeles,,,,,,
20123637,,2005-2007,,Environmental,Vehicle Emissions,,,,60,Subjects with disease:Coronary Artery Disease,"elderly subjects, warm season",,84.1 years (mean),Both Males and Females,,air sampling,,,"air, outdoor",Polycyclic Aromatic Hydrocarbons,1.75 nanograms per cubic meter,maximum,warm season,United States,California,Los Angeles,,,,,,
20123637,,2005-2007,,Environmental,Vehicle Emissions,,,,60,Subjects with disease:Coronary Artery Disease,"elderly subjects, warm season",,84.1 years (mean),Both Males and Females,,air sampling,,,"air, outdoor",hopane,0.27 nanograms per cubic meter,mean,warm season,United States,California,Los Angeles,,,,,,
20123637,,2005-2007,,Environmental,Vehicle Emissions,,,,60,Subjects with disease:Coronary Artery Disease,"elderly subjects, warm season",,84.1 years (mean),Both Males and Females,,air sampling,,,"air, outdoor",hopane,0.06 nanograms per cubic meter,miminum,warm season,United States,California,Los Angeles,,,,,,
20123637,,2005-2007,,Environmental,Vehicle Emissions,,,,60,Subjects with disease:Coronary Artery Disease,"elderly subjects, warm season",,84.1 years (mean),Both Males and Females,,air sampling,,,"air, outdoor",hopane,1.57 nanograms per cubic meter,maximum,warm season,United States,California,Los Angeles,,,,,,
20123637,,2005-2007,,Environmental,Vehicle Emissions,,,,60,Subjects with disease:Coronary Artery Disease,"elderly subjects, warm season",,84.1 years (mean),Both Males and Females,,air sampling,,,"air, outdoor",Alkanes,36.3 nanograms per cubic meter,mean,warm season,United States,California,Los Angeles,,,,,,
20123637,,2005-2007,,Environmental,Vehicle Emissions,,,,60,Subjects with disease:Coronary Artery Disease,"elderly subjects, warm season",,84.1 years (mean),Both Males and Females,,air sampling,,,"air, outdoor",Alkanes,9.9 nanograms per cubic meter,miminum,warm season,United States,California,Los Angeles,,,,,,
20123637,,2005-2007,,Environmental,Vehicle Emissions,,,,60,Subjects with disease:Coronary Artery Disease,"elderly subjects, warm season",,84.1 years (mean),Both Males and Females,,air sampling,,,"air, outdoor",Alkanes,81.2 nanograms per cubic meter,maximum,warm season,United States,California,Los Angeles,,,,,,
20123637,,2005-2007,,Environmental,Vehicle Emissions,,,,60,Subjects with disease:Coronary Artery Disease,"elderly subjects, warm season",,84.1 years (mean),Both Males and Females,,air sampling | high-resolution inductively coupled plasma mass spectrometry,,,"air, outdoor",Vanadium,4.83 nanograms per cubic meter,mean,warm season,United States,California,Los Angeles,,,,,,
20123637,,2005-2007,,Environmental,Vehicle Emissions,,,,60,Subjects with disease:Coronary Artery Disease,"elderly subjects, warm season",,84.1 years (mean),Both Males and Females,,air sampling | high-resolution inductively coupled plasma mass spectrometry,,,"air, outdoor",Vanadium,1.66 nanograms per cubic meter,miminum,warm season,United States,California,Los Angeles,,,,,,
20123637,,2005-2007,,Environmental,Vehicle Emissions,,,,60,Subjects with disease:Coronary Artery Disease,"elderly subjects, warm season",,84.1 years (mean),Both Males and Females,,air sampling | high-resolution inductively coupled plasma mass spectrometry,,,"air, outdoor",Vanadium,11.3 nanograms per cubic meter,maximum,warm season,United States,California,Los Angeles,,,,,,
20123637,,2005-2007,,Environmental,Vehicle Emissions,,,,60,Subjects with disease:Coronary Artery Disease,"elderly subjects, warm season",,84.1 years (mean),Both Males and Females,,air sampling | high-resolution inductively coupled plasma mass spectrometry,,,"air, outdoor",Chromium,10.2 nanograms per cubic meter,mean,warm season,United States,California,Los Angeles,,,,,,
20123637,,2005-2007,,Environmental,Vehicle Emissions,,,,60,Subjects with disease:Coronary Artery Disease,"elderly subjects, warm season",,84.1 years (mean),Both Males and Females,,air sampling | high-resolution inductively coupled plasma mass spectrometry,,,"air, outdoor",Chromium,139 nanograms per cubic meter,maximum,warm season,United States,California,Los Angeles,,,,,,
20123637,,2005-2007,,Environmental,Vehicle Emissions,,,,60,Subjects with disease:Coronary Artery Disease,"elderly subjects, warm season",,84.1 years (mean),Both Males and Females,,air sampling | high-resolution inductively coupled plasma mass spectrometry,,,"air, outdoor",Manganese,3.09 nanograms per cubic meter,mean,warm season,United States,California,Los Angeles,,,,,,
20123637,,2005-2007,,Environmental,Vehicle Emissions,,,,60,Subjects with disease:Coronary Artery Disease,"elderly subjects, warm season",,84.1 years (mean),Both Males and Females,,air sampling | high-resolution inductively coupled plasma mass spectrometry,,,"air, outdoor",Manganese,13.8 nanograms per cubic meter,maximum,warm season,United States,California,Los Angeles,,,,,,
20123637,,2005-2007,,Environmental,Vehicle Emissions,,,,60,Subjects with disease:Coronary Artery Disease,"elderly subjects, warm season",,84.1 years (mean),Both Males and Females,,air sampling | high-resolution inductively coupled plasma mass spectrometry,,,"air, outdoor",Iron,144 nanograms per cubic meter,mean,warm season,United States,California,Los Angeles,,,,,,
20123637,,2005-2007,,Environmental,Vehicle Emissions,,,,60,Subjects with disease:Coronary Artery Disease,"elderly subjects, warm season",,84.1 years (mean),Both Males and Females,,air sampling | high-resolution inductively coupled plasma mass spectrometry,,,"air, outdoor",Iron,588 nanograms per cubic meter,maximum,warm season,United States,California,Los Angeles,,,,,,
20123637,,2005-2007,,Environmental,Vehicle Emissions,,,,60,Subjects with disease:Coronary Artery Disease,"elderly subjects, warm season",,84.1 years (mean),Both Males and Females,,air sampling | high-resolution inductively coupled plasma mass spectrometry,,,"air, outdoor",Nickel,7.21 nanograms per cubic meter,mean,warm season,United States,California,Los Angeles,,,,,,
20123637,,2005-2007,,Environmental,Vehicle Emissions,,,,60,Subjects with disease:Coronary Artery Disease,"elderly subjects, warm season",,84.1 years (mean),Both Males and Females,,air sampling | high-resolution inductively coupled plasma mass spectrometry,,,"air, outdoor",Nickel,82.8 nanograms per cubic meter,maximum,warm season,United States,California,Los Angeles,,,,,,
20123637,,2005-2007,,Environmental,Vehicle Emissions,,,,60,Subjects with disease:Coronary Artery Disease,"elderly subjects, warm season",,84.1 years (mean),Both Males and Females,,air sampling | high-resolution inductively coupled plasma mass spectrometry,,,"air, outdoor",Copper,6.45 nanograms per cubic meter,mean,warm season,United States,California,Los Angeles,,,,,,
20123637,,2005-2007,,Environmental,Vehicle Emissions,,,,60,Subjects with disease:Coronary Artery Disease,"elderly subjects, warm season",,84.1 years (mean),Both Males and Females,,air sampling | high-resolution inductively coupled plasma mass spectrometry,,,"air, outdoor",Copper,0.35 nanograms per cubic meter,miminum,warm season,United States,California,Los Angeles,,,,,,
20123637,,2005-2007,,Environmental,Vehicle Emissions,,,,60,Subjects with disease:Coronary Artery Disease,"elderly subjects, warm season",,84.1 years (mean),Both Males and Females,,air sampling | high-resolution inductively coupled plasma mass spectrometry,,,"air, outdoor",Copper,16 nanograms per cubic meter,maximum,warm season,United States,California,Los Angeles,,,,,,
20123637,,2005-2007,,Environmental,Vehicle Emissions,,,,60,Subjects with disease:Coronary Artery Disease,"elderly subjects, warm season",,84.1 years (mean),Both Males and Females,,air sampling | high-resolution inductively coupled plasma mass spectrometry,,,"air, outdoor",Zinc,6.88 nanograms per cubic meter,mean,warm season,United States,California,Los Angeles,,,,,,
20123637,,2005-2007,,Environmental,Vehicle Emissions,,,,60,Subjects with disease:Coronary Artery Disease,"elderly subjects, warm season",,84.1 years (mean),Both Males and Females,,air sampling | high-resolution inductively coupled plasma mass spectrometry,,,"air, outdoor",Zinc,15.8 nanograms per cubic meter,maximum,warm season,United States,California,Los Angeles,,,,,,
27460097,,2012-2014,,Environmental,Vehicle Emissions,,,,93,Study subjects,,100% Non-smoker,74.9 years (mean),27% Males (Only)|73% Females (Only),10% Asian|12% Black|10% Hispanic|5% Other|63% White,plethysmography,,,"air, ambient",Soot,,,,United States,California,Los Angeles,,positive correlation,Hyperemia,,,"IQR change increase in 5-day average soot associated with decreased reactive hyperemia index = -0.093 (95% CI: -0.151, -0.035)"
25810064,,2012-2013,disease,,Vitamin D,,,,114,Subjects with disease:Hypertension,subset of pateints with both ischemic stroke and hypertension,,,,,enzyme immunoassay | logistic regression analyses,,,serum,25-hydroxyvitamin D,,,,India,,Bangalore,,negative correlation,Ischemic Stroke,,,"hypertensives with low 25-hydroxyvitamin D had high risk of ischemic stroke with OR = 13.54 (95% CI: 1.94, 94.43), compared tp those with high 25-hydroxyvitamin D levels with OR = 0.22 (95% CI: 0.01, 4.08)"
25810064,,2012-2013,disease,,Vitamin D,,,,114,Subjects with disease:Ischemic Stroke,subset of pateints with both ischemic stroke and hypertension,,,,,enzyme immunoassay | logistic regression analyses,,,serum,25-hydroxyvitamin D,,,,India,,Bangalore,,negative correlation,Ischemic Stroke,,,"hypertensives with low 25-hydroxyvitamin D had high risk of ischemic stroke with OR = 13.54 (95% CI: 1.94, 94.43), compared tp those with high 25-hydroxyvitamin D levels with OR = 0.22 (95% CI: 0.01, 4.08)"
25810064,,2012-2013,disease,,Vitamin D,,,,239,Subjects with disease:Ischemic Stroke,,68% Never smoker,47.82 years (mean),75% Males (Only)|25% Females (Only),,enzyme immunoassay | logistic regression analyses,,,serum,25-hydroxyvitamin D,17.99 nanograms per milliliter,mean,,India,,Bangalore,,,,,,
25810064,,2012-2013,disease,,Vitamin D,,,,241,Controls for disease:Ischemic Stroke,,82% Never smoker,46.43 years (mean),71% Males (Only)|29% Females (Only),,enzyme immunoassay | logistic regression analyses,,,serum,25-hydroxyvitamin D,18.49 nanograms per milliliter,mean,,India,,Bangalore,,,,,,
24599155,,2012-2013,age | disease,,Vitamin D,,,,420,Subjects with disease:Cerebral Infarction,,,,,,liquid chromatography-tandem mass spectrometry,,,serum,25-Hydroxyvitamin D 2,0.7 nanograms per milliliter,median,"25(OH)D2, significant between subgroups",China,,,,,,,,
24599155,,2012-2013,age | disease,,Vitamin D,,,,420,Subjects with disease:Cerebral Infarction,,,,,,liquid chromatography-tandem mass spectrometry,,,serum,Calcifediol,12 nanograms per milliliter,median,"25(OH)D3, significant between subgroups",China,,,,,,,,
24599155,,2012-2013,age | disease,,Vitamin D,,,,757,Subjects with disease:Hypertension,,,,,,liquid chromatography-tandem mass spectrometry,,,serum,25-Hydroxyvitamin D 2,1.1 nanograms per milliliter,median,"25(OH)D2, significant between subgroups",China,,,,,,,,
24599155,,2012-2013,age | disease,,Vitamin D,,,,757,Subjects with disease:Hypertension,,,,,,liquid chromatography-tandem mass spectrometry,,,serum,Calcifediol,13 nanograms per milliliter,median,"25(OH)D3, significant between subgroups",China,,,,,,,,
24599155,,2012-2013,age | disease,,Vitamin D,,,,"1,231",Subjects with disease:Coronary Disease,,,,,,liquid chromatography-tandem mass spectrometry,,,serum,25-Hydroxyvitamin D 2,1.3 nanograms per milliliter,median,"25(OH)D2, significant between subgroups",China,,,,,,,,
24599155,,2012-2013,age | disease,,Vitamin D,,,,"1,231",Subjects with disease:Coronary Disease,,,,,,liquid chromatography-tandem mass spectrometry,,,serum,Calcifediol,11.7 nanograms per milliliter,median,"25(OH)D3, significant between subgroups",China,,,,,,,,
24552493,,1979-2008,diet,Dietary,"Water Pollutants, Chemical",two solvent-contaminated drinking water systems,,,"154,932",Military personnel,"marines stationed at Camp Lejeune during period of contaminated water systems, mortality follow-up during 1979-2008",,49 years (median),95% Males (Only)|5% Females (Only),24% Black|3% Other|73% White,mortality follow-up,,,,,,,,United States,North Carolina,US Marine Corps Base Camp Lejeune,compared to Camp Pendleton control cohorts,positive correlation,Multiple Myeloma,,,"multiple myeloma mortality HR = 1.68 (95% CI: 0.76, 3.72)"
21193387,,2002-2004,,Environmental,Zinc,"Air Pollutants, Traffic Pollution",,,,,,,,,,energy dispersive x-ray fluorescence | filter sampling | reflectometry,,,air,Zinc,,,,United States,Washingtom,Seattle,"Particulate Matter <= 2.5 microns, cold season",positive correlation,Cardiovascular Diseases,,,
16299096,,1998-1999,,Environmental,Zinc,personal,225,,36,Subjects with disease:Cardiovascular Diseases,,Non-smoker,50-84 years (range),,,energy dispersive x-ray fluorescence,,,air,Zinc,13.2 nanograms per cubic meter,median,personal exposure monitoring,Netherlands,,Amsterdam,,,,,,
16299096,,1998-1999,,Environmental,Zinc,personal,225,,36,Subjects with disease:Cardiovascular Diseases,,Non-smoker,50-84 years (range),,,energy dispersive x-ray fluorescence,,,air,Zinc,1.5 nanograms per cubic meter,minimum,personal exposure monitoring,Netherlands,,Amsterdam,,,,,,
16299096,,1998-1999,,Environmental,Zinc,personal,225,,36,Subjects with disease:Cardiovascular Diseases,,Non-smoker,50-84 years (range),,,energy dispersive x-ray fluorescence,,,air,Zinc,145.9 nanograms per cubic meter,maximum,personal exposure monitoring,Netherlands,,Amsterdam,,,,,,
16299096,,1998-1999,,Environmental,Zinc,personal,238,,46,Subjects with disease:Cardiovascular Diseases,,Non-smoker,50-84 years (range),,,energy dispersive x-ray fluorescence,,,air,Zinc,11.7 nanograms per cubic meter,median,personal exposure monitoring,Finland,,Helinski,,,,,,
16299096,,1998-1999,,Environmental,Zinc,personal,238,,46,Subjects with disease:Cardiovascular Diseases,,Non-smoker,50-84 years (range),,,energy dispersive x-ray fluorescence,,,air,Zinc,2.9 nanograms per cubic meter,minimum,personal exposure monitoring,Finland,,Helinski,,,,,,
16299096,,1998-1999,,Environmental,Zinc,personal,238,,46,Subjects with disease:Cardiovascular Diseases,,Non-smoker,50-84 years (range),,,energy dispersive x-ray fluorescence,,,air,Zinc,66.1 nanograms per cubic meter,maximum,personal exposure monitoring,Finland,,Helinski,,,,,,
25867198,,2013-2014,,Environmental,Zinc,,,,142,Controls for disease:Hypertension,,,50-75 years (range),100% Males (Only),,inductively coupled argon plasma optical emission spectrometry,,,serum,Zinc,0.89 milligrams per liter,arithmetic mean,,Poland,,,,,,,,
25867198,,2013-2014,,Environmental,Zinc,,,,142,Controls for disease:Hypertension,,,50-75 years (range),100% Males (Only),,inductively coupled argon plasma optical emission spectrometry,,,serum,Zinc,0.88 milligrams per liter,median,,Poland,,,,,,,,
25867198,,2013-2014,,Environmental,Zinc,,,,142,Controls for disease:Hypertension,,,50-75 years (range),100% Males (Only),,inductively coupled argon plasma optical emission spectrometry,,,serum,Zinc,0.64 milligrams per liter,minimum,,Poland,,,,,,,,
25867198,,2013-2014,,Environmental,Zinc,,,,142,Controls for disease:Hypertension,,,50-75 years (range),100% Males (Only),,inductively coupled argon plasma optical emission spectrometry,,,serum,Zinc,1.29 milligrams per liter,maximum,,Poland,,,,,,,,
25867198,,2013-2014,,Environmental,Zinc,,,,171,Subjects with disease:Hypertension,,,50-75 years (range),100% Males (Only),,inductively coupled argon plasma optical emission spectrometry,,,serum,Zinc,0.88 milligrams per liter,arithmetic mean,,Poland,,,,,,,,
25867198,,2013-2014,,Environmental,Zinc,,,,171,Subjects with disease:Hypertension,,,50-75 years (range),100% Males (Only),,inductively coupled argon plasma optical emission spectrometry,,,serum,Zinc,0.88 milligrams per liter,median,,Poland,,,,,,,,
25867198,,2013-2014,,Environmental,Zinc,,,,171,Subjects with disease:Hypertension,,,50-75 years (range),100% Males (Only),,inductively coupled argon plasma optical emission spectrometry,,,serum,Zinc,0.54 milligrams per liter,minimum,,Poland,,,,,,,,
25867198,,2013-2014,,Environmental,Zinc,,,,171,Subjects with disease:Hypertension,,,50-75 years (range),100% Males (Only),,inductively coupled argon plasma optical emission spectrometry,,,serum,Zinc,1.41 milligrams per liter,maximum,,Poland,,,,,,,,
29064788,Dongfeng-Tongji (DFTJ) Cohort,2008-2010,,Occupational,Zinc,,,,"1,621",Controls for disease:Coronary Disease,employed at Dongfeng Motor Corporation,19% Current smoker|11% Former smoker|70% Never smoker,65.6 years (mean),49% Males (Only)|51% Females (Only),,inductively coupled plasma mass spectrometry,,,plasma,Zinc,1193.53 micrograms per liter,median,,China,,Shiyan,,,,,,
29064788,Dongfeng-Tongji (DFTJ) Cohort,2008-2010,,Occupational,Zinc,,,,"1,621",Controls for disease:Coronary Disease,employed at Dongfeng Motor Corporation,19% Current smoker|11% Former smoker|70% Never smoker,65.6 years (mean),49% Males (Only)|51% Females (Only),,inductively coupled plasma mass spectrometry,,,plasma,Zinc,1014.72 micrograms per liter,25th percentile,,China,,Shiyan,,,,,,
29064788,Dongfeng-Tongji (DFTJ) Cohort,2008-2010,,Occupational,Zinc,,,,"1,621",Controls for disease:Coronary Disease,employed at Dongfeng Motor Corporation,19% Current smoker|11% Former smoker|70% Never smoker,65.6 years (mean),49% Males (Only)|51% Females (Only),,inductively coupled plasma mass spectrometry,,,plasma,Zinc,2623.69 micrograms per liter,75th percentile,,China,,Shiyan,,,,,,
29064788,Dongfeng-Tongji (DFTJ) Cohort,2008-2010,,Occupational,Zinc,,,,"1,621",Subjects with disease:Coronary Disease,employed at Dongfeng Motor Corporation,21% Current smoker|13% Former smoker|66% Never smoker,65.7 years (mean),49% Males (Only)|51% Females (Only),,inductively coupled plasma mass spectrometry,,,plasma,Zinc,1245.56 micrograms per liter,median,,China,,Shiyan,,,,,,
29064788,Dongfeng-Tongji (DFTJ) Cohort,2008-2010,,Occupational,Zinc,,,,"1,621",Subjects with disease:Coronary Disease,employed at Dongfeng Motor Corporation,21% Current smoker|13% Former smoker|66% Never smoker,65.7 years (mean),49% Males (Only)|51% Females (Only),,inductively coupled plasma mass spectrometry,,,plasma,Zinc,1040.06 micrograms per liter,25th percentile,,China,,Shiyan,,,,,,
29064788,Dongfeng-Tongji (DFTJ) Cohort,2008-2010,,Occupational,Zinc,,,,"1,621",Subjects with disease:Coronary Disease,employed at Dongfeng Motor Corporation,21% Current smoker|13% Former smoker|66% Never smoker,65.7 years (mean),49% Males (Only)|51% Females (Only),,inductively coupled plasma mass spectrometry,,,plasma,Zinc,3012.34 micrograms per liter,75th percentile,,China,,Shiyan,,,,,,
